row_type,hypothesis_id,symbol,asset_class,state,horizon_bars,segment,partition,reason_signature,momentum_state,sampling_view,count,sample_count,mean_forward_return,median_forward_return,min_forward_return,max_forward_return,positive_count,negative_count,zero_count,episode_count,mean_delta,median_delta,delta_reference,length_min,length_median,length_max,share_largest_episode,share_three_largest,mean_delta_sign,median_delta_sign,timestamp,bars_since_previous_cross,status_h1,return_h1,status_h5,return_h5,status_h20,return_h20
episode_summary,trend_alignment,SPY,equity,bullish,,,,,,,1709,,,,,,,,,26,,,,3,54.5,237,0.13867758923346987,0.26916325336454067,,,,,,,,,,
episode_start,trend_alignment,SPY,equity,bullish,1,,,,,episode_start,26,26,-0.00020184083620091635,0.00011527456382187662,-0.011999789245307646,0.013795307262334244,14,12,0,26,,,,,,,,,,,,,,,,,,
episode_start,trend_alignment,SPY,equity,bullish,5,,,,,episode_start,26,26,-0.0001139539850717549,0.0011670747428768058,-0.04752737403512497,0.024629232242005417,16,10,0,26,,,,,,,,,,,,,,,,,,
episode_start,trend_alignment,SPY,equity,bullish,20,,,,,episode_start,26,26,0.005634326365630356,0.012505429930581458,-0.08532137479403046,0.06662931523008031,16,10,0,26,,,,,,,,,,,,,,,,,,
episode_summary,trend_alignment,SPY,equity,bearish,,,,,,,724,,,,,,,,,23,,,,2,22.0,72,0.09944751381215469,0.26657458563535913,,,,,,,,,,
episode_start,trend_alignment,SPY,equity,bearish,1,,,,,episode_start,23,23,0.00025930265032927583,3.569307351969364e-05,-0.01933274167988286,0.024016281090541547,12,11,0,23,,,,,,,,,,,,,,,,,,
episode_start,trend_alignment,SPY,equity,bearish,5,,,,,episode_start,23,23,-0.003286840887607339,0.006153873415206235,-0.1004001066684278,0.03762560558432648,13,10,0,23,,,,,,,,,,,,,,,,,,
episode_start,trend_alignment,SPY,equity,bearish,20,,,,,episode_start,23,23,-0.006090020374631568,-0.002473855329105601,-0.19289794403109595,0.07208099495047882,11,12,0,23,,,,,,,,,,,,,,,,,,
episode_summary,trend_alignment,SPY,equity,neutral,,,,,,,83,,,,,,,,,39,,,,1,1.0,9,0.10843373493975904,0.27710843373493976,,,,,,,,,,
episode_start,trend_alignment,SPY,equity,neutral,1,,,,,episode_start,39,39,0.0032411279771208876,0.0014355507793102351,-0.012944505019818364,0.02201747792330533,27,12,0,39,,,,,,,,,,,,,,,,,,
episode_start,trend_alignment,SPY,equity,neutral,5,,,,,episode_start,39,39,0.0044095280177287016,0.006553992427181798,-0.0578204036710418,0.03374015527593688,26,13,0,39,,,,,,,,,,,,,,,,,,
episode_start,trend_alignment,SPY,equity,neutral,20,,,,,episode_start,39,39,0.0031495588936033803,0.010342633533480416,-0.1580099173158248,0.0634368082995802,23,16,0,39,,,,,,,,,,,,,,,,,,
episode_summary,momentum_in_trend_context,SPY,equity,bullish,,,,,,,1189,,,,,,,,,103,,,,1,7.0,60,0.050462573591253154,0.13372582001682085,,,,,,,,,,
episode_start,momentum_in_trend_context,SPY,equity,bullish,1,,,,,episode_start,103,103,-0.0007693807261227754,-0.0003753757576251404,-0.033572609261206754,0.014081232703867963,48,54,1,103,,,,,,,,,,,,,,,,,,
episode_start,momentum_in_trend_context,SPY,equity,bullish,5,,,,,episode_start,103,103,0.0014294513073034353,0.004112090972584248,-0.054770024126488126,0.030324522414209687,65,38,0,103,,,,,,,,,,,,,,,,,,
episode_start,momentum_in_trend_context,SPY,equity,bullish,20,,,,,episode_start,103,103,0.010516948029006375,0.013351071244918966,-0.12265433282794513,0.09704902385998881,72,31,0,103,,,,,,,,,,,,,,,,,,
episode_summary,momentum_in_trend_context,SPY,equity,bearish,,,,,,,279,,,,,,,,,63,,,,1,2.0,18,0.06451612903225806,0.18996415770609318,,,,,,,,,,
episode_start,momentum_in_trend_context,SPY,equity,bearish,1,,,,,episode_start,63,63,0.0017700656599738654,0.0013726276906806945,-0.028084800046389802,0.02708103643514259,37,26,0,63,,,,,,,,,,,,,,,,,,
episode_start,momentum_in_trend_context,SPY,equity,bearish,5,,,,,episode_start,63,63,0.001283375272919983,0.0052986096463016885,-0.07149009987149357,0.11762305171795329,36,27,0,63,,,,,,,,,,,,,,,,,,
episode_start,momentum_in_trend_context,SPY,equity,bearish,20,,,,,episode_start,63,63,0.019853321045287683,0.025179802121892525,-0.1580099173158248,0.18471392835743772,43,20,0,63,,,,,,,,,,,,,,,,,,
episode_summary,momentum_in_trend_context,SPY,equity,neutral,,,,,,,1048,,,,,,,,,167,,,,1,3.0,36,0.03435114503816794,0.09923664122137404,,,,,,,,,,
episode_start,momentum_in_trend_context,SPY,equity,neutral,1,,,,,episode_start,167,167,-0.0003789316603299509,0.0005830162944717721,-0.034814478355343126,0.01859784810769538,98,68,1,167,,,,,,,,,,,,,,,,,,
episode_start,momentum_in_trend_context,SPY,equity,neutral,5,,,,,episode_start,167,167,0.0016187347028836813,0.004510855487326548,-0.0831837707009353,0.04582563218074198,95,72,0,167,,,,,,,,,,,,,,,,,,
episode_start,momentum_in_trend_context,SPY,equity,neutral,20,,,,,episode_start,167,167,0.013745188143046889,0.018099543251071992,-0.2919477852327189,0.11726614461731422,119,48,0,167,,,,,,,,,,,,,,,,,,
episode_summary,trend_crossover,SPY,equity,bullish,,,,,,,25,,,,,,,,,25,,,,1,1.0,1,0.04,0.12,,,,,,,,,,
episode_start,trend_crossover,SPY,equity,bullish,1,,,,,episode_start,25,25,0.000885358170759174,0.0012544970173025138,-0.009225294805052964,0.013337337118619619,15,10,0,25,,,,,,,,,,,,,,,,,,
episode_start,trend_crossover,SPY,equity,bullish,5,,,,,episode_start,25,25,0.0006508129762274528,0.0025591477986508515,-0.04752737403512497,0.021688683428193745,16,9,0,25,,,,,,,,,,,,,,,,,,
episode_start,trend_crossover,SPY,equity,bullish,20,,,,,episode_start,25,25,0.006407693000208767,0.011075732685912554,-0.08532137479403046,0.06662931523008031,16,9,0,25,,,,,,,,,,,,,,,,,,
episode_summary,trend_crossover,SPY,equity,bearish,,,,,,,25,,,,,,,,,25,,,,1,1.0,1,0.04,0.12,,,,,,,,,,
episode_start,trend_crossover,SPY,equity,bearish,1,,,,,episode_start,25,25,0.0029831942587572025,0.0018090436491438044,-0.016654556901344097,0.02201747792330533,16,9,0,25,,,,,,,,,,,,,,,,,,
episode_start,trend_crossover,SPY,equity,bearish,5,,,,,episode_start,25,25,-0.003864463431629508,0.006348915634953434,-0.10435693934476165,0.03762560558432648,14,11,0,25,,,,,,,,,,,,,,,,,,
episode_start,trend_crossover,SPY,equity,bearish,20,,,,,episode_start,25,25,-0.005138937235056251,-0.00411817281909832,-0.1580099173158248,0.07208099495047882,11,14,0,25,,,,,,,,,,,,,,,,,,
episode_summary,trend_crossover,SPY,equity,neutral,,,,,,,2466,,,,,,,,,50,,,,1,39.5,236,0.09570154095701541,0.18775344687753448,,,,,,,,,,
episode_start,trend_crossover,SPY,equity,neutral,1,,,,,episode_start,50,50,-0.0002524104645671876,-0.0006553089066725359,-0.01601793313290023,0.02872353354756907,21,29,0,50,,,,,,,,,,,,,,,,,,
episode_start,trend_crossover,SPY,equity,neutral,5,,,,,episode_start,50,50,-0.002739398304752194,0.00043188879965982974,-0.1004001066684278,0.0435586088452371,27,23,0,50,,,,,,,,,,,,,,,,,,
episode_start,trend_crossover,SPY,equity,neutral,20,,,,,episode_start,50,50,-0.0006220765376325365,0.0035291215589571268,-0.19289794403109595,0.09184742074419816,27,23,0,50,,,,,,,,,,,,,,,,,,
episode_summary,trend_alignment,QQQ,equity,bullish,,,,,,,1732,,,,,,,,,27,,,,3,45.0,151,0.08718244803695151,0.25,,,,,,,,,,
episode_start,trend_alignment,QQQ,equity,bullish,1,,,,,episode_start,27,27,0.0012821106309666768,0.0016162368747119071,-0.02678081689706513,0.015795496949454035,16,11,0,27,,,,,,,,,,,,,,,,,,
episode_start,trend_alignment,QQQ,equity,bullish,5,,,,,episode_start,27,27,0.0015785872700761585,0.0012684640991533769,-0.04555034997179919,0.041780335386589984,16,11,0,27,,,,,,,,,,,,,,,,,,
episode_start,trend_alignment,QQQ,equity,bullish,20,,,,,episode_start,27,27,0.005618214880344443,0.018155837308396316,-0.11924222035721344,0.06044647386293356,17,10,0,27,,,,,,,,,,,,,,,,,,
episode_summary,trend_alignment,QQQ,equity,bearish,,,,,,,722,,,,,,,,,25,,,,4,23.0,73,0.10110803324099724,0.26869806094182824,,,,,,,,,,
episode_start,trend_alignment,QQQ,equity,bearish,1,,,,,episode_start,25,25,0.0006851318107006721,0.005385648217216099,-0.032283014559627676,0.020503166735295508,15,10,0,25,,,,,,,,,,,,,,,,,,
episode_start,trend_alignment,QQQ,equity,bearish,5,,,,,episode_start,25,25,0.00033806648653749604,0.0044295792169188886,-0.08633060540229243,0.04396935009284153,15,10,0,25,,,,,,,,,,,,,,,,,,
episode_start,trend_alignment,QQQ,equity,bearish,20,,,,,episode_start,25,25,0.018492100948235165,0.028533892335308675,-0.07743426313887225,0.10109246032205421,17,8,0,25,,,,,,,,,,,,,,,,,,
episode_summary,trend_alignment,QQQ,equity,neutral,,,,,,,62,,,,,,,,,41,,,,1,1.0,5,0.08064516129032258,0.20967741935483872,,,,,,,,,,
episode_start,trend_alignment,QQQ,equity,neutral,1,,,,,episode_start,41,41,-0.001524344372045687,-8.407275891264554e-05,-0.038992881050585626,0.022112053546578636,20,21,0,41,,,,,,,,,,,,,,,,,,
episode_start,trend_alignment,QQQ,equity,neutral,5,,,,,episode_start,41,41,0.0019345326181206695,0.002227842701047811,-0.0731899162307783,0.0525457729977743,22,19,0,41,,,,,,,,,,,,,,,,,,
episode_start,trend_alignment,QQQ,equity,neutral,20,,,,,episode_start,41,41,0.010122798111341404,0.016964053459813444,-0.13319374285515628,0.09533234015241443,28,13,0,41,,,,,,,,,,,,,,,,,,
episode_summary,momentum_in_trend_context,QQQ,equity,bullish,,,,,,,1187,,,,,,,,,115,,,,1,6.0,60,0.05054759898904802,0.12805391743892164,,,,,,,,,,
episode_start,momentum_in_trend_context,QQQ,equity,bullish,1,,,,,episode_start,115,115,0.0009790456766764705,0.0005971651091558616,-0.02678081689706513,0.02714677978109381,65,50,0,115,,,,,,,,,,,,,,,,,,
episode_start,momentum_in_trend_context,QQQ,equity,bullish,5,,,,,episode_start,115,115,0.0036276448142614527,0.007572789436931959,-0.06425960781970463,0.05700861241312549,69,46,0,115,,,,,,,,,,,,,,,,,,
episode_start,momentum_in_trend_context,QQQ,equity,bullish,20,,,,,episode_start,115,115,0.008640958360048304,0.013375895934398141,-0.14661228842673657,0.13276946735966466,71,44,0,115,,,,,,,,,,,,,,,,,,
episode_summary,momentum_in_trend_context,QQQ,equity,bearish,,,,,,,288,,,,,,,,,52,,,,1,4.0,27,0.09375,0.20833333333333334,,,,,,,,,,
episode_start,momentum_in_trend_context,QQQ,equity,bearish,1,,,,,episode_start,52,52,-0.0006920807260856093,-0.0019290724979151852,-0.032283014559627676,0.03149937071912978,23,29,0,52,,,,,,,,,,,,,,,,,,
episode_start,momentum_in_trend_context,QQQ,equity,bearish,5,,,,,episode_start,52,52,-0.003934569991597965,0.0004457407295034299,-0.08633060540229243,0.10665416709989994,26,25,1,52,,,,,,,,,,,,,,,,,,
episode_start,momentum_in_trend_context,QQQ,equity,bearish,20,,,,,episode_start,52,52,0.02863988977917115,0.03065153527399822,-0.10681131322406212,0.20784593371890026,37,15,0,52,,,,,,,,,,,,,,,,,,
episode_summary,momentum_in_trend_context,QQQ,equity,neutral,,,,,,,1041,,,,,,,,,168,,,,1,3.5,37,0.03554274735830932,0.09702209414024976,,,,,,,,,,
episode_start,momentum_in_trend_context,QQQ,equity,neutral,1,,,,,episode_start,168,168,3.478035335491887e-05,0.001066115553738145,-0.037426616616476616,0.023671264131063463,91,76,1,168,,,,,,,,,,,,,,,,,,
episode_start,momentum_in_trend_context,QQQ,equity,neutral,5,,,,,episode_start,168,168,0.004871377484252729,0.007517427276973354,-0.10250027897252889,0.08251143792394955,113,55,0,168,,,,,,,,,,,,,,,,,,
episode_start,momentum_in_trend_context,QQQ,equity,neutral,20,,,,,episode_start,168,168,0.016313456976722394,0.016886906457527773,-0.23646133610809772,0.14653733222425114,112,55,1,168,,,,,,,,,,,,,,,,,,
episode_summary,trend_crossover,QQQ,equity,bullish,,,,,,,25,,,,,,,,,25,,,,1,1.0,1,0.04,0.12,,,,,,,,,,
episode_start,trend_crossover,QQQ,equity,bullish,1,,,,,episode_start,25,25,0.0012572507722576499,0.0010651084083699303,-0.02678081689706513,0.022112053546578636,15,10,0,25,,,,,,,,,,,,,,,,,,
episode_start,trend_crossover,QQQ,equity,bullish,5,,,,,episode_start,25,25,0.0033040432653031627,0.005295429494442505,-0.04555034997179919,0.0525457729977743,16,9,0,25,,,,,,,,,,,,,,,,,,
episode_start,trend_crossover,QQQ,equity,bullish,20,,,,,episode_start,25,25,0.009953842845920456,0.02365917827196684,-0.11924222035721344,0.06044647386293356,17,8,0,25,,,,,,,,,,,,,,,,,,
episode_summary,trend_crossover,QQQ,equity,bearish,,,,,,,25,,,,,,,,,25,,,,1,1.0,1,0.04,0.12,,,,,,,,,,
episode_start,trend_crossover,QQQ,equity,bearish,1,,,,,episode_start,25,25,-0.0032370731968153566,-0.0023676342288185825,-0.032283014559627676,0.020503166735295508,10,15,0,25,,,,,,,,,,,,,,,,,,
episode_start,trend_crossover,QQQ,equity,bearish,5,,,,,episode_start,25,25,-0.0030844689623593167,0.0008914814590068598,-0.08633060540229243,0.03754458387109927,13,12,0,25,,,,,,,,,,,,,,,,,,
episode_start,trend_crossover,QQQ,equity,bearish,20,,,,,episode_start,25,25,0.015268340532185927,0.028533892335308675,-0.10681131322406212,0.10109246032205421,17,8,0,25,,,,,,,,,,,,,,,,,,
episode_summary,trend_crossover,QQQ,equity,neutral,,,,,,,2466,,,,,,,,,51,,,,4,33.0,174,0.0705596107055961,0.18491484184914841,,,,,,,,,,
episode_start,trend_crossover,QQQ,equity,neutral,1,,,,,episode_start,51,51,0.0021875160741656957,0.0031987612659900577,-0.026195777415583876,0.018388672966769937,33,18,0,51,,,,,,,,,,,,,,,,,,
episode_start,trend_crossover,QQQ,equity,neutral,5,,,,,episode_start,51,51,0.0010611143719392161,0.0012684640991533769,-0.04970301474365724,0.049131668135139694,26,25,0,51,,,,,,,,,,,,,,,,,,
episode_start,trend_crossover,QQQ,equity,neutral,20,,,,,episode_start,51,51,0.013736229754327037,0.020730627482405062,-0.11140129264784882,0.10148833740452257,33,18,0,51,,,,,,,,,,,,,,,,,,
episode_summary,trend_alignment,IWM,equity,bullish,,,,,,,1580,,,,,,,,,32,,,,11,33.0,153,0.09683544303797469,0.23734177215189872,,,,,,,,,,
episode_start,trend_alignment,IWM,equity,bullish,1,,,,,episode_start,32,32,0.002025266157370618,0.0008898728700602598,-0.02191353171181043,0.0300676527303112,19,13,0,32,,,,,,,,,,,,,,,,,,
episode_start,trend_alignment,IWM,equity,bullish,5,,,,,episode_start,32,32,0.0030276115452171244,0.003176642087050374,-0.044239714570481814,0.04871171919538475,18,14,0,32,,,,,,,,,,,,,,,,,,
episode_start,trend_alignment,IWM,equity,bullish,20,,,,,episode_start,32,32,0.012868474327041027,0.003580597259880136,-0.0974038197444036,0.14074076214399445,20,12,0,32,,,,,,,,,,,,,,,,,,
episode_summary,trend_alignment,IWM,equity,bearish,,,,,,,850,,,,,,,,,27,,,,2,23.0,78,0.09176470588235294,0.2564705882352941,,,,,,,,,,
episode_start,trend_alignment,IWM,equity,bearish,1,,,,,episode_start,27,27,0.000723933879424611,-0.00025399024782069013,-0.01623688635598064,0.026301944799259847,13,14,0,27,,,,,,,,,,,,,,,,,,
episode_start,trend_alignment,IWM,equity,bearish,5,,,,,episode_start,27,27,-0.003344654213542246,0.002230654389024256,-0.08166921605743183,0.03019485835252378,17,10,0,27,,,,,,,,,,,,,,,,,,
episode_start,trend_alignment,IWM,equity,bearish,20,,,,,episode_start,27,27,0.005139240621023489,0.026243058819358067,-0.30569882969316575,0.09907671827730868,17,10,0,27,,,,,,,,,,,,,,,,,,
episode_summary,trend_alignment,IWM,equity,neutral,,,,,,,86,,,,,,,,,51,,,,1,1.0,8,0.09302325581395349,0.22093023255813954,,,,,,,,,,
episode_start,trend_alignment,IWM,equity,neutral,1,,,,,episode_start,51,51,-0.002118024414693547,-0.002291361069746811,-0.023814484487480247,0.020705529630176578,22,29,0,51,,,,,,,,,,,,,,,,,,
episode_start,trend_alignment,IWM,equity,neutral,5,,,,,episode_start,51,51,0.000986893521555722,0.005725354251034931,-0.09594710688703456,0.060931330769777414,30,21,0,51,,,,,,,,,,,,,,,,,,
episode_start,trend_alignment,IWM,equity,neutral,20,,,,,episode_start,51,51,0.006842185634814062,0.019740563214204476,-0.3735326755003485,0.1430971863066921,31,20,0,51,,,,,,,,,,,,,,,,,,
episode_summary,momentum_in_trend_context,IWM,equity,bullish,,,,,,,874,,,,,,,,,130,,,,1,3.0,59,0.06750572082379863,0.17276887871853547,,,,,,,,,,
episode_start,momentum_in_trend_context,IWM,equity,bullish,1,,,,,episode_start,130,130,-0.0013031079863965258,-5.6931901511070304e-05,-0.032558619481851125,0.017836570739746094,64,66,0,130,,,,,,,,,,,,,,,,,,
episode_start,momentum_in_trend_context,IWM,equity,bullish,5,,,,,episode_start,130,130,-0.0004350632323859913,-5.3465063106217237e-05,-0.08028818688049999,0.09477018667665416,65,65,0,130,,,,,,,,,,,,,,,,,,
episode_start,momentum_in_trend_context,IWM,equity,bullish,20,,,,,episode_start,130,130,-0.0028287527459594218,0.00454960285292394,-0.25080351117423383,0.17391298243150755,72,57,1,130,,,,,,,,,,,,,,,,,,
episode_summary,momentum_in_trend_context,IWM,equity,bearish,,,,,,,382,,,,,,,,,71,,,,1,2.0,32,0.08376963350785341,0.19633507853403143,,,,,,,,,,
episode_start,momentum_in_trend_context,IWM,equity,bearish,1,,,,,episode_start,71,71,0.000743245270910193,0.00030909965035053055,-0.03821072206875076,0.026301944799259847,36,35,0,71,,,,,,,,,,,,,,,,,,
episode_start,momentum_in_trend_context,IWM,equity,bearish,5,,,,,episode_start,71,71,0.001228113816166791,0.0069527249735990004,-0.08515428652658485,0.0759426925160287,40,31,0,71,,,,,,,,,,,,,,,,,,
episode_start,momentum_in_trend_context,IWM,equity,bearish,20,,,,,episode_start,71,71,0.013369545859470613,0.026460628772379646,-0.3853064305954673,0.15971071621509636,49,22,0,71,,,,,,,,,,,,,,,,,,
episode_summary,momentum_in_trend_context,IWM,equity,neutral,,,,,,,1260,,,,,,,,,201,,,,1,4.0,36,0.02857142857142857,0.07777777777777778,,,,,,,,,,
episode_start,momentum_in_trend_context,IWM,equity,neutral,1,,,,,episode_start,201,201,0.00031269085000418083,0.0010810819339475142,-0.034329094280392325,0.024165872218735007,110,91,0,201,,,,,,,,,,,,,,,,,,
episode_start,momentum_in_trend_context,IWM,equity,neutral,5,,,,,episode_start,201,201,-0.0007345565913771952,0.0010533949131921183,-0.10927788236400093,0.09171589657507906,105,96,0,201,,,,,,,,,,,,,,,,,,
episode_start,momentum_in_trend_context,IWM,equity,neutral,20,,,,,episode_start,201,201,0.0033506685974386777,0.007111227971626777,-0.3735326755003485,0.1633902976568924,118,83,0,201,,,,,,,,,,,,,,,,,,
episode_summary,trend_crossover,IWM,equity,bullish,,,,,,,29,,,,,,,,,29,,,,1,1.0,1,0.034482758620689655,0.10344827586206896,,,,,,,,,,
episode_start,trend_crossover,IWM,equity,bullish,1,,,,,episode_start,29,29,0.0007515671630101618,0.001207856672498453,-0.017531429762851936,0.019411595605267618,16,13,0,29,,,,,,,,,,,,,,,,,,
episode_start,trend_crossover,IWM,equity,bullish,5,,,,,episode_start,29,29,0.0055548823825628,0.010058610355968556,-0.04530123560562793,0.05500591462756832,18,11,0,29,,,,,,,,,,,,,,,,,,
episode_start,trend_crossover,IWM,equity,bullish,20,,,,,episode_start,29,29,0.013204337498374952,-0.0025002725363626466,-0.0974038197444036,0.1430971863066921,14,15,0,29,,,,,,,,,,,,,,,,,,
episode_summary,trend_crossover,IWM,equity,bearish,,,,,,,30,,,,,,,,,30,,,,1,1.0,1,0.03333333333333333,0.1,,,,,,,,,,
episode_start,trend_crossover,IWM,equity,bearish,1,,,,,episode_start,30,30,0.00026106870056645434,0.0001841978488994478,-0.03821072206875076,0.026301944799259847,16,14,0,30,,,,,,,,,,,,,,,,,,
episode_start,trend_crossover,IWM,equity,bearish,5,,,,,episode_start,30,30,-0.002922314684975776,0.004640042137410316,-0.08166921605743183,0.060931330769777414,18,12,0,30,,,,,,,,,,,,,,,,,,
episode_start,trend_crossover,IWM,equity,bearish,20,,,,,episode_start,30,30,0.005044309051012771,0.025347014997750605,-0.3853064305954673,0.1302983974016656,19,11,0,30,,,,,,,,,,,,,,,,,,
episode_summary,trend_crossover,IWM,equity,neutral,,,,,,,2457,,,,,,,,,59,,,,1,29.0,155,0.06308506308506308,0.15832315832315833,,,,,,,,,,
episode_start,trend_crossover,IWM,equity,neutral,1,,,,,episode_start,59,59,-0.0008901361611131708,-0.0018644037939742342,-0.022467519033291805,0.0300676527303112,24,35,0,59,,,,,,,,,,,,,,,,,,
episode_start,trend_crossover,IWM,equity,neutral,5,,,,,episode_start,59,59,-0.000837494407533487,0.002230654389024256,-0.08161899865182975,0.04871171919538475,33,26,0,59,,,,,,,,,,,,,,,,,,
episode_start,trend_crossover,IWM,equity,neutral,20,,,,,episode_start,59,59,0.008273520786915338,0.008343319491691537,-0.30569882969316575,0.15381060579594807,36,23,0,59,,,,,,,,,,,,,,,,,,
episode_summary,trend_alignment,TLT,treasury,bullish,,,,,,,1161,,,,,,,,,27,,,,1,34.0,135,0.11627906976744186,0.2652885443583118,,,,,,,,,,
episode_start,trend_alignment,TLT,treasury,bullish,1,,,,,episode_start,27,27,3.834650850112167e-05,-0.0010241649185016577,-0.011003304769109268,0.011074196746447829,12,15,0,27,,,,,,,,,,,,,,,,,,
episode_start,trend_alignment,TLT,treasury,bullish,5,,,,,episode_start,27,27,0.0023646972263000198,0.0022069615619944027,-0.020366614934427152,0.029789531795141544,17,10,0,27,,,,,,,,,,,,,,,,,,
episode_start,trend_alignment,TLT,treasury,bullish,20,,,,,episode_start,27,27,0.0007290738207513351,-0.0035936167317279777,-0.07878045345200524,0.09058693276551932,12,15,0,27,,,,,,,,,,,,,,,,,,
episode_summary,trend_alignment,TLT,treasury,bearish,,,,,,,1243,,,,,,,,,29,,,,1,29.0,166,0.1335478680611424,0.3515687851971038,,,,,,,,,,
episode_start,trend_alignment,TLT,treasury,bearish,1,,,,,episode_start,29,29,-3.1666610142475936e-05,0.000539814889781498,-0.010090911169373107,0.012982234018479089,15,14,0,29,,,,,,,,,,,,,,,,,,
episode_start,trend_alignment,TLT,treasury,bearish,5,,,,,episode_start,29,29,-0.0038288949534257544,0.00042172434480192145,-0.033679618709407166,0.022958689341463945,15,14,0,29,,,,,,,,,,,,,,,,,,
episode_start,trend_alignment,TLT,treasury,bearish,20,,,,,episode_start,29,29,0.0018840799225094962,0.008401243470179232,-0.07418582331381518,0.05349918540815546,16,13,0,29,,,,,,,,,,,,,,,,,,
episode_summary,trend_alignment,TLT,treasury,neutral,,,,,,,112,,,,,,,,,52,,,,1,1.0,12,0.10714285714285714,0.26785714285714285,,,,,,,,,,
episode_start,trend_alignment,TLT,treasury,neutral,1,,,,,episode_start,52,52,0.0012144877718645287,0.0016302621280787077,-0.011610274662053,0.016998986080304146,30,21,1,52,,,,,,,,,,,,,,,,,,
episode_start,trend_alignment,TLT,treasury,neutral,5,,,,,episode_start,52,52,0.0008399767906906441,-0.0006448874938136395,-0.04555145407300387,0.03675208931651497,25,27,0,52,,,,,,,,,,,,,,,,,,
episode_start,trend_alignment,TLT,treasury,neutral,20,,,,,episode_start,52,52,5.6563306830749766e-05,0.003864548844477955,-0.1036228513028874,0.09800224173800487,29,23,0,52,,,,,,,,,,,,,,,,,,
episode_summary,momentum_in_trend_context,TLT,treasury,bullish,,,,,,,599,,,,,,,,,85,,,,1,3.0,44,0.07345575959933222,0.17529215358931552,,,,,,,,,,
episode_start,momentum_in_trend_context,TLT,treasury,bullish,1,,,,,episode_start,85,85,0.0008718928582685271,0.0010596450366366916,-0.06434253377651955,0.053968253968254,48,36,1,85,,,,,,,,,,,,,,,,,,
episode_start,momentum_in_trend_context,TLT,treasury,bullish,5,,,,,episode_start,85,85,0.0008138316585425735,8.228147771749406e-05,-0.030621044668278752,0.06476188538566463,44,40,1,85,,,,,,,,,,,,,,,,,,
episode_start,momentum_in_trend_context,TLT,treasury,bullish,20,,,,,episode_start,85,85,0.0008070171558023274,-0.0014276388173992682,-0.07140679646542403,0.15635836125981606,41,44,0,85,,,,,,,,,,,,,,,,,,
episode_summary,momentum_in_trend_context,TLT,treasury,bearish,,,,,,,696,,,,,,,,,85,,,,1,4.0,60,0.08620689655172414,0.22270114942528735,,,,,,,,,,
episode_start,momentum_in_trend_context,TLT,treasury,bearish,1,,,,,episode_start,85,85,0.00012120587100952468,0.0009598585307182272,-0.017359965654886955,0.011797311188752158,46,39,0,85,,,,,,,,,,,,,,,,,,
episode_start,momentum_in_trend_context,TLT,treasury,bearish,5,,,,,episode_start,85,85,-0.0022207367799211516,-0.0021484034164214183,-0.05827466684995264,0.0430711885079329,41,44,0,85,,,,,,,,,,,,,,,,,,
episode_start,momentum_in_trend_context,TLT,treasury,bearish,20,,,,,episode_start,85,85,-0.004071256450703674,0.0020718442364298095,-0.09781273954905356,0.07756302102073742,44,41,0,85,,,,,,,,,,,,,,,,,,
episode_summary,momentum_in_trend_context,TLT,treasury,neutral,,,,,,,1221,,,,,,,,,169,,,,1,4.0,35,0.028665028665028666,0.07371007371007371,,,,,,,,,,
episode_start,momentum_in_trend_context,TLT,treasury,neutral,1,,,,,episode_start,169,169,-0.00020335139791979298,7.268732244325449e-05,-0.055548223225586724,0.022010217432504753,85,82,2,169,,,,,,,,,,,,,,,,,,
episode_start,momentum_in_trend_context,TLT,treasury,neutral,5,,,,,episode_start,169,169,-0.000582756067101614,-0.0015759357652556094,-0.04203472407258779,0.06588594324457131,78,91,0,169,,,,,,,,,,,,,,,,,,
episode_start,momentum_in_trend_context,TLT,treasury,neutral,20,,,,,episode_start,169,169,-0.0030026340762375056,0.0017084674007932232,-0.08200870019319828,0.11492483076673432,90,79,0,169,,,,,,,,,,,,,,,,,,
episode_summary,trend_crossover,TLT,treasury,bullish,,,,,,,28,,,,,,,,,28,,,,1,1.0,1,0.03571428571428571,0.10714285714285714,,,,,,,,,,
episode_start,trend_crossover,TLT,treasury,bullish,1,,,,,episode_start,28,28,0.0004657880701826045,-0.0004231769228222326,-0.011610274662053,0.011074196746447829,13,14,1,28,,,,,,,,,,,,,,,,,,
episode_start,trend_crossover,TLT,treasury,bullish,5,,,,,episode_start,28,28,0.004385167582036343,0.004715661869929888,-0.02095969002529896,0.03278554249539489,20,8,0,28,,,,,,,,,,,,,,,,,,
episode_start,trend_crossover,TLT,treasury,bullish,20,,,,,episode_start,28,28,-0.000862346104040885,-0.000297676603145669,-0.07878045345200524,0.09058693276551932,14,14,0,28,,,,,,,,,,,,,,,,,,
episode_summary,trend_crossover,TLT,treasury,bearish,,,,,,,29,,,,,,,,,29,,,,1,1.0,1,0.034482758620689655,0.10344827586206896,,,,,,,,,,
episode_start,trend_crossover,TLT,treasury,bearish,1,,,,,episode_start,29,29,0.0010616511112857858,0.002105263157894832,-0.007187906384237164,0.00832779409430029,16,13,0,29,,,,,,,,,,,,,,,,,,
episode_start,trend_crossover,TLT,treasury,bearish,5,,,,,episode_start,29,29,-0.00233378760650679,0.002185442830652251,-0.033679618709407166,0.026531981383374648,16,13,0,29,,,,,,,,,,,,,,,,,,
episode_start,trend_crossover,TLT,treasury,bearish,20,,,,,episode_start,29,29,0.0012706359386342287,0.003866513236553626,-0.07418582331381518,0.049839862653137335,18,11,0,29,,,,,,,,,,,,,,,,,,
episode_summary,trend_crossover,TLT,treasury,neutral,,,,,,,2459,,,,,,,,,57,,,,1,32.0,166,0.06750711671411143,0.17812118747458316,,,,,,,,,,
episode_start,trend_crossover,TLT,treasury,neutral,1,,,,,episode_start,57,57,8.348153630771975e-05,0.0004061656365033084,-0.01172227502432377,0.012982234018479089,30,27,0,57,,,,,,,,,,,,,,,,,,
episode_start,trend_crossover,TLT,treasury,neutral,5,,,,,episode_start,57,57,0.0009596318360066263,0.0016067905054348852,-0.036952530953878515,0.025699444418005202,33,24,0,57,,,,,,,,,,,,,,,,,,
episode_start,trend_crossover,TLT,treasury,neutral,20,,,,,episode_start,57,57,0.0014796422974003036,0.0013772490046586316,-0.0710127975042053,0.08634911624575059,29,28,0,57,,,,,,,,,,,,,,,,,,
episode_summary,trend_alignment,GLD,gold,bullish,,,,,,,1325,,,,,,,,,27,,,,2,46.0,114,0.0860377358490566,0.23773584905660378,,,,,,,,,,
episode_start,trend_alignment,GLD,gold,bullish,1,,,,,episode_start,27,27,6.732656758155506e-05,0.00017665376932463062,-0.008760876899855385,0.012597012092852689,14,13,0,27,,,,,,,,,,,,,,,,,,
episode_start,trend_alignment,GLD,gold,bullish,5,,,,,episode_start,27,27,0.000447086784359094,-0.000794079837042494,-0.04060835391982043,0.03384394377278421,13,14,0,27,,,,,,,,,,,,,,,,,,
episode_start,trend_alignment,GLD,gold,bullish,20,,,,,episode_start,27,27,0.01353445178715551,0.014798926863722306,-0.06592338110508744,0.10292138512152182,16,11,0,27,,,,,,,,,,,,,,,,,,
episode_summary,trend_alignment,GLD,gold,bearish,,,,,,,1099,,,,,,,,,28,,,,7,34.5,108,0.09827115559599636,0.25932666060054593,,,,,,,,,,
episode_start,trend_alignment,GLD,gold,bearish,1,,,,,episode_start,28,28,-6.845618479664075e-05,9.95011742597196e-05,-0.013512754013153883,0.011318423104673014,15,13,0,28,,,,,,,,,,,,,,,,,,
episode_start,trend_alignment,GLD,gold,bearish,5,,,,,episode_start,28,28,0.0018735999695093692,0.0030542062820074767,-0.03507410946839806,0.024597174451323145,18,10,0,28,,,,,,,,,,,,,,,,,,
episode_start,trend_alignment,GLD,gold,bearish,20,,,,,episode_start,28,28,0.012371821637436347,0.01519953681974695,-0.058287506854445725,0.08254357792084988,15,13,0,28,,,,,,,,,,,,,,,,,,
episode_summary,trend_alignment,GLD,gold,neutral,,,,,,,92,,,,,,,,,48,,,,1,1.0,10,0.10869565217391304,0.2826086956521739,,,,,,,,,,
episode_start,trend_alignment,GLD,gold,neutral,1,,,,,episode_start,48,48,0.0003221974290174105,9.656481982611709e-05,-0.008015355359269227,0.009964887835188119,24,23,1,48,,,,,,,,,,,,,,,,,,
episode_start,trend_alignment,GLD,gold,neutral,5,,,,,episode_start,48,48,5.384780480518122e-05,-0.0008331645609342408,-0.05397274227990534,0.05290146085919756,23,25,0,48,,,,,,,,,,,,,,,,,,
episode_start,trend_alignment,GLD,gold,neutral,20,,,,,episode_start,48,48,0.01158595963332044,0.005098495361947619,-0.058839584372169296,0.12809762367479993,29,19,0,48,,,,,,,,,,,,,,,,,,
episode_summary,momentum_in_trend_context,GLD,gold,bullish,,,,,,,787,,,,,,,,,91,,,,1,3.0,38,0.048284625158831,0.14104193138500634,,,,,,,,,,
episode_start,momentum_in_trend_context,GLD,gold,bullish,1,,,,,episode_start,91,91,-0.0008285553850457865,-0.0008526472984474731,-0.016134286988106594,0.012597012092852689,39,52,0,91,,,,,,,,,,,,,,,,,,
episode_start,momentum_in_trend_context,GLD,gold,bullish,5,,,,,episode_start,91,91,0.0002167135348799617,-0.00017280815559583829,-0.04323920600737208,0.04682765615238904,45,46,0,91,,,,,,,,,,,,,,,,,,
episode_start,momentum_in_trend_context,GLD,gold,bullish,20,,,,,episode_start,91,91,0.010887839455885704,0.014506881531296534,-0.06857202552472819,0.12667876295240355,53,38,0,91,,,,,,,,,,,,,,,,,,
episode_summary,momentum_in_trend_context,GLD,gold,bearish,,,,,,,496,,,,,,,,,90,,,,1,3.0,49,0.09879032258064516,0.22379032258064516,,,,,,,,,,
episode_start,momentum_in_trend_context,GLD,gold,bearish,1,,,,,episode_start,90,90,0.0001616286393601834,0.0001546015566374903,-0.021312185701947373,0.011318423104673014,47,42,1,90,,,,,,,,,,,,,,,,,,
episode_start,momentum_in_trend_context,GLD,gold,bearish,5,,,,,episode_start,90,90,0.00031267811917071484,0.00013219944368692005,-0.04452602812514328,0.05275379634528199,46,44,0,90,,,,,,,,,,,,,,,,,,
episode_start,momentum_in_trend_context,GLD,gold,bearish,20,,,,,episode_start,90,90,0.006729201069235849,0.002970353971270212,-0.07730881639812881,0.11488046407134833,48,40,2,90,,,,,,,,,,,,,,,,,,
episode_summary,momentum_in_trend_context,GLD,gold,neutral,,,,,,,1233,,,,,,,,,182,,,,1,4.0,27,0.021897810218978103,0.064882400648824,,,,,,,,,,
episode_start,momentum_in_trend_context,GLD,gold,neutral,1,,,,,episode_start,182,182,0.0006922637329168451,0.000376859789895434,-0.02468161765520349,0.030131441990155494,98,81,3,182,,,,,,,,,,,,,,,,,,
episode_start,momentum_in_trend_context,GLD,gold,neutral,5,,,,,episode_start,182,182,0.0015047365665664424,0.0005375917605584535,-0.07147100850194399,0.0649449193659064,94,88,0,182,,,,,,,,,,,,,,,,,,
episode_start,momentum_in_trend_context,GLD,gold,neutral,20,,,,,episode_start,182,182,0.009196168001324502,0.004019183911188162,-0.075457395846241,0.09620907468152962,102,80,0,182,,,,,,,,,,,,,,,,,,
episode_summary,trend_crossover,GLD,gold,bullish,,,,,,,27,,,,,,,,,27,,,,1,1.0,1,0.037037037037037035,0.1111111111111111,,,,,,,,,,
episode_start,trend_crossover,GLD,gold,bullish,1,,,,,episode_start,27,27,-0.00018252269729352518,0.00015617357352537553,-0.008760876899855385,0.012597012092852689,14,13,0,27,,,,,,,,,,,,,,,,,,
episode_start,trend_crossover,GLD,gold,bullish,5,,,,,episode_start,27,27,-0.003019244446242242,-0.004847297463549838,-0.04060835391982043,0.033669629124238654,10,17,0,27,,,,,,,,,,,,,,,,,,
episode_start,trend_crossover,GLD,gold,bullish,20,,,,,episode_start,27,27,0.009964851185934634,0.013129326919204765,-0.06592338110508744,0.12809762367479993,16,11,0,27,,,,,,,,,,,,,,,,,,
episode_summary,trend_crossover,GLD,gold,bearish,,,,,,,28,,,,,,,,,28,,,,1,1.0,1,0.03571428571428571,0.10714285714285714,,,,,,,,,,
episode_start,trend_crossover,GLD,gold,bearish,1,,,,,episode_start,28,28,0.0005405908135810036,-2.8597365359095406e-07,-0.006967630068795527,0.011318423104673014,14,14,0,28,,,,,,,,,,,,,,,,,,
episode_start,trend_crossover,GLD,gold,bearish,5,,,,,episode_start,28,28,0.00013802876159443866,-0.00027102335677825495,-0.03507410946839806,0.05290146085919756,14,14,0,28,,,,,,,,,,,,,,,,,,
episode_start,trend_crossover,GLD,gold,bearish,20,,,,,episode_start,28,28,0.010722171067850308,0.00021301822267710824,-0.05496464655668987,0.09257384996373941,14,14,0,28,,,,,,,,,,,,,,,,,,
episode_summary,trend_crossover,GLD,gold,neutral,,,,,,,2461,,,,,,,,,56,,,,2,41.5,113,0.04591629418935392,0.13368549370174726,,,,,,,,,,
episode_start,trend_crossover,GLD,gold,neutral,1,,,,,episode_start,56,56,-0.00011740198028580205,-0.00010210987565756335,-0.013512754013153883,0.010282615167176212,28,28,0,56,,,,,,,,,,,,,,,,,,
episode_start,trend_crossover,GLD,gold,neutral,5,,,,,episode_start,56,56,-0.001890396661786289,-0.0035113859003234604,-0.03699221168701938,0.03384394377278421,25,31,0,56,,,,,,,,,,,,,,,,,,
episode_start,trend_crossover,GLD,gold,neutral,20,,,,,episode_start,56,56,0.010221025119186666,0.007547757442447622,-0.0642217618572567,0.10292138512152182,31,25,0,56,,,,,,,,,,,,,,,,,,
gate_crosstab,trend_alignment,SPY,equity,bullish,,,,,bullish,,1166,,,,,,,,,,,,,,,,,,,,,,,,,,,
gate_crosstab,trend_alignment,SPY,equity,bullish,,,,,bearish,,0,,,,,,,,,,,,,,,,,,,,,,,,,,,
gate_crosstab,trend_alignment,SPY,equity,bullish,,,,,neutral,,543,,,,,,,,,,,,,,,,,,,,,,,,,,,
gate_crosstab,trend_alignment,SPY,equity,bullish,,,,,insufficient_data,,0,,,,,,,,,,,,,,,,,,,,,,,,,,,
gate_crosstab,trend_alignment,SPY,equity,bearish,,,,,bullish,,0,,,,,,,,,,,,,,,,,,,,,,,,,,,
gate_crosstab,trend_alignment,SPY,equity,bearish,,,,,bearish,,270,,,,,,,,,,,,,,,,,,,,,,,,,,,
gate_crosstab,trend_alignment,SPY,equity,bearish,,,,,neutral,,454,,,,,,,,,,,,,,,,,,,,,,,,,,,
gate_crosstab,trend_alignment,SPY,equity,bearish,,,,,insufficient_data,,0,,,,,,,,,,,,,,,,,,,,,,,,,,,
gate_crosstab,trend_alignment,SPY,equity,neutral,,,,,bullish,,23,,,,,,,,,,,,,,,,,,,,,,,,,,,
gate_crosstab,trend_alignment,SPY,equity,neutral,,,,,bearish,,9,,,,,,,,,,,,,,,,,,,,,,,,,,,
gate_crosstab,trend_alignment,SPY,equity,neutral,,,,,neutral,,51,,,,,,,,,,,,,,,,,,,,,,,,,,,
gate_crosstab,trend_alignment,SPY,equity,neutral,,,,,insufficient_data,,0,,,,,,,,,,,,,,,,,,,,,,,,,,,
gate_crosstab,trend_alignment,SPY,equity,insufficient_data,,,,,bullish,,0,,,,,,,,,,,,,,,,,,,,,,,,,,,
gate_crosstab,trend_alignment,SPY,equity,insufficient_data,,,,,bearish,,0,,,,,,,,,,,,,,,,,,,,,,,,,,,
gate_crosstab,trend_alignment,SPY,equity,insufficient_data,,,,,neutral,,0,,,,,,,,,,,,,,,,,,,,,,,,,,,
gate_crosstab,trend_alignment,SPY,equity,insufficient_data,,,,,insufficient_data,,0,,,,,,,,,,,,,,,,,,,,,,,,,,,
gate_partition,trend_alignment,SPY,equity,bullish,1,,retained,,,,1166,1166,0.00013616932735896904,0.0004411853698714774,-0.034835954540506475,0.030822530891824185,630,529,7,,6.399139558839988e-05,-2.1481939750711554e-05,parent_trend_state,,,,,,,,,,,,,,,
gate_partition,trend_alignment,SPY,equity,bullish,1,,removed,,,,543,543,-6.52326893271735e-05,0.0005830162944717721,-0.038729914945676236,0.036484374080576254,292,247,4,,-0.00013741062109774265,0.00012034898484958312,parent_trend_state,,,,,,,,,,,,,,,
gate_partition,trend_alignment,SPY,equity,bullish,1,,opposite,,,,0,0,,,,,0,0,0,,,,parent_trend_state,,,,,,,,,,,,,,,
gate_partition,trend_alignment,SPY,equity,bullish,1,,removed,"fast_above_slow,momentum_depressed,momentum_contradicts_trend",,,187,187,0.0009778962642844873,0.0029406596299350607,-0.038729914945676236,0.036484374080576254,113,72,2,,0.0009057183325139181,0.0024779923203128718,parent_trend_state,,,,,,,,,,,,,,,
gate_partition,trend_alignment,SPY,equity,bullish,1,,removed,momentum_midrange,,,356,356,-0.00061316840372431,5.071775506992893e-05,-0.034814478355343126,0.03029997688806918,179,175,2,,-0.0006853463354948791,-0.00041194955455226,parent_trend_state,,,,,,,,,,,,,,,
gate_partition,trend_alignment,SPY,equity,bullish,5,,retained,,,,1166,1166,0.00156861764303035,0.003167672527569776,-0.11315465262750735,0.054314223053589794,709,455,2,,-9.887756295117616e-05,-0.00028549199701699557,parent_trend_state,,,,,,,,,,,,,,,
gate_partition,trend_alignment,SPY,equity,bullish,5,,removed,,,,543,543,0.0018798179286354333,0.00448749124771175,-0.11395796127196078,0.06689408899943938,322,221,0,,0.00021232272265390723,0.0010343267231249786,parent_trend_state,,,,,,,,,,,,,,,
gate_partition,trend_alignment,SPY,equity,bullish,5,,opposite,,,,0,0,,,,,0,0,0,,,,parent_trend_state,,,,,,,,,,,,,,,
gate_partition,trend_alignment,SPY,equity,bullish,5,,removed,"fast_above_slow,momentum_depressed,momentum_contradicts_trend",,,187,187,0.007276573195014446,0.0073225308151982915,-0.11395796127196078,0.06689408899943938,130,57,0,,0.00560907798903292,0.00386936629061152,parent_trend_state,,,,,,,,,,,,,,,
gate_partition,trend_alignment,SPY,equity,bullish,5,,removed,momentum_midrange,,,356,356,-0.0009549945287041041,0.0018845385176778917,-0.0831837707009353,0.06445592286049306,192,164,0,,-0.00262248973468563,-0.0015686260069088798,parent_trend_state,,,,,,,,,,,,,,,
gate_partition,trend_alignment,SPY,equity,bullish,20,,retained,,,,1166,1166,0.004907113338413127,0.011734548727721617,-0.2893941880159001,0.11317770986984144,757,409,0,,-0.001281680944300213,-0.001873250024484019,parent_trend_state,,,,,,,,,,,,,,,
gate_partition,trend_alignment,SPY,equity,bullish,20,,removed,,,,543,543,0.008940985776367203,0.017338142887046715,-0.3117552779281434,0.11515067720945193,390,153,0,,0.0027521914936538636,0.0037303441348410793,parent_trend_state,,,,,,,,,,,,,,,
gate_partition,trend_alignment,SPY,equity,bullish,20,,opposite,,,,0,0,,,,,0,0,0,,,,parent_trend_state,,,,,,,,,,,,,,,
gate_partition,trend_alignment,SPY,equity,bullish,20,,removed,"fast_above_slow,momentum_depressed,momentum_contradicts_trend",,,187,187,0.008636809464764425,0.02272301823061129,-0.3117552779281434,0.10935731424404738,136,51,0,,0.0024480151820510856,0.009115219478405656,parent_trend_state,,,,,,,,,,,,,,,
gate_partition,trend_alignment,SPY,equity,bullish,20,,removed,momentum_midrange,,,356,356,0.00910076378274282,0.015939306392248498,-0.2919477852327189,0.11515067720945193,254,102,0,,0.00291196950002948,0.0023315076400428625,parent_trend_state,,,,,,,,,,,,,,,
gate_partition,trend_alignment,SPY,equity,bearish,1,,retained,,,,270,270,0.0009715306801773419,0.0009370507059646149,-0.05661153587863332,0.047994072837921564,146,124,0,,0.0006587363822305877,0.00036852395765518686,parent_trend_state,,,,,,,,,,,,,,,
gate_partition,trend_alignment,SPY,equity,bearish,1,,removed,,,,454,454,-7.896522452518122e-05,0.00047381700941662164,-0.033113259382283045,0.02408717196434962,237,214,3,,-0.00039175952247193544,-9.470973889280643e-05,parent_trend_state,,,,,,,,,,,,,,,
gate_partition,trend_alignment,SPY,equity,bearish,1,,opposite,,,,0,0,,,,,0,0,0,,,,parent_trend_state,,,,,,,,,,,,,,,
gate_partition,trend_alignment,SPY,equity,bearish,1,,removed,"fast_below_slow,momentum_elevated,momentum_contradicts_trend",,,197,197,-0.00021941113991889416,0.0,-0.02916979293608557,0.01239775657575426,97,98,2,,-0.0005322054378656484,-0.0005685267483094281,parent_trend_state,,,,,,,,,,,,,,,
gate_partition,trend_alignment,SPY,equity,bearish,1,,removed,momentum_midrange,,,257,257,2.8691761204629867e-05,0.0005922292176494537,-0.033113259382283045,0.02408717196434962,140,116,1,,-0.0002841025367421243,2.3702469340025623e-05,parent_trend_state,,,,,,,,,,,,,,,
gate_partition,trend_alignment,SPY,equity,bearish,5,,retained,,,,270,270,0.0057784742922830905,0.009396504643592207,-0.15735668296758132,0.11762305171795329,162,108,0,,0.002359695166111775,0.003960776187202142,parent_trend_state,,,,,,,,,,,,,,,
gate_partition,trend_alignment,SPY,equity,bearish,5,,removed,,,,454,454,0.002015436185972682,0.003613958293286035,-0.09677964454721577,0.06915884124022864,259,194,1,,-0.0014033429401986335,-0.0018217701631040306,parent_trend_state,,,,,,,,,,,,,,,
gate_partition,trend_alignment,SPY,equity,bearish,5,,opposite,,,,0,0,,,,,0,0,0,,,,parent_trend_state,,,,,,,,,,,,,,,
gate_partition,trend_alignment,SPY,equity,bearish,5,,removed,"fast_below_slow,momentum_elevated,momentum_contradicts_trend",,,197,197,0.003355611901431371,0.0053954874453117085,-0.05115490348871932,0.04298698159964531,124,73,0,,-6.316722473994436e-05,-4.024101107835687e-05,parent_trend_state,,,,,,,,,,,,,,,
gate_partition,trend_alignment,SPY,equity,bearish,5,,removed,momentum_midrange,,,257,257,0.0009881419605043485,0.0013728756610689175,-0.09677964454721577,0.06915884124022864,135,121,1,,-0.002430637165666967,-0.004062852795321148,parent_trend_state,,,,,,,,,,,,,,,
gate_partition,trend_alignment,SPY,equity,bearish,20,,retained,,,,270,270,0.025239376110690392,0.02507655903070083,-0.19289794403109595,0.23401548413671724,181,89,0,,0.007757566207114049,0.003969538963766173,parent_trend_state,,,,,,,,,,,,,,,
gate_partition,trend_alignment,SPY,equity,bearish,20,,removed,,,,454,454,0.012868279339874156,0.01972226158664514,-0.12271433345012539,0.18239372734417758,312,142,0,,-0.004613530563702187,-0.0013847584802895163,parent_trend_state,,,,,,,,,,,,,,,
gate_partition,trend_alignment,SPY,equity,bearish,20,,opposite,,,,0,0,,,,,0,0,0,,,,parent_trend_state,,,,,,,,,,,,,,,
gate_partition,trend_alignment,SPY,equity,bearish,20,,removed,"fast_below_slow,momentum_elevated,momentum_contradicts_trend",,,197,197,0.013818109943868177,0.020589490954044276,-0.12271433345012539,0.08242842990793853,148,49,0,,-0.0036636999597081665,-0.0005175291128903803,parent_trend_state,,,,,,,,,,,,,,,
gate_partition,trend_alignment,SPY,equity,bearish,20,,removed,momentum_midrange,,,257,257,0.012140199071442941,0.019539867431798585,-0.10739262963682794,0.18239372734417758,164,93,0,,-0.005341610832133402,-0.001567152635136071,parent_trend_state,,,,,,,,,,,,,,,
gate_crosstab,trend_alignment,QQQ,equity,bullish,,,,,bullish,,1171,,,,,,,,,,,,,,,,,,,,,,,,,,,
gate_crosstab,trend_alignment,QQQ,equity,bullish,,,,,bearish,,0,,,,,,,,,,,,,,,,,,,,,,,,,,,
gate_crosstab,trend_alignment,QQQ,equity,bullish,,,,,neutral,,561,,,,,,,,,,,,,,,,,,,,,,,,,,,
gate_crosstab,trend_alignment,QQQ,equity,bullish,,,,,insufficient_data,,0,,,,,,,,,,,,,,,,,,,,,,,,,,,
gate_crosstab,trend_alignment,QQQ,equity,bearish,,,,,bullish,,0,,,,,,,,,,,,,,,,,,,,,,,,,,,
gate_crosstab,trend_alignment,QQQ,equity,bearish,,,,,bearish,,284,,,,,,,,,,,,,,,,,,,,,,,,,,,
gate_crosstab,trend_alignment,QQQ,equity,bearish,,,,,neutral,,438,,,,,,,,,,,,,,,,,,,,,,,,,,,
gate_crosstab,trend_alignment,QQQ,equity,bearish,,,,,insufficient_data,,0,,,,,,,,,,,,,,,,,,,,,,,,,,,
gate_crosstab,trend_alignment,QQQ,equity,neutral,,,,,bullish,,16,,,,,,,,,,,,,,,,,,,,,,,,,,,
gate_crosstab,trend_alignment,QQQ,equity,neutral,,,,,bearish,,4,,,,,,,,,,,,,,,,,,,,,,,,,,,
gate_crosstab,trend_alignment,QQQ,equity,neutral,,,,,neutral,,42,,,,,,,,,,,,,,,,,,,,,,,,,,,
gate_crosstab,trend_alignment,QQQ,equity,neutral,,,,,insufficient_data,,0,,,,,,,,,,,,,,,,,,,,,,,,,,,
gate_crosstab,trend_alignment,QQQ,equity,insufficient_data,,,,,bullish,,0,,,,,,,,,,,,,,,,,,,,,,,,,,,
gate_crosstab,trend_alignment,QQQ,equity,insufficient_data,,,,,bearish,,0,,,,,,,,,,,,,,,,,,,,,,,,,,,
gate_crosstab,trend_alignment,QQQ,equity,insufficient_data,,,,,neutral,,0,,,,,,,,,,,,,,,,,,,,,,,,,,,
gate_crosstab,trend_alignment,QQQ,equity,insufficient_data,,,,,insufficient_data,,0,,,,,,,,,,,,,,,,,,,,,,,,,,,
gate_partition,trend_alignment,QQQ,equity,bullish,1,,retained,,,,1171,1171,6.462832517477027e-05,0.0004575062393361584,-0.035860456969243226,0.02714677978109381,622,544,5,,-8.160685394396698e-05,-0.00017353001319053707,parent_trend_state,,,,,,,,,,,,,,,
gate_partition,trend_alignment,QQQ,equity,bullish,1,,removed,,,,561,561,0.00031657675838502123,0.001408623195901848,-0.04463951180993453,0.04489011542869492,307,253,1,,0.000170341579266284,0.0007775869433751526,parent_trend_state,,,,,,,,,,,,,,,
gate_partition,trend_alignment,QQQ,equity,bullish,1,,opposite,,,,0,0,,,,,0,0,0,,,,parent_trend_state,,,,,,,,,,,,,,,
gate_partition,trend_alignment,QQQ,equity,bullish,1,,removed,"fast_above_slow,momentum_depressed,momentum_contradicts_trend",,,202,202,0.001336012686367161,0.003366819766920548,-0.04463951180993453,0.04489011542869492,119,83,0,,0.0011897775072484238,0.0027357835143938525,parent_trend_state,,,,,,,,,,,,,,,
gate_partition,trend_alignment,QQQ,equity,bullish,1,,removed,momentum_midrange,,,359,359,-0.00025703342950465064,0.0006657518504793458,-0.04008991003755624,0.04458050554383486,188,170,1,,-0.0004032686086233879,3.4715597952650334e-05,parent_trend_state,,,,,,,,,,,,,,,
gate_partition,trend_alignment,QQQ,equity,bullish,5,,retained,,,,1171,1171,0.0019358104379125203,0.003442236540883714,-0.11972946854854694,0.06336892779265013,689,481,1,,0.00018598166234297516,-0.0004995084825539786,parent_trend_state,,,,,,,,,,,,,,,
gate_partition,trend_alignment,QQQ,equity,bullish,5,,removed,,,,561,561,0.0013616210632636202,0.0049301645352470835,-0.158172131977789,0.12087444533461689,331,230,0,,-0.00038820771230592497,0.0009884195118093908,parent_trend_state,,,,,,,,,,,,,,,
gate_partition,trend_alignment,QQQ,equity,bullish,5,,opposite,,,,0,0,,,,,0,0,0,,,,parent_trend_state,,,,,,,,,,,,,,,
gate_partition,trend_alignment,QQQ,equity,bullish,5,,removed,"fast_above_slow,momentum_depressed,momentum_contradicts_trend",,,202,202,0.0027573850476549453,0.004815845496976112,-0.158172131977789,0.12087444533461689,120,82,0,,0.0010075562720854002,0.0008741004735384195,parent_trend_state,,,,,,,,,,,,,,,
gate_partition,trend_alignment,QQQ,equity,bullish,5,,removed,momentum_midrange,,,359,359,0.0005762608269208689,0.0049301645352470835,-0.11520488709071874,0.07675965051478784,211,148,0,,-0.0011735679486486762,0.0009884195118093908,parent_trend_state,,,,,,,,,,,,,,,
gate_partition,trend_alignment,QQQ,equity,bullish,20,,retained,,,,1171,1171,0.008547603415408514,0.015392053267045958,-0.2749464537397952,0.13276946735966466,770,401,0,,-0.0006285269306481114,-0.0014236371483289378,parent_trend_state,,,,,,,,,,,,,,,
gate_partition,trend_alignment,QQQ,equity,bullish,20,,removed,,,,561,561,0.010488082281509277,0.019333801961920027,-0.23646133610809772,0.12663530344020257,385,175,1,,0.0013119519354526515,0.002518111546545132,parent_trend_state,,,,,,,,,,,,,,,
gate_partition,trend_alignment,QQQ,equity,bullish,20,,opposite,,,,0,0,,,,,0,0,0,,,,parent_trend_state,,,,,,,,,,,,,,,
gate_partition,trend_alignment,QQQ,equity,bullish,20,,removed,"fast_above_slow,momentum_depressed,momentum_contradicts_trend",,,202,202,0.015131285320326497,0.030483948756740098,-0.23646133610809772,0.12663530344020257,150,52,0,,0.005955154974269872,0.013668258341365203,parent_trend_state,,,,,,,,,,,,,,,
gate_partition,trend_alignment,QQQ,equity,bullish,20,,removed,momentum_midrange,,,359,359,0.007875472215099587,0.013610634622353679,-0.15959475855930672,0.11360565371024745,235,123,1,,-0.0013006581309570383,-0.0032050557930212165,parent_trend_state,,,,,,,,,,,,,,,
gate_partition,trend_alignment,QQQ,equity,bearish,1,,retained,,,,284,284,0.0010003252202924683,0.001913903925967575,-0.0607461660131684,0.06790237782320374,156,128,0,,0.0002135603536036235,0.00037070297022134824,parent_trend_state,,,,,,,,,,,,,,,
gate_partition,trend_alignment,QQQ,equity,bearish,1,,removed,,,,438,438,0.0006482919433476826,0.001473698739726026,-0.037426616616476616,0.03302350906060281,244,192,2,,-0.00013847292334116226,-6.950221602020079e-05,parent_trend_state,,,,,,,,,,,,,,,
gate_partition,trend_alignment,QQQ,equity,bearish,1,,opposite,,,,0,0,,,,,0,0,0,,,,parent_trend_state,,,,,,,,,,,,,,,
gate_partition,trend_alignment,QQQ,equity,bearish,1,,removed,"fast_below_slow,momentum_elevated,momentum_contradicts_trend",,,205,205,0.0006271645259526166,0.0010851041969535125,-0.033308007344299506,0.022342348975868953,111,92,2,,-0.00015960034073622827,-0.0004580967587927143,parent_trend_state,,,,,,,,,,,,,,,
gate_partition,trend_alignment,QQQ,equity,bearish,1,,removed,momentum_midrange,,,233,233,0.0006668804436308952,0.0022453727077911267,-0.037426616616476616,0.03302350906060281,133,100,0,,-0.00011988442305794968,0.0007021717520449,parent_trend_state,,,,,,,,,,,,,,,
gate_partition,trend_alignment,QQQ,equity,bearish,5,,retained,,,,284,284,0.009455515490227905,0.012850341982717062,-0.09549318928035644,0.10665416709989994,173,110,1,,0.002710680288937461,0.0031057178225658566,parent_trend_state,,,,,,,,,,,,,,,
gate_partition,trend_alignment,QQQ,equity,bearish,5,,removed,,,,438,438,0.004987225150929166,0.00825572946323605,-0.1072317923955386,0.08251143792394955,267,171,0,,-0.0017576100503612774,-0.001488894696915155,parent_trend_state,,,,,,,,,,,,,,,
gate_partition,trend_alignment,QQQ,equity,bearish,5,,opposite,,,,0,0,,,,,0,0,0,,,,parent_trend_state,,,,,,,,,,,,,,,
gate_partition,trend_alignment,QQQ,equity,bearish,5,,removed,"fast_below_slow,momentum_elevated,momentum_contradicts_trend",,,205,205,0.006137900622871978,0.007993210898190384,-0.048016860777058024,0.06753425075583253,129,76,0,,-0.0006069345784184658,-0.0017514132619608214,parent_trend_state,,,,,,,,,,,,,,,
gate_partition,trend_alignment,QQQ,equity,bearish,5,,removed,momentum_midrange,,,233,233,0.0039748282764730455,0.009152069834548415,-0.1072317923955386,0.08251143792394955,138,95,0,,-0.002770006924817398,-0.0005925543256027899,parent_trend_state,,,,,,,,,,,,,,,
gate_partition,trend_alignment,QQQ,equity,bearish,20,,retained,,,,284,284,0.028309634539650217,0.02821016927010589,-0.1111248895571435,0.24467591722579995,183,100,1,,0.0020024576413814853,-0.001548913891292858,parent_trend_state,,,,,,,,,,,,,,,
gate_partition,trend_alignment,QQQ,equity,bearish,20,,removed,,,,438,438,0.0250087797061401,0.03036199017107022,-0.1422226743589784,0.18525731956505065,315,123,0,,-0.0012983971921286322,0.0006029070096714717,parent_trend_state,,,,,,,,,,,,,,,
gate_partition,trend_alignment,QQQ,equity,bearish,20,,opposite,,,,0,0,,,,,0,0,0,,,,parent_trend_state,,,,,,,,,,,,,,,
gate_partition,trend_alignment,QQQ,equity,bearish,20,,removed,"fast_below_slow,momentum_elevated,momentum_contradicts_trend",,,205,205,0.01762808393124123,0.023389374813985286,-0.1422226743589784,0.11230872881568033,139,66,0,,-0.008679092967027503,-0.006369708347413461,parent_trend_state,,,,,,,,,,,,,,,
gate_partition,trend_alignment,QQQ,equity,bearish,20,,removed,momentum_midrange,,,233,233,0.031502524915815074,0.03658181275828487,-0.10530873816223041,0.18525731956505065,176,57,0,,0.005195348017546342,0.0068227295968861235,parent_trend_state,,,,,,,,,,,,,,,
gate_crosstab,trend_alignment,IWM,equity,bullish,,,,,bullish,,852,,,,,,,,,,,,,,,,,,,,,,,,,,,
gate_crosstab,trend_alignment,IWM,equity,bullish,,,,,bearish,,0,,,,,,,,,,,,,,,,,,,,,,,,,,,
gate_crosstab,trend_alignment,IWM,equity,bullish,,,,,neutral,,728,,,,,,,,,,,,,,,,,,,,,,,,,,,
gate_crosstab,trend_alignment,IWM,equity,bullish,,,,,insufficient_data,,0,,,,,,,,,,,,,,,,,,,,,,,,,,,
gate_crosstab,trend_alignment,IWM,equity,bearish,,,,,bullish,,0,,,,,,,,,,,,,,,,,,,,,,,,,,,
gate_crosstab,trend_alignment,IWM,equity,bearish,,,,,bearish,,370,,,,,,,,,,,,,,,,,,,,,,,,,,,
gate_crosstab,trend_alignment,IWM,equity,bearish,,,,,neutral,,480,,,,,,,,,,,,,,,,,,,,,,,,,,,
gate_crosstab,trend_alignment,IWM,equity,bearish,,,,,insufficient_data,,0,,,,,,,,,,,,,,,,,,,,,,,,,,,
gate_crosstab,trend_alignment,IWM,equity,neutral,,,,,bullish,,22,,,,,,,,,,,,,,,,,,,,,,,,,,,
gate_crosstab,trend_alignment,IWM,equity,neutral,,,,,bearish,,12,,,,,,,,,,,,,,,,,,,,,,,,,,,
gate_crosstab,trend_alignment,IWM,equity,neutral,,,,,neutral,,52,,,,,,,,,,,,,,,,,,,,,,,,,,,
gate_crosstab,trend_alignment,IWM,equity,neutral,,,,,insufficient_data,,0,,,,,,,,,,,,,,,,,,,,,,,,,,,
gate_crosstab,trend_alignment,IWM,equity,insufficient_data,,,,,bullish,,0,,,,,,,,,,,,,,,,,,,,,,,,,,,
gate_crosstab,trend_alignment,IWM,equity,insufficient_data,,,,,bearish,,0,,,,,,,,,,,,,,,,,,,,,,,,,,,
gate_crosstab,trend_alignment,IWM,equity,insufficient_data,,,,,neutral,,0,,,,,,,,,,,,,,,,,,,,,,,,,,,
gate_crosstab,trend_alignment,IWM,equity,insufficient_data,,,,,insufficient_data,,0,,,,,,,,,,,,,,,,,,,,,,,,,,,
gate_partition,trend_alignment,IWM,equity,bullish,1,,retained,,,,852,852,-0.0006133464957783571,0.0,-0.041819689313975394,0.03329767784236326,425,423,4,,-0.00041284283915738406,-0.0003437969834706456,parent_trend_state,,,,,,,,,,,,,,,
gate_partition,trend_alignment,IWM,equity,bullish,1,,removed,,,,728,728,0.00028265856722805335,0.0009582790246183137,-0.049087189483419946,0.05784819015968368,389,337,2,,0.0004831622238490264,0.0006144820411476681,parent_trend_state,,,,,,,,,,,,,,,
gate_partition,trend_alignment,IWM,equity,bullish,1,,opposite,,,,0,0,,,,,0,0,0,,,,parent_trend_state,,,,,,,,,,,,,,,
gate_partition,trend_alignment,IWM,equity,bullish,1,,removed,"fast_above_slow,momentum_depressed,momentum_contradicts_trend",,,228,228,0.0007305296609264298,0.002576932627329276,-0.049087189483419946,0.034967074865157155,133,93,2,,0.0009310333175474029,0.0022331356438586303,parent_trend_state,,,,,,,,,,,,,,,
gate_partition,trend_alignment,IWM,equity,bullish,1,,removed,momentum_midrange,,,500,500,7.842934850159366e-05,0.00034024796801557233,-0.03277736962085254,0.05784819015968368,256,244,0,,0.00027893300512256674,-3.5490154550732456e-06,parent_trend_state,,,,,,,,,,,,,,,
gate_partition,trend_alignment,IWM,equity,bullish,5,,retained,,,,852,852,-0.0006808246018640842,-0.0003789892330204325,-0.11352956902063704,0.09477018667665416,420,431,1,,-0.001111823523344073,-0.0013143844100868551,parent_trend_state,,,,,,,,,,,,,,,
gate_partition,trend_alignment,IWM,equity,bullish,5,,removed,,,,728,728,0.0017321989790200303,0.002962628272409562,-0.0845614717473312,0.11694589177744996,396,332,0,,0.0013012000575400415,0.0020272330953431394,parent_trend_state,,,,,,,,,,,,,,,
gate_partition,trend_alignment,IWM,equity,bullish,5,,opposite,,,,0,0,,,,,0,0,0,,,,parent_trend_state,,,,,,,,,,,,,,,
gate_partition,trend_alignment,IWM,equity,bullish,5,,removed,"fast_above_slow,momentum_depressed,momentum_contradicts_trend",,,228,228,0.0067249510833262555,0.009406989299950208,-0.07026185089368886,0.07690207235905477,147,81,0,,0.006293952161846267,0.008471594122883785,parent_trend_state,,,,,,,,,,,,,,,
gate_partition,trend_alignment,IWM,equity,bullish,5,,removed,momentum_midrange,,,500,500,-0.0005444959805436087,-6.96437729538757e-05,-0.0845614717473312,0.11694589177744996,249,251,0,,-0.0009754949020235976,-0.0010050389500202983,parent_trend_state,,,,,,,,,,,,,,,
gate_partition,trend_alignment,IWM,equity,bullish,20,,retained,,,,852,852,-0.0023543552199679543,-4.0765145930821145e-05,-0.40458603421785844,0.17391298243150755,425,426,1,,-0.0044670116092544255,-0.006075708075051034,parent_trend_state,,,,,,,,,,,,,,,
gate_partition,trend_alignment,IWM,equity,bullish,20,,removed,,,,728,728,0.007340532613304012,0.0140014462009731,-0.2078269169642205,0.20174112197092775,451,277,0,,0.005227876224017541,0.007966503271852887,parent_trend_state,,,,,,,,,,,,,,,
gate_partition,trend_alignment,IWM,equity,bullish,20,,opposite,,,,0,0,,,,,0,0,0,,,,parent_trend_state,,,,,,,,,,,,,,,
gate_partition,trend_alignment,IWM,equity,bullish,20,,removed,"fast_above_slow,momentum_depressed,momentum_contradicts_trend",,,228,228,0.010740530214095188,0.02107940789937679,-0.13698901039863975,0.20174112197092775,153,75,0,,0.008627873824808716,0.015044464970256577,parent_trend_state,,,,,,,,,,,,,,,
gate_partition,trend_alignment,IWM,equity,bullish,20,,removed,momentum_midrange,,,500,500,0.005790133707343237,0.01025199638246621,-0.2078269169642205,0.19472515789760947,298,202,0,,0.003677477318056766,0.004217053453345998,parent_trend_state,,,,,,,,,,,,,,,
gate_partition,trend_alignment,IWM,equity,bearish,1,,retained,,,,370,370,0.00020661513923690767,0.0006025406867320449,-0.046032037134682735,0.05161419702570291,190,179,1,,0.00019777618653177325,0.0003410357199358227,parent_trend_state,,,,,,,,,,,,,,,
gate_partition,trend_alignment,IWM,equity,bearish,1,,removed,,,,480,480,-0.00014361352441310746,0.00010523786260041579,-0.04052029741488816,0.037770994370866395,241,239,0,,-0.00015245247711824188,-0.00015626710419580636,parent_trend_state,,,,,,,,,,,,,,,
gate_partition,trend_alignment,IWM,equity,bearish,1,,opposite,,,,0,0,,,,,0,0,0,,,,parent_trend_state,,,,,,,,,,,,,,,
gate_partition,trend_alignment,IWM,equity,bearish,1,,removed,"fast_below_slow,momentum_elevated,momentum_contradicts_trend",,,178,178,0.0002553919763983273,0.00037070843673425724,-0.029260506190558644,0.024915609788602966,94,84,0,,0.0002465530236931929,0.00010920346993803509,parent_trend_state,,,,,,,,,,,,,,,
gate_partition,trend_alignment,IWM,equity,bearish,1,,removed,momentum_midrange,,,302,302,-0.0003787889520436882,-0.00017972692113027433,-0.04052029741488816,0.037770994370866395,147,155,0,,-0.0003876279047488226,-0.0004412318879264965,parent_trend_state,,,,,,,,,,,,,,,
gate_partition,trend_alignment,IWM,equity,bearish,5,,retained,,,,370,370,0.0011202812331849363,0.005802653080912656,-0.230792089806085,0.16070931111124476,202,167,1,,-0.0015533924974055118,0.0013922131485529787,parent_trend_state,,,,,,,,,,,,,,,
gate_partition,trend_alignment,IWM,equity,bearish,5,,removed,,,,480,480,0.0038710804473405303,0.003457893222037711,-0.10927788236400093,0.12779956727593844,272,208,0,,0.0011974067167500823,-0.0009525467103219665,parent_trend_state,,,,,,,,,,,,,,,
gate_partition,trend_alignment,IWM,equity,bearish,5,,opposite,,,,0,0,,,,,0,0,0,,,,parent_trend_state,,,,,,,,,,,,,,,
gate_partition,trend_alignment,IWM,equity,bearish,5,,removed,"fast_below_slow,momentum_elevated,momentum_contradicts_trend",,,178,178,0.002365076389010432,0.0018202594137234351,-0.10833860340957935,0.0508588738021456,96,82,0,,-0.00030859734158001587,-0.0025901805186362425,parent_trend_state,,,,,,,,,,,,,,,
gate_partition,trend_alignment,IWM,equity,bearish,5,,removed,momentum_midrange,,,302,302,0.004758725223442377,0.0043717608698941035,-0.10927788236400093,0.12779956727593844,176,126,0,,0.0020850514928519286,-3.8679062465574177e-05,parent_trend_state,,,,,,,,,,,,,,,
gate_partition,trend_alignment,IWM,equity,bearish,20,,retained,,,,370,370,0.011558595120817064,0.010204586213676592,-0.30569882969316575,0.2461822494656265,217,153,0,,-0.0037584033098062783,-0.006915626569662825,parent_trend_state,,,,,,,,,,,,,,,
gate_partition,trend_alignment,IWM,equity,bearish,20,,removed,,,,480,480,0.01821410098193235,0.022937271527470715,-0.14093477090188522,0.1509145646095602,321,159,0,,0.0028971025513090057,0.005817058744131298,parent_trend_state,,,,,,,,,,,,,,,
gate_partition,trend_alignment,IWM,equity,bearish,20,,opposite,,,,0,0,,,,,0,0,0,,,,parent_trend_state,,,,,,,,,,,,,,,
gate_partition,trend_alignment,IWM,equity,bearish,20,,removed,"fast_below_slow,momentum_elevated,momentum_contradicts_trend",,,178,178,0.020545690679524505,0.023533205935040713,-0.10017698844977185,0.12873947186296397,116,62,0,,0.005228692248901162,0.006412993151701296,parent_trend_state,,,,,,,,,,,,,,,
gate_partition,trend_alignment,IWM,equity,bearish,20,,removed,momentum_midrange,,,302,302,0.01683985274957671,0.022527558772151957,-0.14093477090188522,0.1509145646095602,205,97,0,,0.001522854318953366,0.00540734598881254,parent_trend_state,,,,,,,,,,,,,,,
gate_crosstab,trend_alignment,TLT,treasury,bullish,,,,,bullish,,582,,,,,,,,,,,,,,,,,,,,,,,,,,,
gate_crosstab,trend_alignment,TLT,treasury,bullish,,,,,bearish,,0,,,,,,,,,,,,,,,,,,,,,,,,,,,
gate_crosstab,trend_alignment,TLT,treasury,bullish,,,,,neutral,,579,,,,,,,,,,,,,,,,,,,,,,,,,,,
gate_crosstab,trend_alignment,TLT,treasury,bullish,,,,,insufficient_data,,0,,,,,,,,,,,,,,,,,,,,,,,,,,,
gate_crosstab,trend_alignment,TLT,treasury,bearish,,,,,bullish,,0,,,,,,,,,,,,,,,,,,,,,,,,,,,
gate_crosstab,trend_alignment,TLT,treasury,bearish,,,,,bearish,,681,,,,,,,,,,,,,,,,,,,,,,,,,,,
gate_crosstab,trend_alignment,TLT,treasury,bearish,,,,,neutral,,562,,,,,,,,,,,,,,,,,,,,,,,,,,,
gate_crosstab,trend_alignment,TLT,treasury,bearish,,,,,insufficient_data,,0,,,,,,,,,,,,,,,,,,,,,,,,,,,
gate_crosstab,trend_alignment,TLT,treasury,neutral,,,,,bullish,,17,,,,,,,,,,,,,,,,,,,,,,,,,,,
gate_crosstab,trend_alignment,TLT,treasury,neutral,,,,,bearish,,15,,,,,,,,,,,,,,,,,,,,,,,,,,,
gate_crosstab,trend_alignment,TLT,treasury,neutral,,,,,neutral,,80,,,,,,,,,,,,,,,,,,,,,,,,,,,
gate_crosstab,trend_alignment,TLT,treasury,neutral,,,,,insufficient_data,,0,,,,,,,,,,,,,,,,,,,,,,,,,,,
gate_crosstab,trend_alignment,TLT,treasury,insufficient_data,,,,,bullish,,0,,,,,,,,,,,,,,,,,,,,,,,,,,,
gate_crosstab,trend_alignment,TLT,treasury,insufficient_data,,,,,bearish,,0,,,,,,,,,,,,,,,,,,,,,,,,,,,
gate_crosstab,trend_alignment,TLT,treasury,insufficient_data,,,,,neutral,,0,,,,,,,,,,,,,,,,,,,,,,,,,,,
gate_crosstab,trend_alignment,TLT,treasury,insufficient_data,,,,,insufficient_data,,0,,,,,,,,,,,,,,,,,,,,,,,,,,,
gate_partition,trend_alignment,TLT,treasury,bullish,1,,retained,,,,582,582,0.0001351929942622986,0.00023859413285165498,-0.06434253377651955,0.053968253968254,301,275,6,,0.00014003390090394055,0.00013819728172614898,parent_trend_state,,,,,,,,,,,,,,,
gate_partition,trend_alignment,TLT,treasury,bullish,1,,removed,,,,579,579,-0.0001456003717989708,0.0,-0.055548223225586724,0.03998688520543481,289,283,7,,-0.00014075946515732885,-0.000100396851125506,parent_trend_state,,,,,,,,,,,,,,,
gate_partition,trend_alignment,TLT,treasury,bullish,1,,opposite,,,,0,0,,,,,0,0,0,,,,parent_trend_state,,,,,,,,,,,,,,,
gate_partition,trend_alignment,TLT,treasury,bullish,1,,removed,"fast_above_slow,momentum_depressed,momentum_contradicts_trend",,,189,189,0.00024938747242716065,0.00024415055445836664,-0.02136434286859501,0.01634612450232864,98,90,1,,0.0002542283790688026,0.00014375370333286064,parent_trend_state,,,,,,,,,,,,,,,
gate_partition,trend_alignment,TLT,treasury,bullish,1,,removed,momentum_midrange,,,390,390,-0.0003370175578470191,0.0,-0.055548223225586724,0.03998688520543481,191,193,6,,-0.00033217665120537716,-0.000100396851125506,parent_trend_state,,,,,,,,,,,,,,,
gate_partition,trend_alignment,TLT,treasury,bullish,5,,retained,,,,582,582,0.00017801353634521944,0.0008525429137384855,-0.14048019433102354,0.11364668100251474,306,275,1,,-0.00023334888918487265,2.1306062728543296e-05,parent_trend_state,,,,,,,,,,,,,,,
gate_partition,trend_alignment,TLT,treasury,bullish,5,,removed,,,,579,579,0.0006459203763169588,0.0008312368510099422,-0.04545016609606545,0.1060904842575916,306,273,0,,0.00023455795078686676,0.0,parent_trend_state,,,,,,,,,,,,,,,
gate_partition,trend_alignment,TLT,treasury,bullish,5,,opposite,,,,0,0,,,,,0,0,0,,,,parent_trend_state,,,,,,,,,,,,,,,
gate_partition,trend_alignment,TLT,treasury,bullish,5,,removed,"fast_above_slow,momentum_depressed,momentum_contradicts_trend",,,189,189,0.004026040233490254,0.004005849017444607,-0.03656427706505827,0.1060904842575916,119,70,0,,0.0036146778079601616,0.003174612166434665,parent_trend_state,,,,,,,,,,,,,,,
gate_partition,trend_alignment,TLT,treasury,bullish,5,,removed,momentum_midrange,,,390,390,-0.0009921377083131765,-0.0007164429324763022,-0.04545016609606545,0.06588594324457131,187,203,0,,-0.0014035001338432685,-0.0015476797834862444,parent_trend_state,,,,,,,,,,,,,,,
gate_partition,trend_alignment,TLT,treasury,bullish,20,,retained,,,,582,582,-0.0008002890291013368,-0.005994429187714256,-0.08666906877256264,0.18049611358343443,252,330,0,,-0.0011227346922381112,-0.003284609559182694,parent_trend_state,,,,,,,,,,,,,,,
gate_partition,trend_alignment,TLT,treasury,bullish,20,,removed,,,,579,579,0.0014509976335730106,0.0011575176666052123,-0.09133994046004967,0.1574685258265005,297,282,0,,0.0011285519704362361,0.0038673372951367746,parent_trend_state,,,,,,,,,,,,,,,
gate_partition,trend_alignment,TLT,treasury,bullish,20,,opposite,,,,0,0,,,,,0,0,0,,,,parent_trend_state,,,,,,,,,,,,,,,
gate_partition,trend_alignment,TLT,treasury,bullish,20,,removed,"fast_above_slow,momentum_depressed,momentum_contradicts_trend",,,189,189,0.008544232723091936,0.009699961285448477,-0.07128325815972081,0.1574685258265005,113,76,0,,0.008221787059955162,0.01240978091398004,parent_trend_state,,,,,,,,,,,,,,,
gate_partition,trend_alignment,TLT,treasury,bullish,20,,removed,momentum_midrange,,,390,390,-0.001986493217501545,-0.002459778423673342,-0.09133994046004967,0.1208048901349783,184,206,0,,-0.0023089388806383196,0.0002500412048582201,parent_trend_state,,,,,,,,,,,,,,,
gate_partition,trend_alignment,TLT,treasury,bearish,1,,retained,,,,681,681,5.03666911939704e-05,0.00019755533810394965,-0.022487260514570395,0.030152184089240253,347,334,0,,-2.1090102550869465e-05,8.15963341262993e-05,parent_trend_state,,,,,,,,,,,,,,,
gate_partition,trend_alignment,TLT,treasury,bearish,1,,removed,,,,562,562,9.70125941668009e-05,8.288701059488979e-05,-0.024098935965678248,0.025302962401767326,286,274,2,,2.5555800421961033e-05,-3.307199338276057e-05,parent_trend_state,,,,,,,,,,,,,,,
gate_partition,trend_alignment,TLT,treasury,bearish,1,,opposite,,,,0,0,,,,,0,0,0,,,,parent_trend_state,,,,,,,,,,,,,,,
gate_partition,trend_alignment,TLT,treasury,bearish,1,,removed,"fast_below_slow,momentum_elevated,momentum_contradicts_trend",,,173,173,-0.0007262575763119608,-0.0007306857264545163,-0.024098935965678248,0.025302962401767326,77,96,0,,-0.0007977143700568007,-0.0008466447304321667,parent_trend_state,,,,,,,,,,,,,,,
gate_partition,trend_alignment,TLT,treasury,bearish,1,,removed,momentum_midrange,,,389,389,0.0004631456005750934,0.00031926352519939805,-0.015221214237021385,0.023468452818158347,209,178,2,,0.0003916888068302535,0.0002033045212217477,parent_trend_state,,,,,,,,,,,,,,,
gate_partition,trend_alignment,TLT,treasury,bearish,5,,retained,,,,681,681,-0.0018521190772430706,-0.0009389630041413133,-0.07411087160152174,0.05995733934328884,322,357,2,,-0.0005456904800308206,-0.0006002879104097802,parent_trend_state,,,,,,,,,,,,,,,
gate_partition,trend_alignment,TLT,treasury,bearish,5,,removed,,,,562,562,-0.0006451915564631593,0.00034521385325303466,-0.051618208953704836,0.06126999128777144,283,279,0,,0.0006612370407490907,0.0006838889469845677,parent_trend_state,,,,,,,,,,,,,,,
gate_partition,trend_alignment,TLT,treasury,bearish,5,,opposite,,,,0,0,,,,,0,0,0,,,,parent_trend_state,,,,,,,,,,,,,,,
gate_partition,trend_alignment,TLT,treasury,bearish,5,,removed,"fast_below_slow,momentum_elevated,momentum_contradicts_trend",,,173,173,-0.0009406130380046776,-0.001410422058135019,-0.04085537211583268,0.06126999128777144,78,95,0,,0.0003658155592075724,-0.001071746964403486,parent_trend_state,,,,,,,,,,,,,,,
gate_partition,trend_alignment,TLT,treasury,bearish,5,,removed,momentum_midrange,,,389,389,-0.0005138087381940523,0.0010853638682368771,-0.051618208953704836,0.04480546810071728,205,184,0,,0.0007926198590181978,0.0014240389619684102,parent_trend_state,,,,,,,,,,,,,,,
gate_partition,trend_alignment,TLT,treasury,bearish,20,,retained,,,,681,681,-0.008981628632329373,-0.007168065139329327,-0.11569857982905696,0.16680879958201777,303,378,0,,-0.0038159243504503823,-0.002470136463634476,parent_trend_state,,,,,,,,,,,,,,,
gate_partition,trend_alignment,TLT,treasury,bearish,20,,removed,,,,562,562,-0.0005417817148741675,0.0012839357048762823,-0.11180166140730152,0.10907052106285242,288,274,0,,0.004623922567004823,0.0059818643805711336,parent_trend_state,,,,,,,,,,,,,,,
gate_partition,trend_alignment,TLT,treasury,bearish,20,,opposite,,,,0,0,,,,,0,0,0,,,,parent_trend_state,,,,,,,,,,,,,,,
gate_partition,trend_alignment,TLT,treasury,bearish,20,,removed,"fast_below_slow,momentum_elevated,momentum_contradicts_trend",,,173,173,0.002259867978760863,8.280599515408937e-05,-0.08586019659795074,0.09971159603609991,87,86,0,,0.0074255722606398535,0.004780734670848941,parent_trend_state,,,,,,,,,,,,,,,
gate_partition,trend_alignment,TLT,treasury,bearish,20,,removed,momentum_midrange,,,389,389,-0.001787759599190004,0.0017084674007932232,-0.11180166140730152,0.10907052106285242,201,188,0,,0.003377944682688987,0.0064063960764880745,parent_trend_state,,,,,,,,,,,,,,,
gate_crosstab,trend_alignment,GLD,gold,bullish,,,,,bullish,,776,,,,,,,,,,,,,,,,,,,,,,,,,,,
gate_crosstab,trend_alignment,GLD,gold,bullish,,,,,bearish,,0,,,,,,,,,,,,,,,,,,,,,,,,,,,
gate_crosstab,trend_alignment,GLD,gold,bullish,,,,,neutral,,549,,,,,,,,,,,,,,,,,,,,,,,,,,,
gate_crosstab,trend_alignment,GLD,gold,bullish,,,,,insufficient_data,,0,,,,,,,,,,,,,,,,,,,,,,,,,,,
gate_crosstab,trend_alignment,GLD,gold,bearish,,,,,bullish,,0,,,,,,,,,,,,,,,,,,,,,,,,,,,
gate_crosstab,trend_alignment,GLD,gold,bearish,,,,,bearish,,485,,,,,,,,,,,,,,,,,,,,,,,,,,,
gate_crosstab,trend_alignment,GLD,gold,bearish,,,,,neutral,,614,,,,,,,,,,,,,,,,,,,,,,,,,,,
gate_crosstab,trend_alignment,GLD,gold,bearish,,,,,insufficient_data,,0,,,,,,,,,,,,,,,,,,,,,,,,,,,
gate_crosstab,trend_alignment,GLD,gold,neutral,,,,,bullish,,11,,,,,,,,,,,,,,,,,,,,,,,,,,,
gate_crosstab,trend_alignment,GLD,gold,neutral,,,,,bearish,,11,,,,,,,,,,,,,,,,,,,,,,,,,,,
gate_crosstab,trend_alignment,GLD,gold,neutral,,,,,neutral,,70,,,,,,,,,,,,,,,,,,,,,,,,,,,
gate_crosstab,trend_alignment,GLD,gold,neutral,,,,,insufficient_data,,0,,,,,,,,,,,,,,,,,,,,,,,,,,,
gate_crosstab,trend_alignment,GLD,gold,insufficient_data,,,,,bullish,,0,,,,,,,,,,,,,,,,,,,,,,,,,,,
gate_crosstab,trend_alignment,GLD,gold,insufficient_data,,,,,bearish,,0,,,,,,,,,,,,,,,,,,,,,,,,,,,
gate_crosstab,trend_alignment,GLD,gold,insufficient_data,,,,,neutral,,0,,,,,,,,,,,,,,,,,,,,,,,,,,,
gate_crosstab,trend_alignment,GLD,gold,insufficient_data,,,,,insufficient_data,,0,,,,,,,,,,,,,,,,,,,,,,,,,,,
gate_partition,trend_alignment,GLD,gold,bullish,1,,retained,,,,776,776,2.049990882374292e-05,0.0,-0.029848277876936558,0.02593233117632554,387,387,2,,-4.970240622005111e-05,0.0,parent_trend_state,,,,,,,,,,,,,,,
gate_partition,trend_alignment,GLD,gold,bullish,1,,removed,,,,549,549,0.00014045562511075154,-5.338090617956759e-05,-0.0410922196820408,0.030131441990155494,269,275,5,,7.025331006695751e-05,-5.338090617956759e-05,parent_trend_state,,,,,,,,,,,,,,,
gate_partition,trend_alignment,GLD,gold,bullish,1,,opposite,,,,0,0,,,,,0,0,0,,,,parent_trend_state,,,,,,,,,,,,,,,
gate_partition,trend_alignment,GLD,gold,bullish,1,,removed,"fast_above_slow,momentum_depressed,momentum_contradicts_trend",,,194,194,-0.00031213395121234796,-0.0003996649797280982,-0.0410922196820408,0.029659798658522085,87,106,1,,-0.00038233626625614196,-0.0003996649797280982,parent_trend_state,,,,,,,,,,,,,,,
gate_partition,trend_alignment,GLD,gold,bullish,1,,removed,momentum_midrange,,,355,355,0.00038778626681971296,0.0001562970352104731,-0.02468161765520349,0.030131441990155494,182,169,4,,0.0003175839517759189,0.0001562970352104731,parent_trend_state,,,,,,,,,,,,,,,
gate_partition,trend_alignment,GLD,gold,bullish,5,,retained,,,,776,776,0.0017912774229324163,0.0024278364776996186,-0.09659525053372087,0.08443388802044693,429,345,2,,-0.00011374340160770643,0.0007032873915330251,parent_trend_state,,,,,,,,,,,,,,,
gate_partition,trend_alignment,GLD,gold,bullish,5,,removed,,,,549,549,0.0020657947401094856,0.0008776942371413465,-0.07616119008344135,0.0890483844889336,283,266,0,,0.00016077391556936285,-0.000846854849025247,parent_trend_state,,,,,,,,,,,,,,,
gate_partition,trend_alignment,GLD,gold,bullish,5,,opposite,,,,0,0,,,,,0,0,0,,,,parent_trend_state,,,,,,,,,,,,,,,
gate_partition,trend_alignment,GLD,gold,bullish,5,,removed,"fast_above_slow,momentum_depressed,momentum_contradicts_trend",,,194,194,0.002922857064219107,-0.0003904025656045196,-0.07616119008344135,0.0890483844889336,94,100,0,,0.0010178362396789844,-0.002114951651771113,parent_trend_state,,,,,,,,,,,,,,,
gate_partition,trend_alignment,GLD,gold,bullish,5,,removed,momentum_midrange,,,355,355,0.0015974282869340869,0.0013805262268788976,-0.07147100850194399,0.0649449193659064,189,166,0,,-0.00030759253760603584,-0.00034402285928769594,parent_trend_state,,,,,,,,,,,,,,,
gate_partition,trend_alignment,GLD,gold,bullish,20,,retained,,,,776,776,0.006300524054368121,0.0040520525692641085,-0.1160252327422614,0.14086497717735824,415,359,2,,-0.0011350150983075466,-3.632104989803597e-05,parent_trend_state,,,,,,,,,,,,,,,
gate_partition,trend_alignment,GLD,gold,bullish,20,,removed,,,,549,549,0.00903985921877158,0.004186735463445945,-0.07707693500089052,0.17337893665894177,303,245,1,,0.001604320066095912,9.836184428380079e-05,parent_trend_state,,,,,,,,,,,,,,,
gate_partition,trend_alignment,GLD,gold,bullish,20,,opposite,,,,0,0,,,,,0,0,0,,,,parent_trend_state,,,,,,,,,,,,,,,
gate_partition,trend_alignment,GLD,gold,bullish,20,,removed,"fast_above_slow,momentum_depressed,momentum_contradicts_trend",,,194,194,0.01205932614384247,0.0047157781873563565,-0.07707693500089052,0.17337893665894177,112,82,0,,0.004623786991166802,0.000627404568194212,parent_trend_state,,,,,,,,,,,,,,,
gate_partition,trend_alignment,GLD,gold,bullish,20,,removed,momentum_midrange,,,355,355,0.007389784335775094,0.002745211160203098,-0.07534246575342463,0.12586706428623584,191,163,1,,-4.575481690057351e-05,-0.0013431624589590463,parent_trend_state,,,,,,,,,,,,,,,
gate_partition,trend_alignment,GLD,gold,bearish,1,,retained,,,,485,485,-8.176559903739857e-05,0.0,-0.021312185701947373,0.019235654834102833,241,242,2,,4.9733515095597163e-05,9.210070323206754e-05,parent_trend_state,,,,,,,,,,,,,,,
gate_partition,trend_alignment,GLD,gold,bearish,1,,removed,,,,614,614,-0.00017078373110590228,-0.00027220026900837135,-0.02228969366734035,0.022180853472883344,290,321,3,,-3.9284616972906546e-05,-0.00018009956577630382,parent_trend_state,,,,,,,,,,,,,,,
gate_partition,trend_alignment,GLD,gold,bearish,1,,opposite,,,,0,0,,,,,0,0,0,,,,parent_trend_state,,,,,,,,,,,,,,,
gate_partition,trend_alignment,GLD,gold,bearish,1,,removed,"fast_below_slow,momentum_elevated,momentum_contradicts_trend",,,202,202,1.7500120330453848e-05,-0.00038346542439327,-0.02228969366734035,0.016851489178354884,94,108,0,,0.00014899923446344958,-0.0002913647211612025,parent_trend_state,,,,,,,,,,,,,,,
gate_partition,trend_alignment,GLD,gold,bearish,1,,removed,momentum_midrange,,,412,412,-0.0002630976582664458,-0.00016777853008054233,-0.022043486933971623,0.022180853472883344,196,213,3,,-0.00013159854413345007,-7.56778268484748e-05,parent_trend_state,,,,,,,,,,,,,,,
gate_partition,trend_alignment,GLD,gold,bearish,5,,retained,,,,485,485,0.0010984736441697251,0.0019011053162272251,-0.04947826445543935,0.0550500093404076,264,219,2,,0.0002021092413486054,0.0013111335932820545,parent_trend_state,,,,,,,,,,,,,,,
gate_partition,trend_alignment,GLD,gold,bearish,5,,removed,,,,614,614,0.0007367178522444528,0.0,-0.057763476499562705,0.057247210470625864,306,306,2,,-0.000159646550576667,-0.0005899717229451706,parent_trend_state,,,,,,,,,,,,,,,
gate_partition,trend_alignment,GLD,gold,bearish,5,,opposite,,,,0,0,,,,,0,0,0,,,,parent_trend_state,,,,,,,,,,,,,,,
gate_partition,trend_alignment,GLD,gold,bearish,5,,removed,"fast_below_slow,momentum_elevated,momentum_contradicts_trend",,,202,202,-0.00040966954976652797,-0.002242371701836998,-0.04742542630609514,0.05338622630086998,93,108,1,,-0.0013060339525876477,-0.002832343424782169,parent_trend_state,,,,,,,,,,,,,,,
gate_partition,trend_alignment,GLD,gold,bearish,5,,removed,momentum_midrange,,,412,412,0.0012987815784731374,0.0006005346156597868,-0.057763476499562705,0.057247210470625864,213,198,1,,0.00040241717565201764,1.056289271461619e-05,parent_trend_state,,,,,,,,,,,,,,,
gate_partition,trend_alignment,GLD,gold,bearish,20,,retained,,,,485,485,0.005991860059685424,0.005221952138994457,-0.08425392833089096,0.11488046407134833,275,208,2,,0.001304808700652361,0.0028767363455750594,parent_trend_state,,,,,,,,,,,,,,,
gate_partition,trend_alignment,GLD,gold,bearish,20,,removed,,,,614,614,0.0036563799912539183,-1.2934955753440835e-05,-0.10032180944927804,0.14756624152861453,307,307,0,,-0.0010306713677791447,-0.002358150749172838,parent_trend_state,,,,,,,,,,,,,,,
gate_partition,trend_alignment,GLD,gold,bearish,20,,opposite,,,,0,0,,,,,0,0,0,,,,parent_trend_state,,,,,,,,,,,,,,,
gate_partition,trend_alignment,GLD,gold,bearish,20,,removed,"fast_below_slow,momentum_elevated,momentum_contradicts_trend",,,202,202,0.0028976311358525643,0.005558018402042841,-0.0985530706258072,0.14756624152861453,108,94,0,,-0.0017894202231804987,0.003212802608623444,parent_trend_state,,,,,,,,,,,,,,,
gate_partition,trend_alignment,GLD,gold,bearish,20,,removed,momentum_midrange,,,412,412,0.004028387925212834,-0.001475731340782993,-0.10032180944927804,0.10877482663653981,199,213,0,,-0.0006586634338202292,-0.0038209471342023904,parent_trend_state,,,,,,,,,,,,,,,
segment_matched,trend_alignment,SPY,equity,all,1,2015-2016,,,,,504,504,0.00030316724567564705,0.0004442292250911306,-0.04175402297055675,0.02755965436998209,265,235,4,1,,,,,,,,,,,,,,,,,,
segment_state,trend_alignment,SPY,equity,bullish,1,2015-2016,,,,,267,267,0.00039499357133557326,0.00022916513936532823,-0.017006970644078856,0.01950291568956919,139,125,3,9,9.18263256599262e-05,-0.00021506408572580238,segment_matched_unconditional,,,,,,,,,,,,,,,
segment_state,trend_alignment,SPY,equity,bearish,1,2015-2016,,,,,190,190,0.00012889736771536784,0.00036391658615886335,-0.04175402297055675,0.02755965436998209,99,90,1,7,-0.00017426987796027922,-8.031263893226726e-05,segment_matched_unconditional,,,,,,,,,,,,,,,
segment_state,trend_alignment,SPY,equity,neutral,1,2015-2016,,,,,47,47,0.0004860108171916631,0.000984996729083587,-0.012944505019818364,0.014388491970001915,27,20,0,15,0.00018284357151601607,0.0005407675039924564,segment_matched_unconditional,,,,,,,,,,,,,,,
segment_matched,trend_alignment,SPY,equity,all,5,2015-2016,,,,,504,504,0.0013410293153518912,0.0020231978637031967,-0.10435693934476165,0.0628833161272837,285,218,1,1,,,,,,,,,,,,,,,,,,
segment_state,trend_alignment,SPY,equity,bullish,5,2015-2016,,,,,267,267,0.001287852447885421,0.0006689573321150277,-0.04176666740653112,0.04132150395544687,146,121,0,9,-5.317686746647023e-05,-0.001354240531588169,segment_matched_unconditional,,,,,,,,,,,,,,,
segment_state,trend_alignment,SPY,equity,bearish,5,2015-2016,,,,,190,190,0.0028435031980238853,0.0031704871086138953,-0.05401453501346387,0.0628833161272837,110,79,1,7,0.0015024738826719941,0.0011472892449106986,segment_matched_unconditional,,,,,,,,,,,,,,,
segment_state,trend_alignment,SPY,equity,neutral,5,2015-2016,,,,,47,47,-0.004430711410055159,0.0037519403214374414,-0.10435693934476165,0.03119181372931723,29,18,0,15,-0.0057717407254070496,0.0017287424577342447,segment_matched_unconditional,,,,,,,,,,,,,,,
segment_matched,trend_alignment,SPY,equity,all,20,2015-2016,,,,,504,504,0.005167040376445024,0.0062083868877113035,-0.10602440284544223,0.10043735642872464,303,201,0,1,,,,,,,,,,,,,,,,,,
segment_state,trend_alignment,SPY,equity,bullish,20,2015-2016,,,,,267,267,1.0879523357383491e-05,0.002391657925184143,-0.09880036919827362,0.07578918302693705,152,115,0,9,-0.00515616085308764,-0.0038167289625271605,segment_matched_unconditional,,,,,,,,,,,,,,,
segment_state,trend_alignment,SPY,equity,bearish,20,2015-2016,,,,,190,190,0.015024517073954396,0.01811739879345342,-0.10602440284544223,0.10043735642872464,129,61,0,7,0.009857476697509372,0.011909011905742117,segment_matched_unconditional,,,,,,,,,,,,,,,
segment_state,trend_alignment,SPY,equity,neutral,20,2015-2016,,,,,47,47,-0.005390951639563068,-0.00018984788781917228,-0.088762142773399,0.055390623686580875,22,25,0,15,-0.010557992016008093,-0.006398234775530476,segment_matched_unconditional,,,,,,,,,,,,,,,
segment_matched,trend_alignment,SPY,equity,all,1,2017-2018,,,,,502,502,-0.00019609104740770132,0.00014300878427397912,-0.038729914945676236,0.04326817562512408,261,235,6,1,,,,,,,,,,,,,,,,,,
segment_state,trend_alignment,SPY,equity,bullish,1,2017-2018,,,,,365,365,0.00012683278107725464,0.0002451971093901939,-0.038729914945676236,0.03535432159379859,196,164,5,4,0.00032292382848495596,0.00010218832511621478,segment_matched_unconditional,,,,,,,,,,,,,,,
segment_state,trend_alignment,SPY,equity,bearish,1,2017-2018,,,,,120,120,-0.0014667217531680035,-0.0009024131328465579,-0.029305160946653475,0.04326817562512408,53,66,1,3,-0.0012706307057603022,-0.001045421917120537,segment_matched_unconditional,,,,,,,,,,,,,,,
segment_state,trend_alignment,SPY,equity,neutral,1,2017-2018,,,,,17,17,0.001839702322840965,0.0011609018518414782,-0.0021670455822290213,0.013738205745182253,12,5,0,5,0.0020357933702486665,0.001017893067567499,segment_matched_unconditional,,,,,,,,,,,,,,,
segment_matched,trend_alignment,SPY,equity,all,5,2017-2018,,,,,502,502,0.0007774285084749692,0.0025633719218619566,-0.08888030631483645,0.06021948290701373,305,195,2,1,,,,,,,,,,,,,,,,,,
segment_state,trend_alignment,SPY,equity,bullish,5,2017-2018,,,,,365,365,0.0020975007669102454,0.0027871462680477688,-0.08015560827535473,0.04689421609956779,233,130,2,4,0.001320072258435276,0.00022377434618581216,segment_matched_unconditional,,,,,,,,,,,,,,,
segment_state,trend_alignment,SPY,equity,bearish,5,2017-2018,,,,,120,120,-0.0037127278550388265,-0.0013376613643363289,-0.08888030631483645,0.06021948290701373,57,63,0,3,-0.004490156363513796,-0.0039010332861982855,segment_matched_unconditional,,,,,,,,,,,,,,,
segment_state,trend_alignment,SPY,equity,neutral,5,2017-2018,,,,,17,17,0.004129921996285538,0.0043442776562607754,-0.005748359735377573,0.014399298890374057,15,2,0,5,0.003352493487810569,0.0017809057343988188,segment_matched_unconditional,,,,,,,,,,,,,,,
segment_matched,trend_alignment,SPY,equity,all,20,2017-2018,,,,,502,502,0.005421927332216402,0.013065024601200625,-0.12271433345012539,0.11687920680421593,340,162,0,1,,,,,,,,,,,,,,,,,,
segment_state,trend_alignment,SPY,equity,bullish,20,2017-2018,,,,,365,365,0.008676724231767227,0.014183713670472553,-0.09500621634991091,0.06976733324067985,261,104,0,4,0.0032547968995508252,0.0011186890692719276,segment_matched_unconditional,,,,,,,,,,,,,,,
segment_state,trend_alignment,SPY,equity,bearish,20,2017-2018,,,,,120,120,-0.006616744260037419,0.0036601652722548783,-0.12271433345012539,0.11687920680421593,63,57,0,3,-0.01203867159225382,-0.009404859328945747,segment_matched_unconditional,,,,,,,,,,,,,,,
segment_state,trend_alignment,SPY,equity,neutral,20,2017-2018,,,,,17,17,0.02051838161071095,0.02390294706616536,-0.014569771114859131,0.032935874896989015,16,1,0,5,0.015096454278494547,0.010837922464964733,segment_matched_unconditional,,,,,,,,,,,,,,,
segment_matched,trend_alignment,SPY,equity,all,1,2019-2020,,,,,505,505,0.00030440559529089665,0.0008043376958219994,-0.05661153587863332,0.046809905957746034,284,218,3,1,,,,,,,,,,,,,,,,,,
segment_state,trend_alignment,SPY,equity,bullish,1,2019-2020,,,,,381,381,1.1548369518652085e-05,0.000842599820414236,-0.03485215922650364,0.036484374080576254,216,163,2,5,-0.0002928572257722446,3.8262124592236546e-05,segment_matched_unconditional,,,,,,,,,,,,,,,
segment_state,trend_alignment,SPY,equity,bearish,1,2019-2020,,,,,117,117,0.0010567875591145255,0.0006400867328437698,-0.05661153587863332,0.046809905957746034,65,51,1,5,0.0007523819638236289,-0.0001642509629782296,segment_matched_unconditional,,,,,,,,,,,,,,,
segment_state,trend_alignment,SPY,equity,neutral,1,2019-2020,,,,,7,7,0.00366867891698527,-0.0003331347026611642,-0.0022946995089242472,0.02201747792330533,3,4,0,7,0.0033642733216943735,-0.0011374723984831636,segment_matched_unconditional,,,,,,,,,,,,,,,
segment_matched,trend_alignment,SPY,equity,all,5,2019-2020,,,,,505,505,0.003846787475233645,0.006416315111017035,-0.15735668296758132,0.11762305171795329,331,174,0,1,,,,,,,,,,,,,,,,,,
segment_state,trend_alignment,SPY,equity,bullish,5,2019-2020,,,,,381,381,0.002928068831623628,0.005685510296956409,-0.11395796127196078,0.06689408899943938,254,127,0,5,-0.0009187186436100171,-0.000730804814060626,segment_matched_unconditional,,,,,,,,,,,,,,,
segment_state,trend_alignment,SPY,equity,bearish,5,2019-2020,,,,,117,117,0.007199457357642145,0.01046381251193007,-0.15735668296758132,0.11762305171795329,73,44,0,5,0.0033526698824085004,0.004047497400913036,segment_matched_unconditional,,,,,,,,,,,,,,,
segment_state,trend_alignment,SPY,equity,neutral,5,2019-2020,,,,,7,7,-0.0021861515285346617,0.005808307683184077,-0.0578204036710418,0.020524902749724516,4,3,0,7,-0.006032939003768306,-0.0006080074278329572,segment_matched_unconditional,,,,,,,,,,,,,,,
segment_matched,trend_alignment,SPY,equity,all,20,2019-2020,,,,,505,505,0.016576071080870548,0.02565739290034852,-0.3117552779281434,0.23401548413671724,383,122,0,1,,,,,,,,,,,,,,,,,,
segment_state,trend_alignment,SPY,equity,bullish,20,2019-2020,,,,,381,381,0.009542896639637418,0.023362673624319985,-0.3117552779281434,0.11515067720945193,282,99,0,5,-0.00703317444123313,-0.002294719276028534,segment_matched_unconditional,,,,,,,,,,,,,,,
segment_state,trend_alignment,SPY,equity,bearish,20,2019-2020,,,,,117,117,0.040789692342311154,0.03878837873884344,-0.19289794403109595,0.23401548413671724,97,20,0,5,0.024213621261440606,0.013130985838494924,segment_matched_unconditional,,,,,,,,,,,,,,,
segment_state,trend_alignment,SPY,equity,neutral,20,2019-2020,,,,,7,7,-0.005331675416090634,0.03223058181059213,-0.1580099173158248,0.05099827140211799,4,3,0,7,-0.021907746496961183,0.00657318891024361,segment_matched_unconditional,,,,,,,,,,,,,,,
segment_matched,trend_alignment,SPY,equity,all,1,2021-2022,,,,,503,503,0.00013242294082397432,0.0004942254414990188,-0.033572609261206754,0.047994072837921564,264,238,1,1,,,,,,,,,,,,,,,,,,
segment_state,trend_alignment,SPY,equity,bullish,1,2021-2022,,,,,330,330,-0.0003001449964887106,0.0002087232173425546,-0.033572609261206754,0.030822530891824185,170,159,1,5,-0.0004325679373126849,-0.0002855022241564642,segment_matched_unconditional,,,,,,,,,,,,,,,
segment_state,trend_alignment,SPY,equity,bearish,1,2021-2022,,,,,169,169,0.0009062072308398976,0.0010811833864916576,-0.029629584240525086,0.047994072837921564,92,77,0,4,0.0007737842900159232,0.0005869579449926388,segment_matched_unconditional,,,,,,,,,,,,,,,
segment_state,trend_alignment,SPY,equity,neutral,1,2021-2022,,,,,4,4,0.0031268915159477217,0.003499651911470447,-0.0025909209308876413,0.008099183171737634,2,2,0,4,0.0029944685751237474,0.0030054264699714284,segment_matched_unconditional,,,,,,,,,,,,,,,
segment_matched,trend_alignment,SPY,equity,all,5,2021-2022,,,,,503,503,0.0005670609979773703,0.003218094887826428,-0.09677964454721577,0.0672210778095943,273,230,0,1,,,,,,,,,,,,,,,,,,
segment_state,trend_alignment,SPY,equity,bullish,5,2021-2022,,,,,330,330,-0.001348576256697761,0.0007938560601497002,-0.07361906322744927,0.050123213845772785,172,158,0,5,-0.0019156372546751312,-0.002424238827676728,segment_matched_unconditional,,,,,,,,,,,,,,,
segment_state,trend_alignment,SPY,equity,bearish,5,2021-2022,,,,,169,169,0.004126468828739373,0.006653973742781538,-0.09677964454721577,0.0672210778095943,98,71,0,4,0.0035594078307620023,0.00343587885495511,segment_matched_unconditional,,,,,,,,,,,,,,,
segment_state,trend_alignment,SPY,equity,neutral,5,2021-2022,,,,,4,4,0.008222153658981102,0.013639575247730296,-0.012270203912079669,0.017879668052543485,3,1,0,4,0.007655092661003731,0.010421480359903867,segment_matched_unconditional,,,,,,,,,,,,,,,
segment_matched,trend_alignment,SPY,equity,all,20,2021-2022,,,,,503,503,0.002871274922525137,0.010213006719286488,-0.12636559083599075,0.1241401640782418,297,206,0,1,,,,,,,,,,,,,,,,,,
segment_state,trend_alignment,SPY,equity,bullish,20,2021-2022,,,,,330,330,-0.00520823732052538,0.005845202066413924,-0.12636559083599075,0.0702267480760963,185,145,0,5,-0.008079512243050518,-0.0043678046528725645,segment_matched_unconditional,,,,,,,,,,,,,,,
segment_state,trend_alignment,SPY,equity,bearish,20,2021-2022,,,,,169,169,0.018883727270253944,0.03099881212106781,-0.09547407495123206,0.1241401640782418,110,59,0,4,0.016012452347728807,0.02078580540178132,segment_matched_unconditional,,,,,,,,,,,,,,,
segment_state,trend_alignment,SPY,equity,neutral,20,2021-2022,,,,,4,4,-0.007095076717349408,-0.003260759513293021,-0.0852955961423918,0.0634368082995802,2,2,0,4,-0.009966351639874544,-0.01347376623257951,segment_matched_unconditional,,,,,,,,,,,,,,,
segment_matched,trend_alignment,SPY,equity,all,1,2023-2024,,,,,502,502,0.00039071326751536294,0.0006529198656098911,-0.029305526249625125,0.024016281090541547,282,220,0,1,,,,,,,,,,,,,,,,,,
segment_state,trend_alignment,SPY,equity,bullish,1,2023-2024,,,,,366,366,0.00018099113882725338,0.0005366920135977393,-0.029305526249625125,0.016123218055083433,201,165,0,5,-0.00020972212868810956,-0.0001162278520121518,segment_matched_unconditional,,,,,,,,,,,,,,,
segment_state,trend_alignment,SPY,equity,bearish,1,2023-2024,,,,,128,128,0.0007905157484324092,0.0013513532833160369,-0.018846693935490988,0.024016281090541547,74,54,0,5,0.0003998024809170463,0.0006984334177061458,segment_matched_unconditional,,,,,,,,,,,,,,,
segment_state,trend_alignment,SPY,equity,neutral,1,2023-2024,,,,,8,8,0.0035886609603236336,0.0012695084817799795,-0.0008478624684130631,0.013337337118619619,7,1,0,8,0.0031979476928082704,0.0006165886161700884,segment_matched_unconditional,,,,,,,,,,,,,,,
segment_matched,trend_alignment,SPY,equity,all,5,2023-2024,,,,,502,502,0.003948902968609768,0.005522902820389031,-0.06136785154861091,0.05109296113635553,313,189,0,1,,,,,,,,,,,,,,,,,,
segment_state,trend_alignment,SPY,equity,bullish,5,2023-2024,,,,,366,366,0.0029227892441979235,0.004524767008928343,-0.06136785154861091,0.04909419352189337,226,140,0,5,-0.0010261137244118443,-0.0009981358114606875,segment_matched_unconditional,,,,,,,,,,,,,,,
segment_state,trend_alignment,SPY,equity,bearish,5,2023-2024,,,,,128,128,0.006568344370523969,0.008695492334568122,-0.04083242378337959,0.05109296113635553,83,45,0,5,0.0026194414019142017,0.0031725895141790916,segment_matched_unconditional,,,,,,,,,,,,,,,
segment_state,trend_alignment,SPY,equity,neutral,5,2023-2024,,,,,8,8,0.008982543429824422,0.0018080544544776256,-0.002606906898997674,0.03374015527593688,4,4,0,8,0.005033640461214654,-0.003714848365911405,segment_matched_unconditional,,,,,,,,,,,,,,,
segment_matched,trend_alignment,SPY,equity,all,20,2023-2024,,,,,502,502,0.016526215521549086,0.0215351236720549,-0.07619697405038339,0.10171209549179205,366,136,0,1,,,,,,,,,,,,,,,,,,
segment_state,trend_alignment,SPY,equity,bullish,20,2023-2024,,,,,366,366,0.014998947945074198,0.02120767215243724,-0.07619697405038339,0.10171209549179205,267,99,0,5,-0.0015272675764748875,-0.00032745151961766084,segment_matched_unconditional,,,,,,,,,,,,,,,
segment_state,trend_alignment,SPY,equity,bearish,20,2023-2024,,,,,128,128,0.020565918161086768,0.022118109864789348,-0.05979036111401681,0.09925392961984425,94,34,0,5,0.004039702639537682,0.0005829861927344471,segment_matched_unconditional,,,,,,,,,,,,,,,
segment_state,trend_alignment,SPY,equity,neutral,20,2023-2024,,,,,8,8,0.02176346491267228,0.03329048555781455,-0.022634722026702914,0.05742561948569702,5,3,0,8,0.005237249391123196,0.011755361885759652,segment_matched_unconditional,,,,,,,,,,,,,,,
segment_matched,trend_alignment,QQQ,equity,all,1,2015-2016,,,,,504,504,0.0001566398708762105,0.0005537630407689287,-0.038992881050585626,0.04489011542869492,263,238,3,1,,,,,,,,,,,,,,,,,,
segment_state,trend_alignment,QQQ,equity,bullish,1,2015-2016,,,,,300,300,-2.913592915583537e-05,-9.050441785501961e-05,-0.03002745266750939,0.04489011542869492,147,152,1,9,-0.00018577580003204588,-0.0006442674586239483,segment_matched_unconditional,,,,,,,,,,,,,,,
segment_state,trend_alignment,QQQ,equity,bearish,1,2015-2016,,,,,179,179,0.0008340026232685132,0.0019937252522741478,-0.03840709302576728,0.03184522804849932,107,70,2,8,0.0006773627523923027,0.001439962211505219,segment_matched_unconditional,,,,,,,,,,,,,,,
segment_state,trend_alignment,QQQ,equity,neutral,1,2015-2016,,,,,25,25,-0.002463967835868126,-0.0019420983058058283,-0.038992881050585626,0.013001583968152763,9,16,0,15,-0.0026206077067443367,-0.002495861346574757,segment_matched_unconditional,,,,,,,,,,,,,,,
segment_matched,trend_alignment,QQQ,equity,all,5,2015-2016,,,,,504,504,0.001794309909804478,0.0031228612100794306,-0.11520488709071874,0.12087444533461689,294,210,0,1,,,,,,,,,,,,,,,,,,
segment_state,trend_alignment,QQQ,equity,bullish,5,2015-2016,,,,,300,300,-0.0006626009143107833,0.0012845450858190999,-0.11520488709071874,0.12087444533461689,166,134,0,9,-0.0024569108241152614,-0.0018383161242603308,segment_matched_unconditional,,,,,,,,,,,,,,,
segment_state,trend_alignment,QQQ,equity,bearish,5,2015-2016,,,,,179,179,0.006090089453133765,0.009525693848140504,-0.07087799951561757,0.06149175364424275,115,64,0,8,0.0042957795433292865,0.006402832638061073,segment_matched_unconditional,,,,,,,,,,,,,,,
segment_state,trend_alignment,QQQ,equity,neutral,5,2015-2016,,,,,25,25,0.0005194582689499238,0.005295429494442505,-0.052013966468876904,0.04283971606750003,13,12,0,15,-0.0012748516408545543,0.0021725682843630745,segment_matched_unconditional,,,,,,,,,,,,,,,
segment_matched,trend_alignment,QQQ,equity,all,20,2015-2016,,,,,504,504,0.008175638709561901,0.011021701773505477,-0.11924222035721344,0.12936500884267987,317,186,1,1,,,,,,,,,,,,,,,,,,
segment_state,trend_alignment,QQQ,equity,bullish,20,2015-2016,,,,,300,300,-0.000690215926074772,0.004169414454813114,-0.11924222035721344,0.12151115929467582,167,133,0,9,-0.008865854635636673,-0.006852287318692363,segment_matched_unconditional,,,,,,,,,,,,,,,
segment_state,trend_alignment,QQQ,equity,bearish,20,2015-2016,,,,,179,179,0.023572809106897165,0.02544575400822202,-0.08757194179859895,0.12936500884267987,134,44,1,8,0.015397170397335264,0.014424052234716545,segment_matched_unconditional,,,,,,,,,,,,,,,
segment_state,trend_alignment,QQQ,equity,neutral,20,2015-2016,,,,,25,25,0.004322154292281475,0.015065553679678878,-0.11032799572141727,0.07529693337028975,16,9,0,15,-0.0038534844172804263,0.004043851906173401,segment_matched_unconditional,,,,,,,,,,,,,,,
segment_matched,trend_alignment,QQQ,equity,all,1,2017-2018,,,,,502,502,-4.0503430332193797e-07,0.0006343765610276053,-0.04466407037151843,0.050868519366345843,274,225,3,1,,,,,,,,,,,,,,,,,,
segment_state,trend_alignment,QQQ,equity,bullish,1,2017-2018,,,,,402,402,0.00016625839700301184,0.0006595413985268639,-0.04463951180993453,0.041717477067257036,222,177,3,4,0.00016666343130633377,2.5164837499258574e-05,segment_matched_unconditional,,,,,,,,,,,,,,,
segment_state,trend_alignment,QQQ,equity,bearish,1,2017-2018,,,,,89,89,-0.0008576638830538545,0.00023615007292110413,-0.04466407037151843,0.050868519366345843,45,44,0,3,-0.0008572588487505325,-0.0003982264881065012,segment_matched_unconditional,,,,,,,,,,,,,,,
segment_state,trend_alignment,QQQ,equity,neutral,1,2017-2018,,,,,11,11,0.0008448075251195165,0.0007623578589641689,-0.014161630984714346,0.015858574001060166,7,4,0,5,0.0008452125594228385,0.00012798129793656354,segment_matched_unconditional,,,,,,,,,,,,,,,
segment_matched,trend_alignment,QQQ,equity,all,5,2017-2018,,,,,502,502,0.002216855182265682,0.004826120816094792,-0.09549318928035644,0.06754895869914512,306,194,2,1,,,,,,,,,,,,,,,,,,
segment_state,trend_alignment,QQQ,equity,bullish,5,2017-2018,,,,,402,402,0.0030085706118706027,0.005421257606454732,-0.08278545039375063,0.06477317920145209,256,145,1,4,0.0007917154296049208,0.0005951367903599403,segment_matched_unconditional,,,,,,,,,,,,,,,
segment_state,trend_alignment,QQQ,equity,bearish,5,2017-2018,,,,,89,89,-0.0019213611304540654,0.0010046578937425998,-0.09549318928035644,0.06754895869914512,45,43,1,3,-0.004138216312719748,-0.0038214629223521923,segment_matched_unconditional,,,,,,,,,,,,,,,
segment_state,trend_alignment,QQQ,equity,neutral,5,2017-2018,,,,,11,11,0.0067651869214365315,-5.943688265153124e-05,-0.008289561990730276,0.04812055338761079,5,6,0,5,0.00454833173917085,-0.004885557698746323,segment_matched_unconditional,,,,,,,,,,,,,,,
segment_matched,trend_alignment,QQQ,equity,all,20,2017-2018,,,,,502,502,0.010889615072231093,0.01532486957139867,-0.12605720279316934,0.12489657353525674,347,155,0,1,,,,,,,,,,,,,,,,,,
segment_state,trend_alignment,QQQ,equity,bullish,20,2017-2018,,,,,402,402,0.013685965414853523,0.016477134398914517,-0.12246653111136829,0.1127105069738219,296,106,0,4,0.00279635034262243,0.0011522648275158476,segment_matched_unconditional,,,,,,,,,,,,,,,
segment_state,trend_alignment,QQQ,equity,bearish,20,2017-2018,,,,,89,89,0.0005293533657057879,0.003273901007913471,-0.12605720279316934,0.12489657353525674,46,43,0,3,-0.010360261706525304,-0.012050968563485198,segment_matched_unconditional,,,,,,,,,,,,,,,
segment_state,trend_alignment,QQQ,equity,neutral,20,2017-2018,,,,,11,11,-0.007480343641720163,-0.010776441128699243,-0.06753631664309157,0.045987335086791425,5,6,0,5,-0.018369958713951254,-0.026101310700097913,segment_matched_unconditional,,,,,,,,,,,,,,,
segment_matched,trend_alignment,QQQ,equity,all,1,2019-2020,,,,,505,505,0.0006690069629619489,0.0011060554150048585,-0.0607461660131684,0.04367215419883519,278,225,2,1,,,,,,,,,,,,,,,,,,
segment_state,trend_alignment,QQQ,equity,bullish,1,2019-2020,,,,,391,391,0.0007018017335002935,0.0012830484749870585,-0.035860456969243226,0.036097247749314,220,169,2,5,3.279477053834466e-05,0.00017699305998220005,segment_matched_unconditional,,,,,,,,,,,,,,,
segment_state,trend_alignment,QQQ,equity,bearish,1,2019-2020,,,,,107,107,0.0008595263471179853,0.00021448720740524507,-0.0607461660131684,0.04367215419883519,55,52,0,5,0.0001905193841560364,-0.0008915682075996134,segment_matched_unconditional,,,,,,,,,,,,,,,
segment_state,trend_alignment,QQQ,equity,neutral,1,2019-2020,,,,,7,7,-0.004075040092065004,-0.002040935492926166,-0.02303006184828804,0.008758288785815083,3,4,0,6,-0.004744047055026953,-0.0031469909079310243,segment_matched_unconditional,,,,,,,,,,,,,,,
segment_matched,trend_alignment,QQQ,equity,all,5,2019-2020,,,,,505,505,0.0066007543608769675,0.00828787205065007,-0.158172131977789,0.10665416709989994,322,183,0,1,,,,,,,,,,,,,,,,,,
segment_state,trend_alignment,QQQ,equity,bullish,5,2019-2020,,,,,391,391,0.004401613779196455,0.007625603806393322,-0.158172131977789,0.08372256294664293,250,141,0,5,-0.0021991405816805124,-0.0006622682442567474,segment_matched_unconditional,,,,,,,,,,,,,,,
segment_state,trend_alignment,QQQ,equity,bearish,5,2019-2020,,,,,107,107,0.015545949850821549,0.016715313573395285,-0.08633060540229243,0.10665416709989994,70,37,0,5,0.008945195489944581,0.008427441522745216,segment_matched_unconditional,,,,,,,,,,,,,,,
segment_state,trend_alignment,QQQ,equity,neutral,5,2019-2020,,,,,7,7,-0.0072952384944072746,-0.016705678216049846,-0.019794141599718262,0.022915461272652538,2,5,0,6,-0.013895992855284242,-0.024993550266699915,segment_matched_unconditional,,,,,,,,,,,,,,,
segment_matched,trend_alignment,QQQ,equity,all,20,2019-2020,,,,,505,505,0.028636939539802755,0.03979167885047885,-0.2749464537397952,0.24467591722579995,397,108,0,1,,,,,,,,,,,,,,,,,,
segment_state,trend_alignment,QQQ,equity,bullish,20,2019-2020,,,,,391,391,0.020718855808764577,0.03771244709219079,-0.2749464537397952,0.13276946735966466,301,90,0,5,-0.007918083731038177,-0.002079231758288058,segment_matched_unconditional,,,,,,,,,,,,,,,
segment_state,trend_alignment,QQQ,equity,bearish,20,2019-2020,,,,,107,107,0.0580706628751789,0.051398714565412895,-0.04039272872606603,0.24467591722579995,89,18,0,5,0.029433723335376142,0.011607035714934044,segment_matched_unconditional,,,,,,,,,,,,,,,
segment_state,trend_alignment,QQQ,equity,neutral,20,2019-2020,,,,,7,7,0.02100298838990008,0.024207198229012628,0.0015146905442464664,0.048415405157226754,7,0,0,6,-0.0076339511499026735,-0.015584480621466223,segment_matched_unconditional,,,,,,,,,,,,,,,
segment_matched,trend_alignment,QQQ,equity,all,1,2021-2022,,,,,503,503,-3.612884212517297e-05,0.0006601687042855353,-0.04008991003755624,0.06790237782320374,263,240,0,1,,,,,,,,,,,,,,,,,,
segment_state,trend_alignment,QQQ,equity,bullish,1,2021-2022,,,,,271,271,-0.0006599026109885204,0.0004575062393361584,-0.04008991003755624,0.04458050554383486,142,129,0,7,-0.0006237737688633474,-0.0002026624649493769,segment_matched_unconditional,,,,,,,,,,,,,,,
segment_state,trend_alignment,QQQ,equity,bearish,1,2021-2022,,,,,222,222,0.0008479310315427834,0.0010556270513673027,-0.0385694008179881,0.06790237782320374,117,105,0,7,0.0008840598736679563,0.0003954583470817674,segment_matched_unconditional,,,,,,,,,,,,,,,
segment_state,trend_alignment,QQQ,equity,neutral,1,2021-2022,,,,,10,10,-0.002757988901357089,-0.0037075676513206313,-0.018243091540787182,0.010375769744690677,4,6,0,9,-0.0027218600592319162,-0.004367736355606167,segment_matched_unconditional,,,,,,,,,,,,,,,
segment_matched,trend_alignment,QQQ,equity,all,5,2021-2022,,,,,503,503,-0.0008695432576420076,0.0005450829783051336,-0.1072317923955386,0.09099969223734328,257,246,0,1,,,,,,,,,,,,,,,,,,
segment_state,trend_alignment,QQQ,equity,bullish,5,2021-2022,,,,,271,271,-0.0040351046112965215,-0.0011298890439150888,-0.09067923293425417,0.06299234186247515,127,144,0,7,-0.003165561353654514,-0.0016749720222202225,segment_matched_unconditional,,,,,,,,,,,,,,,
segment_state,trend_alignment,QQQ,equity,bearish,5,2021-2022,,,,,222,222,0.003456964573378449,0.006964146373777624,-0.1072317923955386,0.09099969223734328,126,96,0,7,0.004326507831020457,0.006419063395472491,segment_matched_unconditional,,,,,,,,,,,,,,,
segment_state,trend_alignment,QQQ,equity,neutral,5,2021-2022,,,,,10,10,-0.011131304422258815,-0.008398810536708712,-0.0731899162307783,0.014812013122989853,4,6,0,9,-0.010261761164616807,-0.008943893515013845,segment_matched_unconditional,,,,,,,,,,,,,,,
segment_matched,trend_alignment,QQQ,equity,all,20,2021-2022,,,,,503,503,-0.002781569554741747,0.0012162491493721284,-0.15959475855930672,0.1517368243514301,254,249,0,1,,,,,,,,,,,,,,,,,,
segment_state,trend_alignment,QQQ,equity,bullish,20,2021-2022,,,,,271,271,-0.019660231943531045,-0.014370520883148608,-0.15959475855930672,0.12663530344020257,115,156,0,7,-0.0168786623887893,-0.015586770032520736,segment_matched_unconditional,,,,,,,,,,,,,,,
segment_state,trend_alignment,QQQ,equity,bearish,20,2021-2022,,,,,222,222,0.018233978397790316,0.027934092690633072,-0.1422226743589784,0.1517368243514301,135,87,0,7,0.021015547952532063,0.026717843541260944,segment_matched_unconditional,,,,,,,,,,,,,,,
segment_state,trend_alignment,QQQ,equity,neutral,20,2021-2022,,,,,10,10,-0.011914983364763643,-0.021567384778299004,-0.13319374285515628,0.09533234015241443,4,6,0,9,-0.009133413810021897,-0.022783633927671132,segment_matched_unconditional,,,,,,,,,,,,,,,
segment_matched,trend_alignment,QQQ,equity,all,1,2023-2024,,,,,502,502,0.0006110312136605234,0.0013076250850998505,-0.03490619986683241,0.029563750196623273,280,222,0,1,,,,,,,,,,,,,,,,,,
segment_state,trend_alignment,QQQ,equity,bullish,1,2023-2024,,,,,368,368,0.00027068848685996466,0.000595114948789166,-0.03490619986683241,0.029563750196623273,198,170,0,4,-0.0003403427268005587,-0.0007125101363106845,segment_matched_unconditional,,,,,,,,,,,,,,,
segment_state,trend_alignment,QQQ,equity,bearish,1,2023-2024,,,,,125,125,0.0017190387330556227,0.0031632648302888366,-0.026249191419836726,0.025446417730520032,76,49,0,4,0.0011080075193950992,0.0018556397451889861,segment_matched_unconditional,,,,,,,,,,,,,,,
segment_state,trend_alignment,QQQ,equity,neutral,1,2023-2024,,,,,9,9,-0.0008617261709819024,0.00155404990108865,-0.030646234915239656,0.022112053546578636,6,3,0,6,-0.0014727573846424259,0.0002464248159887994,segment_matched_unconditional,,,,,,,,,,,,,,,
segment_matched,trend_alignment,QQQ,equity,all,5,2023-2024,,,,,502,502,0.006170613386802607,0.00663906904139544,-0.0784085551684004,0.06753425075583253,314,188,0,1,,,,,,,,,,,,,,,,,,
segment_state,trend_alignment,QQQ,equity,bullish,5,2023-2024,,,,,368,368,0.0037840236130523056,0.0033496959257552916,-0.0784085551684004,0.06497392547487002,221,147,0,4,-0.002386589773750301,-0.0032893731156401484,segment_matched_unconditional,,,,,,,,,,,,,,,
segment_state,trend_alignment,QQQ,equity,bearish,5,2023-2024,,,,,125,125,0.012158266996025973,0.014585352499571602,-0.055469024986395166,0.06753425075583253,84,41,0,4,0.005987653609223366,0.007946283458176162,segment_matched_unconditional,,,,,,,,,,,,,,,
segment_state,trend_alignment,QQQ,equity,neutral,5,2023-2024,,,,,9,9,0.02059376178537928,0.014656507164092947,0.006651379105465205,0.0525457729977743,9,0,0,6,0.014423148398576675,0.008017438122697507,segment_matched_unconditional,,,,,,,,,,,,,,,
segment_matched,trend_alignment,QQQ,equity,all,20,2023-2024,,,,,502,502,0.02506867858692433,0.026373364431275026,-0.13576642875974287,0.18057866661396238,377,124,1,1,,,,,,,,,,,,,,,,,,
segment_state,trend_alignment,QQQ,equity,bullish,20,2023-2024,,,,,368,368,0.02126417031492216,0.024100768067759626,-0.13576642875974287,0.12140048173094908,276,91,1,4,-0.003804508272002169,-0.0022725963635154,segment_matched_unconditional,,,,,,,,,,,,,,,
segment_state,trend_alignment,QQQ,equity,bearish,20,2023-2024,,,,,125,125,0.0357250584713122,0.03619944553334431,-0.05926628876142137,0.18057866661396238,94,31,0,4,0.010656379884387873,0.009826081102069284,segment_matched_unconditional,,,,,,,,,,,,,,,
segment_state,trend_alignment,QQQ,equity,neutral,20,2023-2024,,,,,9,9,0.0326255184256259,0.0426255474673809,-0.03966302253079024,0.08255256861464044,7,2,0,6,0.007556839838701573,0.01625218303610587,segment_matched_unconditional,,,,,,,,,,,,,,,
segment_matched,trend_alignment,IWM,equity,all,1,2015-2016,,,,,504,504,0.0003702404815932345,0.0007971815816272265,-0.03822885132561482,0.037770994370866395,271,232,1,1,,,,,,,,,,,,,,,,,,
segment_state,trend_alignment,IWM,equity,bullish,1,2015-2016,,,,,326,326,0.00036127996188764006,0.0008127292324177082,-0.024376623821798504,0.030549295731480575,178,147,1,6,-8.960519705594446e-06,1.5547650790481704e-05,segment_matched_unconditional,,,,,,,,,,,,,,,
segment_state,trend_alignment,IWM,equity,bearish,1,2015-2016,,,,,162,162,0.000391751005766233,0.0007986098364158867,-0.03822885132561482,0.037770994370866395,85,77,0,5,2.1510524172998493e-05,1.4282547886601549e-06,segment_matched_unconditional,,,,,,,,,,,,,,,
segment_state,trend_alignment,IWM,equity,neutral,1,2015-2016,,,,,16,16,0.0003350170133431113,0.00033520774865480885,-0.015151569269906351,0.013203446208696734,8,8,0,9,-3.522346825012322e-05,-0.0004619738329724177,segment_matched_unconditional,,,,,,,,,,,,,,,
segment_matched,trend_alignment,IWM,equity,all,5,2015-2016,,,,,504,504,0.001830036273361006,0.0038333058309338863,-0.08990612754204541,0.09713754270696962,284,219,1,1,,,,,,,,,,,,,,,,,,
segment_state,trend_alignment,IWM,equity,bullish,5,2015-2016,,,,,326,326,0.0018692048561747626,0.003169222613318423,-0.05765557575537883,0.06379954013475708,184,141,1,6,3.916858281375647e-05,-0.0006640832176154632,segment_matched_unconditional,,,,,,,,,,,,,,,
segment_state,trend_alignment,IWM,equity,bearish,5,2015-2016,,,,,162,162,0.0010715937804021726,0.0023227675970811656,-0.08990612754204541,0.09713754270696962,87,75,0,5,-0.0007584424929588335,-0.0015105382338527207,segment_matched_unconditional,,,,,,,,,,,,,,,
segment_state,trend_alignment,IWM,equity,neutral,5,2015-2016,,,,,16,16,0.008711206639738907,0.009250957001745164,-0.024401915949207154,0.031777426151674115,13,3,0,9,0.006881170366377901,0.005417651170811277,segment_matched_unconditional,,,,,,,,,,,,,,,
segment_matched,trend_alignment,IWM,equity,all,20,2015-2016,,,,,504,504,0.006931309195877155,0.01001605463542421,-0.13386927095416767,0.1509145646095602,291,213,0,1,,,,,,,,,,,,,,,,,,
segment_state,trend_alignment,IWM,equity,bullish,20,2015-2016,,,,,326,326,0.0031209547434191383,0.006613506749051257,-0.12870942863266333,0.101687199003343,176,150,0,6,-0.0038103544524580165,-0.003402547886372953,segment_matched_unconditional,,,,,,,,,,,,,,,
segment_state,trend_alignment,IWM,equity,bearish,20,2015-2016,,,,,162,162,0.0140343253962419,0.014485280749686802,-0.13386927095416767,0.1509145646095602,104,58,0,5,0.007103016200364746,0.004469226114262592,segment_matched_unconditional,,,,,,,,,,,,,,,
segment_state,trend_alignment,IWM,equity,neutral,20,2015-2016,,,,,16,16,0.012649242136016224,0.020493910276265237,-0.11580634818416058,0.06934120801392507,11,5,0,9,0.005717932940139069,0.010477855640841027,segment_matched_unconditional,,,,,,,,,,,,,,,
segment_matched,trend_alignment,IWM,equity,all,1,2017-2018,,,,,502,502,-0.00039808948717837166,0.0001647217770628373,-0.04052029741488816,0.044741795621640934,255,244,3,1,,,,,,,,,,,,,,,,,,
segment_state,trend_alignment,IWM,equity,bullish,1,2017-2018,,,,,341,341,-0.0001606645534384264,0.00043883485710805026,-0.03277736962085254,0.028585196846034666,177,162,2,7,0.00023742493373994525,0.00027411308004521295,segment_matched_unconditional,,,,,,,,,,,,,,,
segment_state,trend_alignment,IWM,equity,bearish,1,2017-2018,,,,,132,132,-0.0012980370976048065,-0.00028399057683908824,-0.04052029741488816,0.044741795621640934,63,68,1,5,-0.0008999476104264349,-0.00044871235390192554,segment_matched_unconditional,,,,,,,,,,,,,,,
segment_state,trend_alignment,IWM,equity,neutral,1,2017-2018,,,,,29,29,0.0009064340359584584,5.929604744836503e-05,-0.010086521069825771,0.014074028862847143,15,14,0,11,0.00130452352313683,-0.00010542572961447227,segment_matched_unconditional,,,,,,,,,,,,,,,
segment_matched,trend_alignment,IWM,equity,all,5,2017-2018,,,,,502,502,-0.00011062949965638243,0.0005171369778552704,-0.08954142734907944,0.07233107127968452,258,243,1,1,,,,,,,,,,,,,,,,,,
segment_state,trend_alignment,IWM,equity,bullish,5,2017-2018,,,,,341,341,0.0003753050659674773,0.0007591526003649651,-0.06846859736813504,0.043697238285851814,175,166,0,7,0.00048593456562385975,0.00024201562250969477,segment_matched_unconditional,,,,,,,,,,,,,,,
segment_state,trend_alignment,IWM,equity,bearish,5,2017-2018,,,,,132,132,-0.00237246813152679,-0.0010689491753365088,-0.08954142734907944,0.07233107127968452,63,68,1,5,-0.0022618386318704075,-0.0015860861531917791,segment_matched_unconditional,,,,,,,,,,,,,,,
segment_state,trend_alignment,IWM,equity,neutral,5,2017-2018,,,,,29,29,0.004470715759969743,0.010058610355968556,-0.06216789420324431,0.03399997287326384,20,9,0,11,0.004581345259626125,0.009541473378113285,segment_matched_unconditional,,,,,,,,,,,,,,,
segment_matched,trend_alignment,IWM,equity,all,20,2017-2018,,,,,502,502,0.002655249666488983,0.006579934170371837,-0.1569783613786293,0.15196391057102532,301,200,1,1,,,,,,,,,,,,,,,,,,
segment_state,trend_alignment,IWM,equity,bullish,20,2017-2018,,,,,341,341,0.002095382994180354,0.006798149421471944,-0.13315910684288335,0.08358289499279703,208,132,1,7,-0.0005598666723086289,0.00021821525110010676,segment_matched_unconditional,,,,,,,,,,,,,,,
segment_state,trend_alignment,IWM,equity,bearish,20,2017-2018,,,,,132,132,0.0032392177175471814,0.007669407472711609,-0.1569783613786293,0.15196391057102532,75,57,0,5,0.0005839680510581983,0.0010894733023397718,segment_matched_unconditional,,,,,,,,,,,,,,,
segment_state,trend_alignment,IWM,equity,neutral,20,2017-2018,,,,,29,29,0.006580448029163477,0.00488012700763818,-0.0626564550035782,0.05561734573648924,18,11,0,11,0.003925198362674494,-0.0016998071627336575,segment_matched_unconditional,,,,,,,,,,,,,,,
segment_matched,trend_alignment,IWM,equity,all,1,2019-2020,,,,,505,505,-0.00019565329291772093,0.0003887362966006336,-0.046032037134682735,0.05784819015968368,259,243,3,1,,,,,,,,,,,,,,,,,,
segment_state,trend_alignment,IWM,equity,bullish,1,2019-2020,,,,,342,342,-0.00014251636540227628,0.0006039015445180596,-0.041819689313975394,0.05784819015968368,179,160,3,7,5.3136927515444644e-05,0.00021516524791742597,segment_matched_unconditional,,,,,,,,,,,,,,,
segment_state,trend_alignment,IWM,equity,bearish,1,2019-2020,,,,,146,146,0.0002973010378688475,0.0008459261008249008,-0.046032037134682735,0.047247593686658984,76,70,0,6,0.0004929543307865685,0.00045718980422426725,segment_matched_unconditional,,,,,,,,,,,,,,,
segment_state,trend_alignment,IWM,equity,neutral,1,2019-2020,,,,,17,17,-0.005498251028513077,-0.0041640559247793085,-0.03821072206875076,0.020705529630176578,4,13,0,10,-0.005302597735595356,-0.004552792221379942,segment_matched_unconditional,,,,,,,,,,,,,,,
segment_matched,trend_alignment,IWM,equity,all,5,2019-2020,,,,,505,505,0.0036525102961535334,0.005608200993033607,-0.230792089806085,0.16070931111124476,298,207,0,1,,,,,,,,,,,,,,,,,,
segment_state,trend_alignment,IWM,equity,bullish,5,2019-2020,,,,,342,342,0.003611907457303863,0.0043736953805070256,-0.11352956902063704,0.11694589177744996,197,145,0,7,-4.060283884967054e-05,-0.0012345056125265819,segment_matched_unconditional,,,,,,,,,,,,,,,
segment_state,trend_alignment,IWM,equity,bearish,5,2019-2020,,,,,146,146,0.004905610121501664,0.009640677018171395,-0.230792089806085,0.16070931111124476,92,54,0,6,0.0012530998253481307,0.004032476025137788,segment_matched_unconditional,,,,,,,,,,,,,,,
segment_state,trend_alignment,IWM,equity,neutral,5,2019-2020,,,,,17,17,-0.006292572269389977,0.0011665179009723303,-0.09594710688703456,0.060931330769777414,9,8,0,10,-0.00994508256554351,-0.004441683092061277,segment_matched_unconditional,,,,,,,,,,,,,,,
segment_matched,trend_alignment,IWM,equity,all,20,2019-2020,,,,,505,505,0.018299694006906106,0.02481964768070566,-0.40458603421785844,0.2461822494656265,345,160,0,1,,,,,,,,,,,,,,,,,,
segment_state,trend_alignment,IWM,equity,bullish,20,2019-2020,,,,,342,342,0.015769211198500645,0.017141876564944147,-0.40458603421785844,0.20174112197092775,225,117,0,7,-0.002530482808405461,-0.007677771115761511,segment_matched_unconditional,,,,,,,,,,,,,,,
segment_state,trend_alignment,IWM,equity,bearish,20,2019-2020,,,,,146,146,0.03024491843801152,0.04119042126967254,-0.30569882969316575,0.2461822494656265,113,33,0,6,0.011945224431105413,0.01637077358896688,segment_matched_unconditional,,,,,,,,,,,,,,,
segment_state,trend_alignment,IWM,equity,neutral,20,2019-2020,,,,,17,17,-0.03338134402054821,-0.007154370957256684,-0.3853064305954673,0.1302983974016656,7,10,0,10,-0.051681038027454315,-0.03197401863796234,segment_matched_unconditional,,,,,,,,,,,,,,,
segment_matched,trend_alignment,IWM,equity,all,1,2021-2022,,,,,503,503,-0.0005211110299880554,-0.00026947029076340723,-0.04440562684688132,0.05161419702570291,245,258,0,1,,,,,,,,,,,,,,,,,,
segment_state,trend_alignment,IWM,equity,bullish,1,2021-2022,,,,,244,244,-0.0009475783421404057,-0.000264381108370626,-0.04440562684688132,0.034967074865157155,119,125,0,8,-0.00042646731215235023,5.089182392781222e-06,segment_matched_unconditional,,,,,,,,,,,,,,,
segment_state,trend_alignment,IWM,equity,bearish,1,2021-2022,,,,,245,245,0.00020162976094290143,-0.00017963207978100026,-0.034329094280392325,0.05161419702570291,121,124,0,8,0.0007227407909309568,8.983821098240696e-05,segment_matched_unconditional,,,,,,,,,,,,,,,
segment_state,trend_alignment,IWM,equity,neutral,1,2021-2022,,,,,14,14,-0.005736358859481697,-0.007014503412230533,-0.023814484487480247,0.014132338242414999,5,9,0,12,-0.005215247829493641,-0.0067450331214671255,segment_matched_unconditional,,,,,,,,,,,,,,,
segment_matched,trend_alignment,IWM,equity,all,5,2021-2022,,,,,503,503,-0.0012594891989695406,-0.0013050622690635727,-0.10927788236400093,0.08453694535778578,245,258,0,1,,,,,,,,,,,,,,,,,,
segment_state,trend_alignment,IWM,equity,bullish,5,2021-2022,,,,,244,244,-0.0055305489207629465,-0.0076244941985102455,-0.0845614717473312,0.07483555452016244,96,148,0,8,-0.004271059721793406,-0.006319431929446673,segment_matched_unconditional,,,,,,,,,,,,,,,
segment_state,trend_alignment,IWM,equity,bearish,5,2021-2022,,,,,245,245,0.0031355616703710163,0.006836829545500356,-0.10927788236400093,0.08453694535778578,144,101,0,8,0.004395050869340557,0.008141891814563929,segment_matched_unconditional,,,,,,,,,,,,,,,
segment_state,trend_alignment,IWM,equity,neutral,5,2021-2022,,,,,14,14,-0.0037344099754584937,-0.006130403634177495,-0.04059407919146818,0.05365170253796525,5,9,0,12,-0.0024749207764889532,-0.004825341365113922,segment_matched_unconditional,,,,,,,,,,,,,,,
segment_matched,trend_alignment,IWM,equity,all,20,2021-2022,,,,,503,503,-0.0038871468553899305,-0.0023591810198650975,-0.14349339257082716,0.15971071621509636,245,258,0,1,,,,,,,,,,,,,,,,,,
segment_state,trend_alignment,IWM,equity,bullish,20,2021-2022,,,,,244,244,-0.019387804036051948,-0.018595035162334794,-0.14349339257082716,0.10834268671054614,94,150,0,8,-0.015500657180662018,-0.016235854142469697,segment_matched_unconditional,,,,,,,,,,,,,,,
segment_state,trend_alignment,IWM,equity,bearish,20,2021-2022,,,,,245,245,0.011500649514957042,0.012019438985690911,-0.14093477090188522,0.15971071621509636,146,99,0,8,0.015387796370346972,0.014378620005556009,segment_matched_unconditional,,,,,,,,,,,,,,,
segment_state,trend_alignment,IWM,equity,neutral,20,2021-2022,,,,,14,14,-0.0030192724734953475,-0.01838123113003648,-0.07336730487205367,0.07507453711899958,5,9,0,12,0.000867874381894583,-0.016022050110171382,segment_matched_unconditional,,,,,,,,,,,,,,,
segment_matched,trend_alignment,IWM,equity,all,1,2023-2024,,,,,502,502,-0.0001541172889184926,8.273675833236904e-05,-0.049087189483419946,0.03329767784236326,252,250,0,1,,,,,,,,,,,,,,,,,,
segment_state,trend_alignment,IWM,equity,bullish,1,2023-2024,,,,,327,327,-0.00030531106992100063,-0.0002297617545188313,-0.049087189483419946,0.03329767784236326,161,166,0,6,-0.00015119378100250804,-0.00031249851285120034,segment_matched_unconditional,,,,,,,,,,,,,,,
segment_state,trend_alignment,IWM,equity,bearish,1,2023-2024,,,,,165,165,0.00013687939872246297,0.0004562668685159643,-0.027645619559810042,0.026301944799259847,86,79,0,5,0.00029099668764095553,0.0003735301101835953,segment_matched_unconditional,,,,,,,,,,,,,,,
segment_state,trend_alignment,IWM,equity,neutral,1,2023-2024,,,,,10,10,-1.1525996212247148e-05,0.0005946598705586226,-0.009268414027883476,0.008511576443669622,5,5,0,9,0.00014259129270624544,0.0005119231122262535,segment_matched_unconditional,,,,,,,,,,,,,,,
segment_matched,trend_alignment,IWM,equity,all,5,2023-2024,,,,,502,502,0.002091277151925325,0.0006007525551817716,-0.09737680711839514,0.11028727845092168,258,244,0,1,,,,,,,,,,,,,,,,,,
segment_state,trend_alignment,IWM,equity,bullish,5,2023-2024,,,,,327,327,0.0001768197908218285,0.00029830237725447795,-0.09737680711839514,0.10194219469168875,164,163,0,6,-0.0019144573611034965,-0.0003024501779272937,segment_matched_unconditional,,,,,,,,,,,,,,,
segment_state,trend_alignment,IWM,equity,bearish,5,2023-2024,,,,,165,165,0.005622779302776506,0.0017647156740892012,-0.04407891203491854,0.11028727845092168,88,77,0,5,0.0035315021508511807,0.0011639631189074295,segment_matched_unconditional,,,,,,,,,,,,,,,
segment_state,trend_alignment,IWM,equity,neutral,5,2023-2024,,,,,10,10,0.0064242473709651745,0.0035977051845991204,-0.053752730674498705,0.05500591462756832,6,4,0,9,0.004332970219039849,0.0029969526294173487,segment_matched_unconditional,,,,,,,,,,,,,,,
segment_matched,trend_alignment,IWM,equity,all,20,2023-2024,,,,,502,502,0.00875472573241661,0.007828500195670163,-0.10761939039914603,0.1430971863066921,280,222,0,1,,,,,,,,,,,,,,,,,,
segment_state,trend_alignment,IWM,equity,bullish,20,2023-2024,,,,,327,327,0.0028856091822995066,0.0033296521947576707,-0.10761939039914603,0.14074076214399445,173,154,0,6,-0.0058691165501171035,-0.004498848000912492,segment_matched_unconditional,,,,,,,,,,,,,,,
segment_state,trend_alignment,IWM,equity,bearish,20,2023-2024,,,,,165,165,0.018696327212171324,0.015421375766691225,-0.0851063743008903,0.1359185032595025,100,65,0,5,0.009941601479754715,0.007592875571021063,segment_matched_unconditional,,,,,,,,,,,,,,,
segment_state,trend_alignment,IWM,equity,neutral,20,2023-2024,,,,,10,10,0.03663841250529307,0.025588760243109743,-0.06471487385388386,0.1430971863066921,7,3,0,9,0.027883686772876462,0.01776026004743958,segment_matched_unconditional,,,,,,,,,,,,,,,
segment_matched,trend_alignment,TLT,treasury,all,1,2015-2016,,,,,504,504,-9.899979752368199e-05,0.00011482854649180751,-0.02083006996110337,0.015824493685234087,254,248,2,1,,,,,,,,,,,,,,,,,,
segment_state,trend_alignment,TLT,treasury,bullish,1,2015-2016,,,,,258,258,-0.00024178068667973958,-7.296194982991944e-05,-0.018269488722120197,0.015824493685234087,126,131,1,7,-0.0001427808891560576,-0.00018779049632172695,segment_matched_unconditional,,,,,,,,,,,,,,,
segment_state,trend_alignment,TLT,treasury,bearish,1,2015-2016,,,,,216,216,-0.00011761468173977671,0.00016677350196614427,-0.02083006996110337,0.01340618003704841,109,106,1,8,-1.861488421609472e-05,5.194495547433675e-05,segment_matched_unconditional,,,,,,,,,,,,,,,
segment_state,trend_alignment,TLT,treasury,neutral,1,2015-2016,,,,,30,30,0.0012629430155742952,0.0012314657698019316,-0.0037982376353560277,0.008296127512493756,19,11,0,12,0.0013619428130979773,0.001116637223310124,segment_matched_unconditional,,,,,,,,,,,,,,,
segment_matched,trend_alignment,TLT,treasury,all,5,2015-2016,,,,,504,504,-0.0005460992530659234,0.0005062712564339877,-0.07411087160152174,0.045586065047136026,261,242,1,1,,,,,,,,,,,,,,,,,,
segment_state,trend_alignment,TLT,treasury,bullish,5,2015-2016,,,,,258,258,9.350689873055455e-06,0.0010761878285836524,-0.04637204474674761,0.045586065047136026,137,121,0,7,0.0005554499429389789,0.0005699165721496646,segment_matched_unconditional,,,,,,,,,,,,,,,
segment_state,trend_alignment,TLT,treasury,bearish,5,2015-2016,,,,,216,216,-0.001171938386120616,0.0004128746560647656,-0.07411087160152174,0.03859438121638048,110,105,1,8,-0.0006258391330546925,-9.339660036922215e-05,segment_matched_unconditional,,,,,,,,,,,,,,,
segment_state,trend_alignment,TLT,treasury,neutral,5,2015-2016,,,,,30,30,-0.0008169270043473564,-0.00147540250578726,-0.020301653752887616,0.017951253798990985,14,16,0,12,-0.00027082775128143297,-0.0019816737622212477,segment_matched_unconditional,,,,,,,,,,,,,,,
segment_matched,trend_alignment,TLT,treasury,all,20,2015-2016,,,,,504,504,-0.0032001603682249914,0.0010166538626761312,-0.09414590243022025,0.07866992373562387,256,248,0,1,,,,,,,,,,,,,,,,,,
segment_state,trend_alignment,TLT,treasury,bullish,20,2015-2016,,,,,258,258,-0.0004678247483277916,0.002643160833891378,-0.09133994046004967,0.07866992373562387,142,116,0,7,0.0027323356198971998,0.001626506971215247,segment_matched_unconditional,,,,,,,,,,,,,,,
segment_state,trend_alignment,TLT,treasury,bearish,20,2015-2016,,,,,216,216,-0.00748929770061573,-0.008306392381280392,-0.09414590243022025,0.07756302102073742,97,119,0,8,-0.004289137332390738,-0.009323046243956523,segment_matched_unconditional,,,,,,,,,,,,,,,
segment_state,trend_alignment,TLT,treasury,neutral,20,2015-2016,,,,,30,30,0.004183542093872402,0.00950422354248781,-0.06380705493618088,0.04596997296140093,17,13,0,12,0.007383702462097394,0.00848756967981168,segment_matched_unconditional,,,,,,,,,,,,,,,
segment_matched,trend_alignment,TLT,treasury,all,1,2017-2018,,,,,502,502,0.00022842396605852618,0.00016113401503947689,-0.014533036903208396,0.01292272332960942,258,238,6,1,,,,,,,,,,,,,,,,,,
segment_state,trend_alignment,TLT,treasury,bullish,1,2017-2018,,,,,236,236,8.433647052800057e-05,8.307698105269878e-05,-0.010409017705309997,0.008908497955098627,120,110,6,7,-0.00014408749553052562,-7.80570339867781e-05,segment_matched_unconditional,,,,,,,,,,,,,,,
segment_state,trend_alignment,TLT,treasury,bearish,1,2017-2018,,,,,237,237,0.00044900118016419973,0.0003222242284841581,-0.014533036903208396,0.01292272332960942,126,111,0,8,0.00022057721410567355,0.00016109021344468122,segment_matched_unconditional,,,,,,,,,,,,,,,
segment_state,trend_alignment,TLT,treasury,neutral,1,2017-2018,,,,,29,29,-0.0004016501993842529,-0.0014289162578887682,-0.009274436042202572,0.008061277687850366,12,17,0,13,-0.000630074165442779,-0.001590050272928245,segment_matched_unconditional,,,,,,,,,,,,,,,
segment_matched,trend_alignment,TLT,treasury,all,5,2017-2018,,,,,502,502,0.00036026969497058865,0.00041821868973190846,-0.03437040001517111,0.04220306001879215,255,246,1,1,,,,,,,,,,,,,,,,,,
segment_state,trend_alignment,TLT,treasury,bullish,5,2017-2018,,,,,236,236,-0.0007712331221259842,-0.000530560873414132,-0.027537339781300796,0.027333323160807277,116,120,0,7,-0.0011315028170965729,-0.0009487795631460405,segment_matched_unconditional,,,,,,,,,,,,,,,
segment_state,trend_alignment,TLT,treasury,bearish,5,2017-2018,,,,,237,237,0.0016897013115060742,0.002158589811689149,-0.03437040001517111,0.04220306001879215,128,108,1,8,0.0013294316165354857,0.0017403711219572404,segment_matched_unconditional,,,,,,,,,,,,,,,
segment_state,trend_alignment,TLT,treasury,neutral,5,2017-2018,,,,,29,29,-0.0012963036941369592,-0.001759817994220536,-0.02287578189469308,0.016773920926147934,11,18,0,13,-0.001656573389107548,-0.0021780366839524445,segment_matched_unconditional,,,,,,,,,,,,,,,
segment_matched,trend_alignment,TLT,treasury,all,20,2017-2018,,,,,502,502,0.000532934438880426,0.0009759310983242786,-0.05391331936703958,0.06513778514845359,260,242,0,1,,,,,,,,,,,,,,,,,,
segment_state,trend_alignment,TLT,treasury,bullish,20,2017-2018,,,,,236,236,-0.003449343262319648,-0.006770089453275507,-0.04997219971617217,0.042698118515719585,95,141,0,7,-0.003982277701200074,-0.007746020551599786,segment_matched_unconditional,,,,,,,,,,,,,,,
segment_state,trend_alignment,TLT,treasury,bearish,20,2017-2018,,,,,237,237,0.006300482566268659,0.008610506349773006,-0.05360708782160395,0.06513778514845359,156,81,0,8,0.005767548127388233,0.0076345752514487275,segment_matched_unconditional,,,,,,,,,,,,,,,
segment_state,trend_alignment,TLT,treasury,neutral,20,2017-2018,,,,,29,29,-0.0141943541372504,-0.019586189410349952,-0.05391331936703958,0.03442987081654425,9,20,0,13,-0.014727288576130825,-0.02056212050867423,segment_matched_unconditional,,,,,,,,,,,,,,,
segment_matched,trend_alignment,TLT,treasury,all,1,2019-2020,,,,,505,505,-9.719013143797603e-05,8.207891170508574e-05,-0.06434253377651955,0.053968253968254,257,245,3,1,,,,,,,,,,,,,,,,,,
segment_state,trend_alignment,TLT,treasury,bullish,1,2019-2020,,,,,300,300,-0.0004503648818337647,-6.385282185850105e-05,-0.06434253377651955,0.053968253968254,146,151,3,5,-0.00035317475039578863,-0.0001459317335635868,segment_matched_unconditional,,,,,,,,,,,,,,,
segment_state,trend_alignment,TLT,treasury,bearish,1,2019-2020,,,,,182,182,0.0002871668286239349,0.0001847317801226822,-0.012500937298974057,0.015243498427138125,95,87,0,4,0.00038435696006191097,0.00010265286841759647,segment_matched_unconditional,,,,,,,,,,,,,,,
segment_state,trend_alignment,TLT,treasury,neutral,1,2019-2020,,,,,23,23,0.0014680037114954499,0.0023619058360444534,-0.009645698997462593,0.008338398083459264,16,7,0,8,0.0015651938429334258,0.0022798269243393676,segment_matched_unconditional,,,,,,,,,,,,,,,
segment_matched,trend_alignment,TLT,treasury,all,5,2019-2020,,,,,505,505,0.0018862080159536645,0.0015202455103160428,-0.14048019433102354,0.11364668100251474,283,221,1,1,,,,,,,,,,,,,,,,,,
segment_state,trend_alignment,TLT,treasury,bullish,5,2019-2020,,,,,300,300,0.002952657262693152,0.0025593756735429185,-0.14048019433102354,0.11364668100251474,176,123,1,5,0.0010664492467394875,0.0010391301632268757,segment_matched_unconditional,,,,,,,,,,,,,,,
segment_state,trend_alignment,TLT,treasury,bearish,5,2019-2020,,,,,182,182,-0.000493702626515968,0.00011933668184577195,-0.04008906057911088,0.05995733934328884,91,91,0,4,-0.0023799106424696325,-0.0014009088284702709,segment_matched_unconditional,,,,,,,,,,,,,,,
segment_state,trend_alignment,TLT,treasury,neutral,5,2019-2020,,,,,23,23,0.006808336838024398,0.007734131596959903,-0.021671888703121645,0.03278554249539489,16,7,0,8,0.004922128822070734,0.0062138860866438606,segment_matched_unconditional,,,,,,,,,,,,,,,
segment_matched,trend_alignment,TLT,treasury,all,20,2019-2020,,,,,505,505,0.00933460239096631,0.002346095899161904,-0.06517872402840397,0.18049611358343443,267,238,0,1,,,,,,,,,,,,,,,,,,
segment_state,trend_alignment,TLT,treasury,bullish,20,2019-2020,,,,,300,300,0.014484126253669398,0.003688947196895831,-0.06517872402840397,0.18049611358343443,164,136,0,5,0.005149523862703087,0.0013428512977339269,segment_matched_unconditional,,,,,,,,,,,,,,,
segment_state,trend_alignment,TLT,treasury,bearish,20,2019-2020,,,,,182,182,-0.00026364923996968645,-0.005068785396811826,-0.05152152069549687,0.061302330468767874,83,99,0,4,-0.009598251630935997,-0.00741488129597373,segment_matched_unconditional,,,,,,,,,,,,,,,
segment_state,trend_alignment,TLT,treasury,neutral,20,2019-2020,,,,,23,23,0.018118282304854388,0.018878757036433713,-0.02827657679920903,0.049839862653137335,20,3,0,8,0.008783679913888077,0.01653266113727181,segment_matched_unconditional,,,,,,,,,,,,,,,
segment_matched,trend_alignment,TLT,treasury,all,1,2021-2022,,,,,503,503,8.771693534752751e-05,0.0003594239039161895,-0.024098935965678248,0.030152184089240253,263,238,2,1,,,,,,,,,,,,,,,,,,
segment_state,trend_alignment,TLT,treasury,bullish,1,2021-2022,,,,,169,169,-0.00010317889495832009,9.648052866917389e-05,-0.02205577604847664,0.01860544797510766,86,82,1,5,-0.0001908958303058476,-0.0002629433752470156,segment_matched_unconditional,,,,,,,,,,,,,,,
segment_state,trend_alignment,TLT,treasury,bearish,1,2021-2022,,,,,321,321,0.00011720558753814251,0.00040277628819529454,-0.024098935965678248,0.030152184089240253,170,151,0,5,2.9488652190615003e-05,4.335238427910504e-05,segment_matched_unconditional,,,,,,,,,,,,,,,
segment_state,trend_alignment,TLT,treasury,neutral,1,2021-2022,,,,,13,13,0.0018412198560014371,0.0009385956823937391,-0.011610274662053,0.016998986080304146,7,5,1,9,0.0017535029206539095,0.0005791717784775496,segment_matched_unconditional,,,,,,,,,,,,,,,
segment_matched,trend_alignment,TLT,treasury,all,5,2021-2022,,,,,503,503,-0.0027762929677731772,-0.002440289214832636,-0.06163765424666201,0.06126999128777144,236,267,0,1,,,,,,,,,,,,,,,,,,
segment_state,trend_alignment,TLT,treasury,bullish,5,2021-2022,,,,,169,169,-0.0024012625653052496,0.0006010389956014883,-0.04545016609606545,0.05316909394773672,85,84,0,5,0.00037503040246792763,0.0030413282104341244,segment_matched_unconditional,,,,,,,,,,,,,,,
segment_state,trend_alignment,TLT,treasury,bearish,5,2021-2022,,,,,321,321,-0.0032315007173082163,-0.00472665165124353,-0.06163765424666201,0.06126999128777144,142,179,0,5,-0.0004552077495350391,-0.0022863624364108937,segment_matched_unconditional,,,,,,,,,,,,,,,
segment_state,trend_alignment,TLT,treasury,neutral,5,2021-2022,,,,,13,13,0.003588441615585862,0.005129616612062016,-0.04555145407300387,0.03675208931651497,9,4,0,9,0.006364734583359039,0.007569905826894652,segment_matched_unconditional,,,,,,,,,,,,,,,
segment_matched,trend_alignment,TLT,treasury,all,20,2021-2022,,,,,503,503,-0.01251271732902468,-0.014320095893917362,-0.11569857982905696,0.16680879958201777,201,302,0,1,,,,,,,,,,,,,,,,,,
segment_state,trend_alignment,TLT,treasury,bullish,20,2021-2022,,,,,169,169,-0.00971015782921318,-0.009429565067251566,-0.0869787242094815,0.06955921625792194,71,98,0,5,0.002802559499811501,0.004890530826665795,segment_matched_unconditional,,,,,,,,,,,,,,,
segment_state,trend_alignment,TLT,treasury,bearish,20,2021-2022,,,,,321,321,-0.014434346313669962,-0.018370847238706856,-0.11569857982905696,0.16680879958201777,122,199,0,5,-0.0019216289846452819,-0.004050751344789494,segment_matched_unconditional,,,,,,,,,,,,,,,
segment_state,trend_alignment,TLT,treasury,neutral,20,2021-2022,,,,,13,13,-0.0014965366672560637,0.0020718442364298095,-0.1036228513028874,0.04099545491383472,8,5,0,9,0.011016180661768616,0.01639194013034717,segment_matched_unconditional,,,,,,,,,,,,,,,
segment_matched,trend_alignment,TLT,treasury,all,1,2023-2024,,,,,502,502,0.0003029055277625327,0.00011506932165028516,-0.022487260514570395,0.024148037299197123,255,244,3,1,,,,,,,,,,,,,,,,,,
segment_state,trend_alignment,TLT,treasury,bullish,1,2023-2024,,,,,198,198,0.0009565778550803224,0.0011733694872452238,-0.020804486373599107,0.024148037299197123,112,84,2,5,0.0006536723273177897,0.0010583001655949387,segment_matched_unconditional,,,,,,,,,,,,,,,
segment_state,trend_alignment,TLT,treasury,bearish,1,2023-2024,,,,,287,287,-0.0002859758544515245,-0.0004514776096641304,-0.022487260514570395,0.017268450034235938,133,153,1,6,-0.0005888813822140571,-0.0005665469313144156,segment_matched_unconditional,,,,,,,,,,,,,,,
segment_state,trend_alignment,TLT,treasury,neutral,1,2023-2024,,,,,17,17,0.002631248815204418,0.0023533759457474712,-0.007486429613126733,0.010591340367796853,10,7,0,10,0.0023283432874418855,0.002238306624097186,segment_matched_unconditional,,,,,,,,,,,,,,,
segment_matched,trend_alignment,TLT,treasury,all,5,2023-2024,,,,,502,502,-0.0010057929631759996,-0.0012929832487212911,-0.05513700816423617,0.05467502683597458,239,263,0,1,,,,,,,,,,,,,,,,,,
segment_state,trend_alignment,TLT,treasury,bullish,5,2023-2024,,,,,198,198,0.0008949823717351638,-0.00019725682428411995,-0.044222345553422304,0.05467502683597458,98,100,0,5,0.0019007753349111634,0.0010957264244371712,segment_matched_unconditional,,,,,,,,,,,,,,,
segment_state,trend_alignment,TLT,treasury,bearish,5,2023-2024,,,,,287,287,-0.0022440615243131358,-0.002171952836249935,-0.05513700816423617,0.0478343241227126,134,153,0,6,-0.0012382685611371362,-0.0008789695875286441,segment_matched_unconditional,,,,,,,,,,,,,,,
segment_state,trend_alignment,TLT,treasury,neutral,5,2023-2024,,,,,17,17,-0.002239348214120255,-0.0028386510828464218,-0.02583097000829304,0.030185100628709938,7,10,0,10,-0.0012335552509442553,-0.0015456678341251306,segment_matched_unconditional,,,,,,,,,,,,,,,
segment_matched,trend_alignment,TLT,treasury,all,20,2023-2024,,,,,502,502,-0.006345863261311596,-0.007974434104701722,-0.09597193251946634,0.10907052106285242,215,287,0,1,,,,,,,,,,,,,,,,,,
segment_state,trend_alignment,TLT,treasury,bullish,20,2023-2024,,,,,198,198,-0.007046050470131262,-0.013354757856045618,-0.08666906877256264,0.09119532591703061,77,121,0,5,-0.0007001872088196661,-0.005380323751343896,segment_matched_unconditional,,,,,,,,,,,,,,,
segment_state,trend_alignment,TLT,treasury,bearish,20,2023-2024,,,,,287,287,-0.005627481389845711,-0.005030517169730686,-0.09597193251946634,0.10907052106285242,133,154,0,6,0.0007183818714658844,0.002943916934971036,segment_matched_unconditional,,,,,,,,,,,,,,,
segment_state,trend_alignment,TLT,treasury,neutral,20,2023-2024,,,,,17,17,-0.010318717953336002,-0.0150862270395562,-0.0710127975042053,0.09800224173800487,5,12,0,10,-0.003972854692024406,-0.007111792934854477,segment_matched_unconditional,,,,,,,,,,,,,,,
segment_matched,trend_alignment,GLD,gold,all,1,2015-2016,,,,,504,504,-0.00023129009690666386,-0.0003366379299987732,-0.02228969366734035,0.026997089238447014,232,270,2,1,,,,,,,,,,,,,,,,,,
segment_state,trend_alignment,GLD,gold,bullish,1,2015-2016,,,,,247,247,0.00024014369985557308,0.0001562970352104731,-0.019955050831231058,0.026997089238447014,125,122,0,6,0.00047143379676223697,0.0004929349652092463,segment_matched_unconditional,,,,,,,,,,,,,,,
segment_state,trend_alignment,GLD,gold,bearish,1,2015-2016,,,,,238,238,-0.000680419611408135,-0.0005993370293643774,-0.02228969366734035,0.018489992582898074,100,136,2,6,-0.0004491295145014711,-0.0002626990993656042,segment_matched_unconditional,,,,,,,,,,,,,,,
segment_state,trend_alignment,GLD,gold,neutral,1,2015-2016,,,,,19,19,-0.0007339913257973171,-0.0007435114515724761,-0.008867994025697046,0.009964887835188119,7,12,0,10,-0.0005027012288906532,-0.00040687352157370293,segment_matched_unconditional,,,,,,,,,,,,,,,
segment_matched,trend_alignment,GLD,gold,all,5,2015-2016,,,,,504,504,-0.0003505061031274792,-0.002281098603882925,-0.057763476499562705,0.08443388802044693,231,272,1,1,,,,,,,,,,,,,,,,,,
segment_state,trend_alignment,GLD,gold,bullish,5,2015-2016,,,,,247,247,0.0016631267908760786,-0.0007853769156711543,-0.05058570227906156,0.08443388802044693,121,126,0,6,0.002013632894003558,0.0014957216882117708,segment_matched_unconditional,,,,,,,,,,,,,,,
segment_state,trend_alignment,GLD,gold,bearish,5,2015-2016,,,,,238,238,-0.00223475925956517,-0.003254201400410439,-0.057763476499562705,0.04663959848228383,101,136,1,6,-0.0018842531564376907,-0.0009731027965275141,segment_matched_unconditional,,,,,,,,,,,,,,,
segment_state,trend_alignment,GLD,gold,neutral,5,2015-2016,,,,,19,19,-0.00292498366032266,-0.0029404607486254175,-0.03982832094118827,0.03493670371011337,9,10,0,10,-0.002574477557195181,-0.0006593621447424924,segment_matched_unconditional,,,,,,,,,,,,,,,
segment_matched,trend_alignment,GLD,gold,all,20,2015-2016,,,,,504,504,-0.0014278265978536252,-0.0020639453237524252,-0.10032180944927804,0.14756624152861453,240,264,0,1,,,,,,,,,,,,,,,,,,
segment_state,trend_alignment,GLD,gold,bullish,20,2015-2016,,,,,247,247,0.00010664831567901219,-0.0017624193681153866,-0.08925875379135817,0.12667876295240355,117,130,0,6,0.0015344749135326374,0.00030152595563703866,segment_matched_unconditional,,,,,,,,,,,,,,,
segment_state,trend_alignment,GLD,gold,bearish,20,2015-2016,,,,,238,238,-0.003471032980169774,-0.0018469332928361948,-0.10032180944927804,0.14756624152861453,116,122,0,6,-0.002043206382316149,0.00021701203091623045,segment_matched_unconditional,,,,,,,,,,,,,,,
segment_state,trend_alignment,GLD,gold,neutral,20,2015-2016,,,,,19,19,0.004217847894182266,-0.008851123829769603,-0.04778239369059112,0.12809762367479993,7,12,0,10,0.005645674492035891,-0.006787178506017177,segment_matched_unconditional,,,,,,,,,,,,,,,
segment_matched,trend_alignment,GLD,gold,all,1,2017-2018,,,,,502,502,5.2514986488928135e-05,-8.506665446783579e-05,-0.013908340150562304,0.017149348751176463,244,255,3,1,,,,,,,,,,,,,,,,,,
segment_state,trend_alignment,GLD,gold,bullish,1,2017-2018,,,,,247,247,0.00012686149239749472,0.0,-0.013908340150562304,0.017149348751176463,122,122,3,6,7.434650590856658e-05,8.506665446783579e-05,segment_matched_unconditional,,,,,,,,,,,,,,,
segment_state,trend_alignment,GLD,gold,bearish,1,2017-2018,,,,,230,230,-4.791510312065725e-05,-0.0003316367258716091,-0.009410960360323295,0.013835392935875213,107,123,0,7,-0.00010043008960958539,-0.0002465700714037733,segment_matched_unconditional,,,,,,,,,,,,,,,
segment_state,trend_alignment,GLD,gold,neutral,1,2017-2018,,,,,25,25,0.00024192833252047573,0.00024990652339296204,-0.008015355359269227,0.005374515324648499,15,10,0,12,0.00018941334603154758,0.00033497317786079783,segment_matched_unconditional,,,,,,,,,,,,,,,
segment_matched,trend_alignment,GLD,gold,all,5,2017-2018,,,,,502,502,0.0008005635181429432,0.0001656967432318579,-0.033298507332994554,0.03718610522316124,254,245,3,1,,,,,,,,,,,,,,,,,,
segment_state,trend_alignment,GLD,gold,bullish,5,2017-2018,,,,,247,247,0.0008839954765586493,0.0003949688180133748,-0.02949971356485337,0.03718610522316124,125,121,1,6,8.343195841570609e-05,0.0002292720747815169,segment_matched_unconditional,,,,,,,,,,,,,,,
segment_state,trend_alignment,GLD,gold,bearish,5,2017-2018,,,,,230,230,0.0010893958937674255,0.0003702765771208538,-0.033298507332994554,0.032303970496506684,119,109,2,7,0.0002888323756244823,0.00020457983388899592,segment_matched_unconditional,,,,,,,,,,,,,,,
segment_state,trend_alignment,GLD,gold,neutral,5,2017-2018,,,,,25,25,-0.002681002086749471,-0.0009473011345997318,-0.022038779490852645,0.021527836381751264,10,15,0,12,-0.003481565604892414,-0.0011129978778315897,segment_matched_unconditional,,,,,,,,,,,,,,,
segment_matched,trend_alignment,GLD,gold,all,20,2017-2018,,,,,502,502,0.0030462862625599703,-3.952163805159836e-05,-0.05997979617895943,0.0659949681868337,250,251,1,1,,,,,,,,,,,,,,,,,,
segment_state,trend_alignment,GLD,gold,bullish,20,2017-2018,,,,,247,247,0.003588264891206785,0.0007924414099362842,-0.05997979617895943,0.06037274888971922,128,119,0,6,0.0005419786286468145,0.0008319630479878826,segment_matched_unconditional,,,,,,,,,,,,,,,
segment_state,trend_alignment,GLD,gold,bearish,20,2017-2018,,,,,230,230,0.0014645460545414045,-0.003857359986925324,-0.05686895936518277,0.0659949681868337,105,124,1,7,-0.0015817402080185658,-0.0038178383488737255,segment_matched_unconditional,,,,,,,,,,,,,,,
segment_state,trend_alignment,GLD,gold,neutral,20,2017-2018,,,,,25,25,0.01224354732530025,0.011605546021356883,-0.04300182919263762,0.05755759825960438,17,8,0,12,0.00919726106274028,0.011645067659408481,segment_matched_unconditional,,,,,,,,,,,,,,,
segment_matched,trend_alignment,GLD,gold,all,1,2019-2020,,,,,505,505,4.1850707146141466e-06,0.000322770236656611,-0.0410922196820408,0.030131441990155494,264,240,1,1,,,,,,,,,,,,,,,,,,
segment_state,trend_alignment,GLD,gold,bullish,1,2019-2020,,,,,314,314,-7.750251516096272e-06,0.0002600413892009934,-0.0410922196820408,0.030131441990155494,164,149,1,5,-1.1935322230710419e-05,-6.272884745561758e-05,segment_matched_unconditional,,,,,,,,,,,,,,,
segment_state,trend_alignment,GLD,gold,bearish,1,2019-2020,,,,,181,181,7.482098586032063e-05,0.0004994795046802114,-0.016390692609570046,0.017644013726575203,96,85,0,4,7.063591514570648e-05,0.00017670926802360043,segment_matched_unconditional,,,,,,,,,,,,,,,
segment_state,trend_alignment,GLD,gold,neutral,1,2019-2020,,,,,10,10,-0.0008995558753783662,-0.000774134434189333,-0.005626874962398665,0.008434548081917681,4,6,0,6,-0.0009037409460929803,-0.001096904670845944,segment_matched_unconditional,,,,,,,,,,,,,,,
segment_matched,trend_alignment,GLD,gold,all,5,2019-2020,,,,,505,505,0.0032845096223364637,0.0035390713782570415,-0.09659525053372087,0.0890483844889336,305,198,2,1,,,,,,,,,,,,,,,,,,
segment_state,trend_alignment,GLD,gold,bullish,5,2019-2020,,,,,314,314,0.0037915893004364085,0.004376290501889368,-0.09659525053372087,0.0890483844889336,197,116,1,5,0.0005070796780999448,0.0008372191236323268,segment_matched_unconditional,,,,,,,,,,,,,,,
segment_state,trend_alignment,GLD,gold,bearish,5,2019-2020,,,,,181,181,0.0022679359310454044,0.0014872371064302836,-0.048143961397617896,0.0473185524887898,104,76,1,4,-0.0010165736912910593,-0.002051834271826758,segment_matched_unconditional,,,,,,,,,,,,,,,
segment_state,trend_alignment,GLD,gold,neutral,5,2019-2020,,,,,10,10,0.00576219154236639,-0.0064494031250294515,-0.017937556176621516,0.05290146085919756,4,6,0,6,0.0024776819200299266,-0.009988474503286493,segment_matched_unconditional,,,,,,,,,,,,,,,
segment_matched,trend_alignment,GLD,gold,all,20,2019-2020,,,,,505,505,0.014268483607242588,0.006859829597752887,-0.1160252327422614,0.17337893665894177,286,217,2,1,,,,,,,,,,,,,,,,,,
segment_state,trend_alignment,GLD,gold,bullish,20,2019-2020,,,,,314,314,0.017161688661208513,0.009565450743572068,-0.1160252327422614,0.17337893665894177,185,127,2,5,0.002893205053965925,0.0027056211458191815,segment_matched_unconditional,,,,,,,,,,,,,,,
segment_state,trend_alignment,GLD,gold,bearish,20,2019-2020,,,,,181,181,0.008643515816619323,0.002498776094105759,-0.06074950106897514,0.10877482663653981,94,87,0,4,-0.005624967790623265,-0.004361053503647128,segment_matched_unconditional,,,,,,,,,,,,,,,
segment_state,trend_alignment,GLD,gold,neutral,20,2019-2020,,,,,10,10,0.025233761922993626,0.03585530065771514,-0.03280799140423185,0.09129554020181341,7,3,0,6,0.010965278315751038,0.028995471059962252,segment_matched_unconditional,,,,,,,,,,,,,,,
segment_matched,trend_alignment,GLD,gold,all,1,2021-2022,,,,,503,503,-8.7861005496513e-06,-0.00011499351396238033,-0.029848277876936558,0.022180853472883344,247,253,3,1,,,,,,,,,,,,,,,,,,
segment_state,trend_alignment,GLD,gold,bullish,1,2021-2022,,,,,196,196,-1.3910298544347605e-05,-0.00011956976229648975,-0.029848277876936558,0.01792092274432644,95,100,1,6,-5.124197994696305e-06,-4.576248334109412e-06,segment_matched_unconditional,,,,,,,,,,,,,,,
segment_state,trend_alignment,GLD,gold,bearish,1,2021-2022,,,,,280,280,9.605900012806178e-07,8.872688402095097e-05,-0.019333348129734862,0.022180853472883344,141,138,1,6,9.746690550931917e-06,0.0002037203979833313,segment_matched_unconditional,,,,,,,,,,,,,,,
segment_state,trend_alignment,GLD,gold,neutral,1,2021-2022,,,,,27,27,-7.266500970892764e-05,-0.0005648672308252722,-0.008337424295375429,0.009918436806502617,11,15,1,12,-6.387890915927635e-05,-0.0004498737168628919,segment_matched_unconditional,,,,,,,,,,,,,,,
segment_matched,trend_alignment,GLD,gold,all,5,2021-2022,,,,,503,503,-0.0001228397311042653,0.0017451471759761805,-0.05943399091880097,0.06317653536637025,267,236,0,1,,,,,,,,,,,,,,,,,,
segment_state,trend_alignment,GLD,gold,bullish,5,2021-2022,,,,,196,196,0.0005575129121794644,0.002484199602537873,-0.05943399091880097,0.06317653536637025,107,89,0,6,0.0006803526432837296,0.0007390524265616927,segment_matched_unconditional,,,,,,,,,,,,,,,
segment_state,trend_alignment,GLD,gold,bearish,5,2021-2022,,,,,280,280,-0.00016619917870616834,0.0014335093406143695,-0.055523088361823625,0.057247210470625864,149,131,0,6,-4.335944760190303e-05,-0.000311637835361811,segment_matched_unconditional,,,,,,,,,,,,,,,
segment_state,trend_alignment,GLD,gold,neutral,5,2021-2022,,,,,27,27,-0.004612042425736791,-0.0060258705632229015,-0.05397274227990534,0.03598643449878103,11,16,0,12,-0.004489202694632525,-0.007771017739199082,segment_matched_unconditional,,,,,,,,,,,,,,,
segment_matched,trend_alignment,GLD,gold,all,20,2021-2022,,,,,503,503,0.0013212655572714764,0.002315265275152356,-0.0922828929482894,0.12586706428623584,262,240,1,1,,,,,,,,,,,,,,,,,,
segment_state,trend_alignment,GLD,gold,bullish,20,2021-2022,,,,,196,196,0.002518047267694003,0.0064034319312402666,-0.0922828929482894,0.12586706428623584,105,91,0,6,0.0011967817104225266,0.00408816665608791,segment_matched_unconditional,,,,,,,,,,,,,,,
segment_state,trend_alignment,GLD,gold,bearish,20,2021-2022,,,,,280,280,0.0012007396252684448,0.0018204001349235721,-0.08425392833089096,0.11373589739046341,145,134,1,6,-0.00012052593200303162,-0.000494865140228784,segment_matched_unconditional,,,,,,,,,,,,,,,
segment_state,trend_alignment,GLD,gold,neutral,20,2021-2022,,,,,27,27,-0.006116584601319869,-0.004649151860758427,-0.06197891682799772,0.05647235268304862,12,15,0,12,-0.007437850158591346,-0.006964417135910783,segment_matched_unconditional,,,,,,,,,,,,,,,
segment_matched,trend_alignment,GLD,gold,all,1,2023-2024,,,,,502,502,5.7051255134044344e-05,-5.44558516063498e-05,-0.022445557475713307,0.020726783847166974,243,255,4,1,,,,,,,,,,,,,,,,,,
segment_state,trend_alignment,GLD,gold,bullish,1,2023-2024,,,,,321,321,2.3451035630111237e-05,-0.0002789259249518228,-0.022445557475713307,0.020726783847166974,150,169,2,6,-3.360021950393311e-05,-0.00022447007334547298,segment_matched_unconditional,,,,,,,,,,,,,,,
segment_state,trend_alignment,GLD,gold,bearish,1,2023-2024,,,,,170,170,8.60661832920492e-05,0.00011487919875585728,-0.01769517053733838,0.016851489178354884,87,81,2,6,2.901492815800485e-05,0.00016933505036220708,segment_matched_unconditional,,,,,,,,,,,,,,,
segment_state,trend_alignment,GLD,gold,neutral,1,2023-2024,,,,,11,11,0.0005891542254887447,0.001969660426198283,-0.006967630068795527,0.0059248726580904965,6,5,0,8,0.0005321029703547004,0.002024116277804633,segment_matched_unconditional,,,,,,,,,,,,,,,
segment_matched,trend_alignment,GLD,gold,all,5,2023-2024,,,,,502,502,0.0029603210432044428,0.0013814804705689632,-0.04842017289413769,0.05150255927110181,264,238,0,1,,,,,,,,,,,,,,,,,,
segment_state,trend_alignment,GLD,gold,bullish,5,2023-2024,,,,,321,321,0.001854148976121737,0.00022102947978575038,-0.04842017289413769,0.05150255927110181,162,159,0,6,-0.0011061720670827058,-0.0011604509907832128,segment_matched_unconditional,,,,,,,,,,,,,,,
segment_state,trend_alignment,GLD,gold,bearish,5,2023-2024,,,,,170,170,0.005308561726052483,0.0034341255029644024,-0.040604014365334784,0.05082250460823112,97,73,0,6,0.00234824068284804,0.0020526450323954393,segment_matched_unconditional,,,,,,,,,,,,,,,
segment_state,trend_alignment,GLD,gold,neutral,5,2023-2024,,,,,11,11,-0.0010505591886699397,-0.002944111810935457,-0.014550646559998937,0.016826616651445248,5,6,0,8,-0.004010880231874382,-0.00432559228150442,segment_matched_unconditional,,,,,,,,,,,,,,,
segment_matched,trend_alignment,GLD,gold,all,20,2023-2024,,,,,502,502,0.013891286042531308,0.010050576863041116,-0.06389969456461952,0.11488046407134833,312,189,1,1,,,,,,,,,,,,,,,,,,
segment_state,trend_alignment,GLD,gold,bullish,20,2023-2024,,,,,321,321,0.009523795361703957,0.005999367931657673,-0.06389969456461952,0.10820562384462185,183,137,1,6,-0.004367490680827351,-0.004051208931383443,segment_matched_unconditional,,,,,,,,,,,,,,,
segment_state,trend_alignment,GLD,gold,bearish,20,2023-2024,,,,,170,170,0.021997919073117395,0.017896396987111984,-0.053978742183306117,0.11488046407134833,122,48,0,6,0.008106633030586088,0.007845820124070868,segment_matched_unconditional,,,,,,,,,,,,,,,
segment_state,trend_alignment,GLD,gold,neutral,20,2023-2024,,,,,11,11,0.016058276346708047,0.003625442667388068,-0.031289323872288555,0.07803056205828574,7,4,0,8,0.00216699030417674,-0.006425134195653048,segment_matched_unconditional,,,,,,,,,,,,,,,
segment_matched,momentum_in_trend_context,SPY,equity,all,1,2015-2016,,,,,504,504,0.00030316724567564705,0.0004442292250911306,-0.04175402297055675,0.02755965436998209,265,235,4,1,,,,,,,,,,,,,,,,,,
segment_state,momentum_in_trend_context,SPY,equity,bullish,1,2015-2016,,,,,162,162,0.00019653421535841827,0.0005373025999443337,-0.017006970644078856,0.013903944436848281,85,76,1,25,-0.00010663303031722878,9.30733748532031e-05,segment_matched_unconditional,,,,,,,,,,,,,,,
segment_state,momentum_in_trend_context,SPY,equity,bearish,1,2015-2016,,,,,78,78,0.00015402615091109786,-4.837119776790466e-05,-0.04175402297055675,0.02755965436998209,39,39,0,18,-0.0001491410947645492,-0.0004926004228590353,segment_matched_unconditional,,,,,,,,,,,,,,,
segment_state,momentum_in_trend_context,SPY,equity,neutral,1,2015-2016,,,,,264,264,0.00041266556500529065,0.00048200720809166153,-0.022727342322024446,0.01950291568956919,141,120,3,44,0.0001094983193296436,3.7777983000530924e-05,segment_matched_unconditional,,,,,,,,,,,,,,,
segment_matched,momentum_in_trend_context,SPY,equity,all,5,2015-2016,,,,,504,504,0.0013410293153518912,0.0020231978637031967,-0.10435693934476165,0.0628833161272837,285,218,1,1,,,,,,,,,,,,,,,,,,
segment_state,momentum_in_trend_context,SPY,equity,bullish,5,2015-2016,,,,,162,162,-0.0005512710880439732,-0.0008975589036396281,-0.0351287625809531,0.028728530690225185,76,86,0,25,-0.0018923004033958644,-0.0029207567673428247,segment_matched_unconditional,,,,,,,,,,,,,,,
segment_state,momentum_in_trend_context,SPY,equity,bearish,5,2015-2016,,,,,78,78,0.007389277640575099,0.007568150416328301,-0.04612707829031859,0.0628833161272837,50,28,0,18,0.006048248325223208,0.005544952552625104,segment_matched_unconditional,,,,,,,,,,,,,,,
segment_state,momentum_in_trend_context,SPY,equity,neutral,5,2015-2016,,,,,264,264,0.0007152311940743148,0.003067129549379266,-0.10435693934476165,0.04132150395544687,159,104,1,44,-0.0006257981212775764,0.0010439316856760694,segment_matched_unconditional,,,,,,,,,,,,,,,
segment_matched,momentum_in_trend_context,SPY,equity,all,20,2015-2016,,,,,504,504,0.005167040376445024,0.0062083868877113035,-0.10602440284544223,0.10043735642872464,303,201,0,1,,,,,,,,,,,,,,,,,,
segment_state,momentum_in_trend_context,SPY,equity,bullish,20,2015-2016,,,,,162,162,-0.00019294230534765093,0.001103673582831033,-0.052051631754166494,0.06683691147669535,87,75,0,25,-0.0053599826817926745,-0.005104713304880271,segment_matched_unconditional,,,,,,,,,,,,,,,
segment_state,momentum_in_trend_context,SPY,equity,bearish,20,2015-2016,,,,,78,78,0.020516831025359932,0.02029457121221101,-0.0880215307622969,0.10043735642872464,56,22,0,18,0.015349790648914908,0.014086184324499706,segment_matched_unconditional,,,,,,,,,,,,,,,
segment_state,momentum_in_trend_context,SPY,equity,neutral,20,2015-2016,,,,,264,264,0.00392095523945658,0.008243464366273212,-0.10602440284544223,0.07578918302693705,160,104,0,44,-0.001246085136988444,0.0020350774785619086,segment_matched_unconditional,,,,,,,,,,,,,,,
segment_matched,momentum_in_trend_context,SPY,equity,all,1,2017-2018,,,,,502,502,-0.00019609104740770132,0.00014300878427397912,-0.038729914945676236,0.04326817562512408,261,235,6,1,,,,,,,,,,,,,,,,,,
segment_state,momentum_in_trend_context,SPY,equity,bullish,1,2017-2018,,,,,282,282,0.00022653794583251264,0.00022599001295198207,-0.017744062289010265,0.01073767795092806,150,127,5,22,0.00042262899324021396,8.298122867800295e-05,segment_matched_unconditional,,,,,,,,,,,,,,,
segment_state,momentum_in_trend_context,SPY,equity,bearish,1,2017-2018,,,,,56,56,-0.000606565397772031,-1.908125581850939e-05,-0.029305160946653475,0.04326817562512408,28,28,0,13,-0.0004104743503643297,-0.0001620900400924885,segment_matched_unconditional,,,,,,,,,,,,,,,
segment_state,momentum_in_trend_context,SPY,equity,neutral,1,2017-2018,,,,,164,164,-0.0007826447820012249,7.356249596535136e-05,-0.038729914945676236,0.03535432159379859,83,80,1,34,-0.0005865537345935237,-6.944628830862776e-05,segment_matched_unconditional,,,,,,,,,,,,,,,
segment_matched,momentum_in_trend_context,SPY,equity,all,5,2017-2018,,,,,502,502,0.0007774285084749692,0.0025633719218619566,-0.08888030631483645,0.06021948290701373,305,195,2,1,,,,,,,,,,,,,,,,,,
segment_state,momentum_in_trend_context,SPY,equity,bullish,5,2017-2018,,,,,282,282,0.00196428038375882,0.002609174651133639,-0.08015560827535473,0.024777493193484545,184,96,2,22,0.0011868518752838507,4.5802729271682274e-05,segment_matched_unconditional,,,,,,,,,,,,,,,
segment_state,momentum_in_trend_context,SPY,equity,bearish,5,2017-2018,,,,,56,56,-0.0005658087531724856,0.00731718838734996,-0.08888030631483645,0.06021948290701373,32,24,0,13,-0.0013432372616474547,0.004753816465488003,segment_matched_unconditional,,,,,,,,,,,,,,,
segment_state,momentum_in_trend_context,SPY,equity,neutral,5,2017-2018,,,,,164,164,-0.0008047113828530094,0.0020569400529192317,-0.060478404038867506,0.04689421609956779,89,75,0,34,-0.0015821398913279786,-0.000506431868942725,segment_matched_unconditional,,,,,,,,,,,,,,,
segment_matched,momentum_in_trend_context,SPY,equity,all,20,2017-2018,,,,,502,502,0.005421927332216402,0.013065024601200625,-0.12271433345012539,0.11687920680421593,340,162,0,1,,,,,,,,,,,,,,,,,,
segment_state,momentum_in_trend_context,SPY,equity,bullish,20,2017-2018,,,,,282,282,0.006761696401451129,0.012655345094049864,-0.09500621634991091,0.06976733324067985,191,91,0,22,0.0013397690692347267,-0.00040967950715076196,segment_matched_unconditional,,,,,,,,,,,,,,,
segment_state,momentum_in_trend_context,SPY,equity,bearish,20,2017-2018,,,,,56,56,0.0030903066463855316,0.005397291256871384,-0.11829333503577133,0.11687920680421593,30,26,0,13,-0.0023316206858308704,-0.007667733344329242,segment_matched_unconditional,,,,,,,,,,,,,,,
segment_state,momentum_in_trend_context,SPY,equity,neutral,20,2017-2018,,,,,164,164,0.003914341240035524,0.014726555525377716,-0.12271433345012539,0.0692868411426586,119,45,0,34,-0.0015075860921808784,0.0016615309241770904,segment_matched_unconditional,,,,,,,,,,,,,,,
segment_matched,momentum_in_trend_context,SPY,equity,all,1,2019-2020,,,,,505,505,0.00030440559529089665,0.0008043376958219994,-0.05661153587863332,0.046809905957746034,284,218,3,1,,,,,,,,,,,,,,,,,,
segment_state,momentum_in_trend_context,SPY,equity,bullish,1,2019-2020,,,,,278,278,-7.77698843907454e-05,0.0008261582098022524,-0.034835954540506475,0.01793816103969781,159,119,0,19,-0.00038217547968164207,2.1820513980252976e-05,segment_matched_unconditional,,,,,,,,,,,,,,,
segment_state,momentum_in_trend_context,SPY,equity,bearish,1,2019-2020,,,,,31,31,0.005383014245682664,0.007840887847555322,-0.05661153587863332,0.046809905957746034,19,12,0,8,0.0050786086503917666,0.007036550151733323,segment_matched_unconditional,,,,,,,,,,,,,,,
segment_state,momentum_in_trend_context,SPY,equity,neutral,1,2019-2020,,,,,196,196,4.32214891141197e-05,0.0006009402098416938,-0.03485215922650364,0.036484374080576254,106,87,3,26,-0.0002611841061767769,-0.0002033974859803056,segment_matched_unconditional,,,,,,,,,,,,,,,
segment_matched,momentum_in_trend_context,SPY,equity,all,5,2019-2020,,,,,505,505,0.003846787475233645,0.006416315111017035,-0.15735668296758132,0.11762305171795329,331,174,0,1,,,,,,,,,,,,,,,,,,
segment_state,momentum_in_trend_context,SPY,equity,bullish,5,2019-2020,,,,,278,278,0.0026824443017858125,0.005418458441559082,-0.11315465262750735,0.054314223053589794,192,86,0,19,-0.0011643431734478325,-0.0009978566694579527,segment_matched_unconditional,,,,,,,,,,,,,,,
segment_state,momentum_in_trend_context,SPY,equity,bearish,5,2019-2020,,,,,31,31,0.003127745384136111,0.023270667788372057,-0.15735668296758132,0.11762305171795329,19,12,0,8,-0.0007190420910975341,0.016854352677355022,segment_matched_unconditional,,,,,,,,,,,,,,,
segment_state,momentum_in_trend_context,SPY,equity,neutral,5,2019-2020,,,,,196,196,0.00561197985810365,0.007246829211736916,-0.11395796127196078,0.06915884124022864,120,76,0,26,0.0017651923828700053,0.0008305141007198813,segment_matched_unconditional,,,,,,,,,,,,,,,
segment_matched,momentum_in_trend_context,SPY,equity,all,20,2019-2020,,,,,505,505,0.016576071080870548,0.02565739290034852,-0.3117552779281434,0.23401548413671724,383,122,0,1,,,,,,,,,,,,,,,,,,
segment_state,momentum_in_trend_context,SPY,equity,bullish,20,2019-2020,,,,,278,278,0.005930256557943522,0.020858015594461654,-0.2893941880159001,0.11317770986984144,196,82,0,19,-0.010645814522927025,-0.004799377305886865,segment_matched_unconditional,,,,,,,,,,,,,,,
segment_state,momentum_in_trend_context,SPY,equity,bearish,20,2019-2020,,,,,31,31,0.06497545334942291,0.07042968273162842,-0.19289794403109595,0.23401548413671724,25,6,0,8,0.048399382268552366,0.0447722898312799,segment_matched_unconditional,,,,,,,,,,,,,,,
segment_state,momentum_in_trend_context,SPY,equity,neutral,20,2019-2020,,,,,196,196,0.024020742443363354,0.03424938944019773,-0.3117552779281434,0.18239372734417758,162,34,0,26,0.0074446713624928065,0.008591996539849212,segment_matched_unconditional,,,,,,,,,,,,,,,
segment_matched,momentum_in_trend_context,SPY,equity,all,1,2021-2022,,,,,503,503,0.00013242294082397432,0.0004942254414990188,-0.033572609261206754,0.047994072837921564,264,238,1,1,,,,,,,,,,,,,,,,,,
segment_state,momentum_in_trend_context,SPY,equity,bullish,1,2021-2022,,,,,200,200,-5.6777370993365e-05,-3.875210495285497e-05,-0.033572609261206754,0.030822530891824185,99,100,1,21,-0.00018920031181733933,-0.0005329775464518738,segment_matched_unconditional,,,,,,,,,,,,,,,
segment_state,momentum_in_trend_context,SPY,equity,bearish,1,2021-2022,,,,,83,83,0.001564512883006907,0.002684482755264339,-0.029629584240525086,0.047994072837921564,48,35,0,17,0.0014320899421829327,0.0021902573137653203,segment_matched_unconditional,,,,,,,,,,,,,,,
segment_state,momentum_in_trend_context,SPY,equity,neutral,1,2021-2022,,,,,220,220,-0.0002358652538929145,0.0005714506566981692,-0.027361355173849522,0.02408717196434962,117,103,0,39,-0.0003682881947168888,7.722521519915038e-05,segment_matched_unconditional,,,,,,,,,,,,,,,
segment_matched,momentum_in_trend_context,SPY,equity,all,5,2021-2022,,,,,503,503,0.0005670609979773703,0.003218094887826428,-0.09677964454721577,0.0672210778095943,273,230,0,1,,,,,,,,,,,,,,,,,,
segment_state,momentum_in_trend_context,SPY,equity,bullish,5,2021-2022,,,,,200,200,-0.0004503194943858152,0.0011740242543495372,-0.054770024126488126,0.040366755813845856,109,91,0,21,-0.0010173804923631854,-0.002044070633476891,segment_matched_unconditional,,,,,,,,,,,,,,,
segment_state,momentum_in_trend_context,SPY,equity,bearish,5,2021-2022,,,,,83,83,0.008240796286959184,0.01013349690135712,-0.07149009987149357,0.0672210778095943,49,34,0,17,0.007673735288981813,0.0069154020135306915,segment_matched_unconditional,,,,,,,,,,,,,,,
segment_state,momentum_in_trend_context,SPY,equity,neutral,5,2021-2022,,,,,220,220,-0.0014031386861719634,0.001814472179558213,-0.09677964454721577,0.05506875322629812,115,105,0,39,-0.0019701996841493337,-0.0014036227082682151,segment_matched_unconditional,,,,,,,,,,,,,,,
segment_matched,momentum_in_trend_context,SPY,equity,all,20,2021-2022,,,,,503,503,0.002871274922525137,0.010213006719286488,-0.12636559083599075,0.1241401640782418,297,206,0,1,,,,,,,,,,,,,,,,,,
segment_state,momentum_in_trend_context,SPY,equity,bullish,20,2021-2022,,,,,200,200,-0.002824238122226825,0.0058052125807166455,-0.12265433282794513,0.058848863626427717,116,84,0,21,-0.005695513044751962,-0.004407794138569843,segment_matched_unconditional,,,,,,,,,,,,,,,
segment_state,momentum_in_trend_context,SPY,equity,bearish,20,2021-2022,,,,,83,83,0.025376225462831147,0.03708377493269377,-0.08033848365478269,0.1241401640782418,57,26,0,17,0.02250495054030601,0.02687076821340728,segment_matched_unconditional,,,,,,,,,,,,,,,
segment_state,momentum_in_trend_context,SPY,equity,neutral,20,2021-2022,,,,,220,220,-0.0004414900133612565,0.015122068828981039,-0.12636559083599075,0.11080605125147924,124,96,0,39,-0.0033127649358863937,0.004909062109694551,segment_matched_unconditional,,,,,,,,,,,,,,,
segment_matched,momentum_in_trend_context,SPY,equity,all,1,2023-2024,,,,,502,502,0.00039071326751536294,0.0006529198656098911,-0.029305526249625125,0.024016281090541547,282,220,0,1,,,,,,,,,,,,,,,,,,
segment_state,momentum_in_trend_context,SPY,equity,bullish,1,2023-2024,,,,,267,267,0.0004698432151601425,0.0005461522621670323,-0.029305526249625125,0.015457253894131773,152,115,0,16,7.912994764477954e-05,-0.00010676760344285885,segment_matched_unconditional,,,,,,,,,,,,,,,
segment_state,momentum_in_trend_context,SPY,equity,bearish,1,2023-2024,,,,,31,31,0.0013238724265827102,0.001745521954708451,-0.011244679143115,0.024016281090541547,19,12,0,8,0.0009331591590673472,0.00109260208909856,segment_matched_unconditional,,,,,,,,,,,,,,,
segment_state,momentum_in_trend_context,SPY,equity,neutral,1,2023-2024,,,,,204,204,0.0001453425324553438,0.0008519992304777402,-0.020732616183386288,0.016123218055083433,111,93,0,24,-0.0002453707350600191,0.00019907936486784905,segment_matched_unconditional,,,,,,,,,,,,,,,
segment_matched,momentum_in_trend_context,SPY,equity,all,5,2023-2024,,,,,502,502,0.003948902968609768,0.005522902820389031,-0.06136785154861091,0.05109296113635553,313,189,0,1,,,,,,,,,,,,,,,,,,
segment_state,momentum_in_trend_context,SPY,equity,bullish,5,2023-2024,,,,,267,267,0.003105735461117791,0.004464197052447938,-0.03347633247168824,0.03180610016685059,167,100,0,16,-0.0008431675074919765,-0.0010587057679410927,segment_matched_unconditional,,,,,,,,,,,,,,,
segment_state,momentum_in_trend_context,SPY,equity,bearish,5,2023-2024,,,,,31,31,0.009843169898380926,0.012666357117834925,-0.03152735538520468,0.05109296113635553,18,13,0,8,0.005894266929771158,0.007143454297445895,segment_matched_unconditional,,,,,,,,,,,,,,,
segment_state,momentum_in_trend_context,SPY,equity,neutral,5,2023-2024,,,,,204,204,0.004156763016048257,0.006856942622815887,-0.06136785154861091,0.04909419352189337,128,76,0,24,0.00020786004743848958,0.0013340398024268563,segment_matched_unconditional,,,,,,,,,,,,,,,
segment_matched,momentum_in_trend_context,SPY,equity,all,20,2023-2024,,,,,502,502,0.016526215521549086,0.0215351236720549,-0.07619697405038339,0.10171209549179205,366,136,0,1,,,,,,,,,,,,,,,,,,
segment_state,momentum_in_trend_context,SPY,equity,bullish,20,2023-2024,,,,,267,267,0.011161669439168515,0.019771944159048704,-0.07619697405038339,0.0667631058436271,184,83,0,16,-0.005364546082380571,-0.0017631795130061967,segment_matched_unconditional,,,,,,,,,,,,,,,
segment_state,momentum_in_trend_context,SPY,equity,bearish,20,2023-2024,,,,,31,31,0.034859163450859834,0.04346207202275698,-0.04429315226911512,0.09925392961984425,20,11,0,8,0.01833294792931075,0.02192694835070208,segment_matched_unconditional,,,,,,,,,,,,,,,
segment_state,momentum_in_trend_context,SPY,equity,neutral,20,2023-2024,,,,,204,204,0.02076157051266173,0.022882849658415583,-0.05979036111401681,0.10171209549179205,162,42,0,24,0.0042353549911126435,0.0013477259863606816,segment_matched_unconditional,,,,,,,,,,,,,,,
segment_matched,momentum_in_trend_context,QQQ,equity,all,1,2015-2016,,,,,504,504,0.0001566398708762105,0.0005537630407689287,-0.038992881050585626,0.04489011542869492,263,238,3,1,,,,,,,,,,,,,,,,,,
segment_state,momentum_in_trend_context,QQQ,equity,bullish,1,2015-2016,,,,,173,173,-0.000585788568887778,-0.00017837068380532894,-0.02442182633592216,0.017959013218384,81,92,0,26,-0.0007424284397639885,-0.0007321337245742576,segment_matched_unconditional,,,,,,,,,,,,,,,
segment_state,momentum_in_trend_context,QQQ,equity,bearish,1,2015-2016,,,,,68,68,-0.00017020610550722015,0.001974147993322295,-0.03840709302576728,0.03184522804849932,39,29,0,14,-0.0003268459763834307,0.0014203849525533663,segment_matched_unconditional,,,,,,,,,,,,,,,
segment_state,momentum_in_trend_context,QQQ,equity,neutral,1,2015-2016,,,,,263,263,0.0007295130513828391,0.0011798625254846318,-0.038992881050585626,0.04489011542869492,143,117,3,41,0.0005728731805066285,0.0006260994847157031,segment_matched_unconditional,,,,,,,,,,,,,,,
segment_matched,momentum_in_trend_context,QQQ,equity,all,5,2015-2016,,,,,504,504,0.001794309909804478,0.0031228612100794306,-0.11520488709071874,0.12087444533461689,294,210,0,1,,,,,,,,,,,,,,,,,,
segment_state,momentum_in_trend_context,QQQ,equity,bullish,5,2015-2016,,,,,173,173,-0.0024162722972435532,-0.0004974509434552132,-0.052013966468876904,0.028341583345869337,85,88,0,26,-0.0042105822070480315,-0.003620312153534644,segment_matched_unconditional,,,,,,,,,,,,,,,
segment_state,momentum_in_trend_context,QQQ,equity,bearish,5,2015-2016,,,,,68,68,0.007698258606114851,0.01185824815055414,-0.06330839268996735,0.06149175364424275,43,25,0,14,0.005903948696310373,0.00873538694047471,segment_matched_unconditional,,,,,,,,,,,,,,,
segment_state,momentum_in_trend_context,QQQ,equity,neutral,5,2015-2016,,,,,263,263,0.003037512230983961,0.0055210556183686865,-0.11520488709071874,0.12087444533461689,166,97,0,41,0.001243202321179483,0.002398194408289256,segment_matched_unconditional,,,,,,,,,,,,,,,
segment_matched,momentum_in_trend_context,QQQ,equity,all,20,2015-2016,,,,,504,504,0.008175638709561901,0.011021701773505477,-0.11924222035721344,0.12936500884267987,317,186,1,1,,,,,,,,,,,,,,,,,,
segment_state,momentum_in_trend_context,QQQ,equity,bullish,20,2015-2016,,,,,173,173,-0.002848060524810662,0.0017946224567733093,-0.10683009872383342,0.04948725231254336,90,83,0,26,-0.011023699234372563,-0.009227079316732167,segment_matched_unconditional,,,,,,,,,,,,,,,
segment_state,momentum_in_trend_context,QQQ,equity,bearish,20,2015-2016,,,,,68,68,0.023843570036515663,0.027937275576689125,-0.08757194179859895,0.12936500884267987,48,19,1,14,0.015667931326953762,0.016915573803183648,segment_matched_unconditional,,,,,,,,,,,,,,,
segment_state,momentum_in_trend_context,QQQ,equity,neutral,20,2015-2016,,,,,263,263,0.011375945315317023,0.015932913044437447,-0.11924222035721344,0.12151115929467582,179,84,0,41,0.0032003066057551214,0.00491121127093197,segment_matched_unconditional,,,,,,,,,,,,,,,
segment_matched,momentum_in_trend_context,QQQ,equity,all,1,2017-2018,,,,,502,502,-4.0503430332193797e-07,0.0006343765610276053,-0.04466407037151843,0.050868519366345843,274,225,3,1,,,,,,,,,,,,,,,,,,
segment_state,momentum_in_trend_context,QQQ,equity,bullish,1,2017-2018,,,,,292,292,-8.676800207028269e-05,0.00035667601976896446,-0.026158408389679755,0.016866005831184916,157,132,3,25,-8.636296776696075e-05,-0.00027770054125864085,segment_matched_unconditional,,,,,,,,,,,,,,,
segment_state,momentum_in_trend_context,QQQ,equity,bearish,1,2017-2018,,,,,43,43,0.0001887735723768965,-0.0005670378831098555,-0.04466407037151843,0.050868519366345843,21,22,0,8,0.00018917860668021843,-0.0012014144441374608,segment_matched_unconditional,,,,,,,,,,,,,,,
segment_state,momentum_in_trend_context,QQQ,equity,neutral,1,2017-2018,,,,,167,167,0.00010189021420388253,0.0014700582717328547,-0.04463951180993453,0.041717477067257036,96,71,0,33,0.00010229524850720446,0.0008356817107052494,segment_matched_unconditional,,,,,,,,,,,,,,,
segment_matched,momentum_in_trend_context,QQQ,equity,all,5,2017-2018,,,,,502,502,0.002216855182265682,0.004826120816094792,-0.09549318928035644,0.06754895869914512,306,194,2,1,,,,,,,,,,,,,,,,,,
segment_state,momentum_in_trend_context,QQQ,equity,bullish,5,2017-2018,,,,,292,292,0.0008880992905273805,0.0034410386356864553,-0.08278545039375063,0.03337647302283986,174,117,1,25,-0.0013287558917383013,-0.0013850821804083369,segment_matched_unconditional,,,,,,,,,,,,,,,
segment_state,momentum_in_trend_context,QQQ,equity,bearish,5,2017-2018,,,,,43,43,0.0009363497277278512,0.0010046578937425998,-0.09549318928035644,0.06754895869914512,22,20,1,8,-0.0012805054545378307,-0.0038214629223521923,segment_matched_unconditional,,,,,,,,,,,,,,,
segment_state,momentum_in_trend_context,QQQ,equity,neutral,5,2017-2018,,,,,167,167,0.004869899822581314,0.010088277730250894,-0.06997145461794663,0.06477317920145209,110,57,0,33,0.0026530446403156323,0.005262156914156102,segment_matched_unconditional,,,,,,,,,,,,,,,
segment_matched,momentum_in_trend_context,QQQ,equity,all,20,2017-2018,,,,,502,502,0.010889615072231093,0.01532486957139867,-0.12605720279316934,0.12489657353525674,347,155,0,1,,,,,,,,,,,,,,,,,,
segment_state,momentum_in_trend_context,QQQ,equity,bullish,20,2017-2018,,,,,292,292,0.010044803972039624,0.014051682218136796,-0.12246653111136829,0.0884488027475927,206,86,0,25,-0.0008448111001914688,-0.0012731873532618732,segment_matched_unconditional,,,,,,,,,,,,,,,
segment_state,momentum_in_trend_context,QQQ,equity,bearish,20,2017-2018,,,,,43,43,-0.0026631666507018915,-0.01260723249532536,-0.1111248895571435,0.12489657353525674,18,25,0,8,-0.013552781722932984,-0.02793210206672403,segment_matched_unconditional,,,,,,,,,,,,,,,
segment_state,momentum_in_trend_context,QQQ,equity,neutral,20,2017-2018,,,,,167,167,0.015856408217991738,0.023070917247469014,-0.12605720279316934,0.1127105069738219,123,44,0,33,0.0049667931457606455,0.0077460476760703445,segment_matched_unconditional,,,,,,,,,,,,,,,
segment_matched,momentum_in_trend_context,QQQ,equity,all,1,2019-2020,,,,,505,505,0.0006690069629619489,0.0011060554150048585,-0.0607461660131684,0.04367215419883519,278,225,2,1,,,,,,,,,,,,,,,,,,
segment_state,momentum_in_trend_context,QQQ,equity,bullish,1,2019-2020,,,,,294,294,0.0005058343048081849,0.0012317059707015465,-0.035860456969243226,0.02714677978109381,165,127,2,21,-0.00016317265815376397,0.00012565055569668804,segment_matched_unconditional,,,,,,,,,,,,,,,
segment_state,momentum_in_trend_context,QQQ,equity,bearish,1,2019-2020,,,,,24,24,0.0036202100239417223,0.0026113273768548773,-0.0607461660131684,0.04367215419883519,13,11,0,6,0.0029512030609797736,0.0015052719618500188,segment_matched_unconditional,,,,,,,,,,,,,,,
segment_state,momentum_in_trend_context,QQQ,equity,neutral,1,2019-2020,,,,,187,187,0.0005467817652811575,0.0007541851315298054,-0.03529677439109746,0.036097247749314,100,87,0,26,-0.00012222519768079134,-0.0003518702834750531,segment_matched_unconditional,,,,,,,,,,,,,,,
segment_matched,momentum_in_trend_context,QQQ,equity,all,5,2019-2020,,,,,505,505,0.0066007543608769675,0.00828787205065007,-0.158172131977789,0.10665416709989994,322,183,0,1,,,,,,,,,,,,,,,,,,
segment_state,momentum_in_trend_context,QQQ,equity,bullish,5,2019-2020,,,,,294,294,0.005595240636674337,0.008116854216291491,-0.11972946854854694,0.06336892779265013,200,94,0,21,-0.0010055137242026306,-0.00017101783435857776,segment_matched_unconditional,,,,,,,,,,,,,,,
segment_state,momentum_in_trend_context,QQQ,equity,bearish,5,2019-2020,,,,,24,24,0.02557600990541269,0.03532619529778702,-0.08633060540229243,0.10665416709989994,16,8,0,6,0.018975255544535722,0.027038323247136953,segment_matched_unconditional,,,,,,,,,,,,,,,
segment_state,momentum_in_trend_context,QQQ,equity,neutral,5,2019-2020,,,,,187,187,0.005746288595351384,0.0076161951711406495,-0.158172131977789,0.08372256294664293,106,81,0,26,-0.0008544657655255835,-0.0006716768795094197,segment_matched_unconditional,,,,,,,,,,,,,,,
segment_matched,momentum_in_trend_context,QQQ,equity,all,20,2019-2020,,,,,505,505,0.028636939539802755,0.03979167885047885,-0.2749464537397952,0.24467591722579995,397,108,0,1,,,,,,,,,,,,,,,,,,
segment_state,momentum_in_trend_context,QQQ,equity,bullish,20,2019-2020,,,,,294,294,0.01943262022962107,0.03788299879269341,-0.2749464537397952,0.13276946735966466,226,68,0,21,-0.009204319310181685,-0.001908680057785439,segment_matched_unconditional,,,,,,,,,,,,,,,
segment_state,momentum_in_trend_context,QQQ,equity,bearish,20,2019-2020,,,,,24,24,0.1210055873068332,0.10172712065587619,-0.014798154585956791,0.24467591722579995,23,1,0,6,0.09236864776703044,0.06193544180539734,segment_matched_unconditional,,,,,,,,,,,,,,,
segment_state,momentum_in_trend_context,QQQ,equity,neutral,20,2019-2020,,,,,187,187,0.03125310173651231,0.036683450024685316,-0.23646133610809772,0.18525731956505065,148,39,0,26,0.002616162196709553,-0.0031082288257935353,segment_matched_unconditional,,,,,,,,,,,,,,,
segment_matched,momentum_in_trend_context,QQQ,equity,all,1,2021-2022,,,,,503,503,-3.612884212517297e-05,0.0006601687042855353,-0.04008991003755624,0.06790237782320374,263,240,0,1,,,,,,,,,,,,,,,,,,
segment_state,momentum_in_trend_context,QQQ,equity,bullish,1,2021-2022,,,,,153,153,-0.00013634824204407833,0.0004226318771314297,-0.02093427599278941,0.021642231038304427,79,74,0,20,-0.00010021939991890536,-0.00023753682715410562,segment_matched_unconditional,,,,,,,,,,,,,,,
segment_state,momentum_in_trend_context,QQQ,equity,bearish,1,2021-2022,,,,,111,111,0.0010574887354885478,0.0010047325721154188,-0.0385694008179881,0.06790237782320374,59,52,0,18,0.0010936175776137208,0.00034456386782988346,segment_matched_unconditional,,,,,,,,,,,,,,,
segment_state,momentum_in_trend_context,QQQ,equity,neutral,1,2021-2022,,,,,239,239,-0.00047988609286797834,0.0013698832575570474,-0.04008991003755624,0.04458050554383486,125,114,0,37,-0.00044375725074280534,0.0007097145532715121,segment_matched_unconditional,,,,,,,,,,,,,,,
segment_matched,momentum_in_trend_context,QQQ,equity,all,5,2021-2022,,,,,503,503,-0.0008695432576420076,0.0005450829783051336,-0.1072317923955386,0.09099969223734328,257,246,0,1,,,,,,,,,,,,,,,,,,
segment_state,momentum_in_trend_context,QQQ,equity,bullish,5,2021-2022,,,,,153,153,-0.0017559905441817795,-0.0005302167353050669,-0.06425960781970463,0.04482858812756363,75,78,0,20,-0.0008864472865397719,-0.0010752997136102005,segment_matched_unconditional,,,,,,,,,,,,,,,
segment_state,momentum_in_trend_context,QQQ,equity,bearish,5,2021-2022,,,,,111,111,0.004093123466101038,0.004473552143476889,-0.07580446010802178,0.09099969223734328,61,50,0,18,0.004962666723743046,0.003928469165171755,segment_matched_unconditional,,,,,,,,,,,,,,,
segment_state,momentum_in_trend_context,QQQ,equity,neutral,5,2021-2022,,,,,239,239,-0.0026069054814700115,0.0006101742228747931,-0.1072317923955386,0.08078131197315686,121,118,0,37,-0.001737362223828004,6.509124456965942e-05,segment_matched_unconditional,,,,,,,,,,,,,,,
segment_matched,momentum_in_trend_context,QQQ,equity,all,20,2021-2022,,,,,503,503,-0.002781569554741747,0.0012162491493721284,-0.15959475855930672,0.1517368243514301,254,249,0,1,,,,,,,,,,,,,,,,,,
segment_state,momentum_in_trend_context,QQQ,equity,bullish,20,2021-2022,,,,,153,153,-0.01943438572635885,-0.019799112309651923,-0.1500759536638927,0.07105340775245361,59,94,0,20,-0.016652816171617103,-0.02101536145902405,segment_matched_unconditional,,,,,,,,,,,,,,,
segment_state,momentum_in_trend_context,QQQ,equity,bearish,20,2021-2022,,,,,111,111,0.013351403889236732,0.014664664757258805,-0.10681131322406212,0.1396389498675421,64,47,0,18,0.01613297344397848,0.013448415607886677,segment_matched_unconditional,,,,,,,,,,,,,,,
segment_state,momentum_in_trend_context,QQQ,equity,neutral,20,2021-2022,,,,,239,239,0.00038629999327417395,0.011479077282983585,-0.15959475855930672,0.1517368243514301,131,108,0,37,0.003167869548015921,0.010262828133611457,segment_matched_unconditional,,,,,,,,,,,,,,,
segment_matched,momentum_in_trend_context,QQQ,equity,all,1,2023-2024,,,,,502,502,0.0006110312136605234,0.0013076250850998505,-0.03490619986683241,0.029563750196623273,280,222,0,1,,,,,,,,,,,,,,,,,,
segment_state,momentum_in_trend_context,QQQ,equity,bullish,1,2023-2024,,,,,275,275,0.0002788875069387251,0.0007346107006560576,-0.03490619986683241,0.02242042467399319,148,127,0,24,-0.00033214370672179824,-0.0005730143844437929,segment_matched_unconditional,,,,,,,,,,,,,,,
segment_state,momentum_in_trend_context,QQQ,equity,bearish,1,2023-2024,,,,,42,42,0.0015801091085011145,0.004084169314522934,-0.026249191419836726,0.025446417730520032,24,18,0,8,0.0009690778948405911,0.0027765442294230835,segment_matched_unconditional,,,,,,,,,,,,,,,
segment_state,momentum_in_trend_context,QQQ,equity,neutral,1,2023-2024,,,,,185,185,0.0008847514718507379,0.0015858646630331208,-0.030646234915239656,0.029563750196623273,108,77,0,32,0.0002737202581902145,0.00027823957793327025,segment_matched_unconditional,,,,,,,,,,,,,,,
segment_matched,momentum_in_trend_context,QQQ,equity,all,5,2023-2024,,,,,502,502,0.006170613386802607,0.00663906904139544,-0.0784085551684004,0.06753425075583253,314,188,0,1,,,,,,,,,,,,,,,,,,
segment_state,momentum_in_trend_context,QQQ,equity,bullish,5,2023-2024,,,,,275,275,0.0041136417009939325,0.0031701769294572024,-0.04303174673795407,0.0525457729977743,166,109,0,24,-0.002056971685808674,-0.0034688921119382377,segment_matched_unconditional,,,,,,,,,,,,,,,
segment_state,momentum_in_trend_context,QQQ,equity,bearish,5,2023-2024,,,,,42,42,0.023472212301348376,0.028236661025314747,-0.04395478820608412,0.06196002999157857,31,11,0,8,0.01730159891454577,0.021597591983919306,segment_matched_unconditional,,,,,,,,,,,,,,,
segment_state,momentum_in_trend_context,QQQ,equity,neutral,5,2023-2024,,,,,185,185,0.005300343436459164,0.010164754584203628,-0.0784085551684004,0.06753425075583253,117,68,0,32,-0.0008702699503434427,0.003525685542808188,segment_matched_unconditional,,,,,,,,,,,,,,,
segment_matched,momentum_in_trend_context,QQQ,equity,all,20,2023-2024,,,,,502,502,0.02506867858692433,0.026373364431275026,-0.13576642875974287,0.18057866661396238,377,124,1,1,,,,,,,,,,,,,,,,,,
segment_state,momentum_in_trend_context,QQQ,equity,bullish,20,2023-2024,,,,,275,275,0.01768808929104865,0.022667901542407387,-0.13576642875974287,0.11685576144959242,199,76,0,24,-0.007380589295875678,-0.003705462888867639,segment_matched_unconditional,,,,,,,,,,,,,,,
segment_state,momentum_in_trend_context,QQQ,equity,bearish,20,2023-2024,,,,,42,42,0.051187168085112554,0.05337469305376674,-0.04945512103839789,0.18057866661396238,33,9,0,8,0.026118489498188225,0.027001328622491716,segment_matched_unconditional,,,,,,,,,,,,,,,
segment_state,momentum_in_trend_context,QQQ,equity,neutral,20,2023-2024,,,,,185,185,0.030110221816340033,0.031018794035645225,-0.05926628876142137,0.14987575090752125,145,39,1,32,0.005041543229415704,0.004645429604370199,segment_matched_unconditional,,,,,,,,,,,,,,,
segment_matched,momentum_in_trend_context,IWM,equity,all,1,2015-2016,,,,,504,504,0.0003702404815932345,0.0007971815816272265,-0.03822885132561482,0.037770994370866395,271,232,1,1,,,,,,,,,,,,,,,,,,
segment_state,momentum_in_trend_context,IWM,equity,bullish,1,2015-2016,,,,,189,189,0.00020834827361260012,0.0009132470995314446,-0.024376623821798504,0.015644743162350094,108,81,0,24,-0.00016189220798063438,0.00011606551790421804,segment_matched_unconditional,,,,,,,,,,,,,,,
segment_state,momentum_in_trend_context,IWM,equity,bearish,1,2015-2016,,,,,85,85,-0.0010453658802358778,-0.0011959269279452345,-0.03822885132561482,0.029188306099786177,41,44,0,11,-0.0014156063618291123,-0.001993108509572461,segment_matched_unconditional,,,,,,,,,,,,,,,
segment_state,momentum_in_trend_context,IWM,equity,neutral,1,2015-2016,,,,,230,230,0.0010264325166532973,0.000769899498254456,-0.02142790366397085,0.037770994370866395,122,107,1,36,0.0006561920350600628,-2.7282083372770494e-05,segment_matched_unconditional,,,,,,,,,,,,,,,
segment_matched,momentum_in_trend_context,IWM,equity,all,5,2015-2016,,,,,504,504,0.001830036273361006,0.0038333058309338863,-0.08990612754204541,0.09713754270696962,284,219,1,1,,,,,,,,,,,,,,,,,,
segment_state,momentum_in_trend_context,IWM,equity,bullish,5,2015-2016,,,,,189,189,-0.0005109928829965929,0.0006636897775795791,-0.04199210559179456,0.05422323745490765,99,89,1,24,-0.002341029156357599,-0.003169616053354307,segment_matched_unconditional,,,,,,,,,,,,,,,
segment_state,momentum_in_trend_context,IWM,equity,bearish,5,2015-2016,,,,,85,85,-0.001454808781728703,-0.0007585029875900595,-0.08515428652658485,0.07979181877482122,42,43,0,11,-0.003284845055089709,-0.004591808818523946,segment_matched_unconditional,,,,,,,,,,,,,,,
segment_state,momentum_in_trend_context,IWM,equity,neutral,5,2015-2016,,,,,230,230,0.004967716013509752,0.0058185434597940455,-0.08990612754204541,0.09713754270696962,143,87,0,36,0.003137679740148746,0.001985237628860159,segment_matched_unconditional,,,,,,,,,,,,,,,
segment_matched,momentum_in_trend_context,IWM,equity,all,20,2015-2016,,,,,504,504,0.006931309195877155,0.01001605463542421,-0.13386927095416767,0.1509145646095602,291,213,0,1,,,,,,,,,,,,,,,,,,
segment_state,momentum_in_trend_context,IWM,equity,bullish,20,2015-2016,,,,,189,189,0.001020758677829623,-0.00016140287289723165,-0.05338788773480807,0.07557619170949148,93,96,0,24,-0.005910550518047532,-0.010177457508321441,segment_matched_unconditional,,,,,,,,,,,,,,,
segment_state,momentum_in_trend_context,IWM,equity,bearish,20,2015-2016,,,,,85,85,0.008178035478362903,0.006241770922767342,-0.12153766437843527,0.1352991364425531,44,41,0,11,0.0012467262824857484,-0.0037742837126568674,segment_matched_unconditional,,,,,,,,,,,,,,,
segment_state,momentum_in_trend_context,IWM,equity,neutral,20,2015-2016,,,,,230,230,0.01132749316935409,0.01927942238886804,-0.13386927095416767,0.1509145646095602,154,76,0,36,0.004396183973476936,0.00926336775344383,segment_matched_unconditional,,,,,,,,,,,,,,,
segment_matched,momentum_in_trend_context,IWM,equity,all,1,2017-2018,,,,,502,502,-0.00039808948717837166,0.0001647217770628373,-0.04052029741488816,0.044741795621640934,255,244,3,1,,,,,,,,,,,,,,,,,,
segment_state,momentum_in_trend_context,IWM,equity,bullish,1,2017-2018,,,,,186,186,-0.0006137272994277514,-0.00033321880657000147,-0.01922851924726443,0.015670294454172895,89,96,1,35,-0.0002156378122493797,-0.0004979405836328388,segment_matched_unconditional,,,,,,,,,,,,,,,
segment_state,momentum_in_trend_context,IWM,equity,bearish,1,2017-2018,,,,,63,63,-0.0012764376758414618,-0.00041411897136722775,-0.03618831138209189,0.044741795621640934,28,34,1,8,-0.0008783481886630902,-0.0005788407484300651,segment_matched_unconditional,,,,,,,,,,,,,,,
segment_state,momentum_in_trend_context,IWM,equity,neutral,1,2017-2018,,,,,253,253,-2.0838226450469236e-05,0.0010270379144246,-0.04052029741488816,0.028585196846034666,138,114,1,42,0.0003772512607279024,0.0008623161373617627,segment_matched_unconditional,,,,,,,,,,,,,,,
segment_matched,momentum_in_trend_context,IWM,equity,all,5,2017-2018,,,,,502,502,-0.00011062949965638243,0.0005171369778552704,-0.08954142734907944,0.07233107127968452,258,243,1,1,,,,,,,,,,,,,,,,,,
segment_state,momentum_in_trend_context,IWM,equity,bullish,5,2017-2018,,,,,186,186,-0.00017114408197144875,0.00034769452501959286,-0.06177854412612127,0.03957313035938692,94,92,0,35,-6.051458231506632e-05,-0.0001694424528356775,segment_matched_unconditional,,,,,,,,,,,,,,,
segment_state,momentum_in_trend_context,IWM,equity,bearish,5,2017-2018,,,,,63,63,-0.0016119618532029418,0.0036258929584114252,-0.08954142734907944,0.07233107127968452,32,30,1,8,-0.0015013323535465594,0.003108755980556155,segment_matched_unconditional,,,,,,,,,,,,,,,
segment_state,momentum_in_trend_context,IWM,equity,neutral,5,2017-2018,,,,,253,253,0.00030770904020146567,0.0012527499835548461,-0.06988790290037572,0.04676584443553744,132,121,0,42,0.0004183385398578481,0.0007356130056995758,segment_matched_unconditional,,,,,,,,,,,,,,,
segment_matched,momentum_in_trend_context,IWM,equity,all,20,2017-2018,,,,,502,502,0.002655249666488983,0.006579934170371837,-0.1569783613786293,0.15196391057102532,301,200,1,1,,,,,,,,,,,,,,,,,,
segment_state,momentum_in_trend_context,IWM,equity,bullish,20,2017-2018,,,,,186,186,-0.002367016444560409,-0.00011939285047196657,-0.10395515258299648,0.05645211365765479,92,93,1,35,-0.005022266111049392,-0.006699327020843804,segment_matched_unconditional,,,,,,,,,,,,,,,
segment_state,momentum_in_trend_context,IWM,equity,bearish,20,2017-2018,,,,,63,63,0.002482515999987243,0.004559730795392847,-0.1569783613786293,0.15196391057102532,35,28,0,8,-0.00017273366650174008,-0.0020202033749789905,segment_matched_unconditional,,,,,,,,,,,,,,,
segment_state,momentum_in_trend_context,IWM,equity,neutral,20,2017-2018,,,,,253,253,0.006390521277733239,0.01828253979438821,-0.1398373983739838,0.08358289499279703,174,79,0,42,0.003735271611244256,0.011702605624016371,segment_matched_unconditional,,,,,,,,,,,,,,,
segment_matched,momentum_in_trend_context,IWM,equity,all,1,2019-2020,,,,,505,505,-0.00019565329291772093,0.0003887362966006336,-0.046032037134682735,0.05784819015968368,259,243,3,1,,,,,,,,,,,,,,,,,,
segment_state,momentum_in_trend_context,IWM,equity,bullish,1,2019-2020,,,,,218,218,-0.0007798305414033602,-0.00012114772423466036,-0.041819689313975394,0.01966656707245873,106,109,3,24,-0.0005841772484856393,-0.0005098840208352939,segment_matched_unconditional,,,,,,,,,,,,,,,
segment_state,momentum_in_trend_context,IWM,equity,bearish,1,2019-2020,,,,,53,53,-0.0006988188611791065,-0.0011485587139689057,-0.046032037134682735,0.047247593686658984,26,27,0,10,-0.0005031655682613855,-0.0015372950105695393,segment_matched_unconditional,,,,,,,,,,,,,,,
segment_state,momentum_in_trend_context,IWM,equity,neutral,1,2019-2020,,,,,234,234,0.0004625450630127184,0.0010634186017129954,-0.029701698584287173,0.05784819015968368,127,107,0,33,0.0006581983559304393,0.0006746823051123618,segment_matched_unconditional,,,,,,,,,,,,,,,
segment_matched,momentum_in_trend_context,IWM,equity,all,5,2019-2020,,,,,505,505,0.0036525102961535334,0.005608200993033607,-0.230792089806085,0.16070931111124476,298,207,0,1,,,,,,,,,,,,,,,,,,
segment_state,momentum_in_trend_context,IWM,equity,bullish,5,2019-2020,,,,,218,218,0.003456849810431239,0.004160806371517167,-0.11352956902063704,0.09477018667665416,126,92,0,24,-0.00019566048572229426,-0.0014473946215164402,segment_matched_unconditional,,,,,,,,,,,,,,,
segment_state,momentum_in_trend_context,IWM,equity,bearish,5,2019-2020,,,,,53,53,-0.006726780101201147,0.016469811285386493,-0.230792089806085,0.16070931111124476,32,21,0,10,-0.01037929039735468,0.010861610292352886,segment_matched_unconditional,,,,,,,,,,,,,,,
segment_state,momentum_in_trend_context,IWM,equity,neutral,5,2019-2020,,,,,234,234,0.006185657206184551,0.0063347932059349965,-0.09594710688703456,0.12779956727593844,140,94,0,33,0.0025331469100310176,0.0007265922129013891,segment_matched_unconditional,,,,,,,,,,,,,,,
segment_matched,momentum_in_trend_context,IWM,equity,all,20,2019-2020,,,,,505,505,0.018299694006906106,0.02481964768070566,-0.40458603421785844,0.2461822494656265,345,160,0,1,,,,,,,,,,,,,,,,,,
segment_state,momentum_in_trend_context,IWM,equity,bullish,20,2019-2020,,,,,218,218,0.00894002448134731,0.014766459642893248,-0.40458603421785844,0.17391298243150755,136,82,0,24,-0.009359669525558795,-0.01005318803781241,segment_matched_unconditional,,,,,,,,,,,,,,,
segment_state,momentum_in_trend_context,IWM,equity,bearish,20,2019-2020,,,,,53,53,0.0165674079582623,0.06116933584610895,-0.3853064305954673,0.2461822494656265,41,12,0,10,-0.0017322860486438073,0.03634968816540329,segment_matched_unconditional,,,,,,,,,,,,,,,
segment_state,momentum_in_trend_context,IWM,equity,neutral,20,2019-2020,,,,,234,234,0.02741174151609388,0.02940943012810271,-0.3735326755003485,0.20174112197092775,168,66,0,33,0.009112047509187773,0.0045897824473970505,segment_matched_unconditional,,,,,,,,,,,,,,,
segment_matched,momentum_in_trend_context,IWM,equity,all,1,2021-2022,,,,,503,503,-0.0005211110299880554,-0.00026947029076340723,-0.04440562684688132,0.05161419702570291,245,258,0,1,,,,,,,,,,,,,,,,,,
segment_state,momentum_in_trend_context,IWM,equity,bullish,1,2021-2022,,,,,111,111,-0.0009281511218118741,-0.00010944453766570383,-0.036068578499673265,0.025315836975730477,54,57,0,20,-0.00040704009182381863,0.0001600257530977034,segment_matched_unconditional,,,,,,,,,,,,,,,
segment_state,momentum_in_trend_context,IWM,equity,bearish,1,2021-2022,,,,,109,109,0.0020379940986924917,0.003580932664903669,-0.030916361176910212,0.05161419702570291,61,48,0,27,0.002559105128680547,0.003850402955667076,segment_matched_unconditional,,,,,,,,,,,,,,,
segment_state,momentum_in_trend_context,IWM,equity,neutral,1,2021-2022,,,,,283,283,-0.0013471216619093832,-0.0009074683460957855,-0.04440562684688132,0.034967074865157155,130,153,0,46,-0.0008260106319213277,-0.0006379980553323783,segment_matched_unconditional,,,,,,,,,,,,,,,
segment_matched,momentum_in_trend_context,IWM,equity,all,5,2021-2022,,,,,503,503,-0.0012594891989695406,-0.0013050622690635727,-0.10927788236400093,0.08453694535778578,245,258,0,1,,,,,,,,,,,,,,,,,,
segment_state,momentum_in_trend_context,IWM,equity,bullish,5,2021-2022,,,,,111,111,-0.0028370387537592612,-0.007792744057093515,-0.081282536904551,0.07483555452016244,45,66,0,20,-0.0015775495547897206,-0.006487681788029942,segment_matched_unconditional,,,,,,,,,,,,,,,
segment_state,momentum_in_trend_context,IWM,equity,bearish,5,2021-2022,,,,,109,109,0.00825538164804789,0.0118565630158729,-0.08166921605743183,0.08453694535778578,67,42,0,27,0.009514870847017432,0.013161625284936473,segment_matched_unconditional,,,,,,,,,,,,,,,
segment_state,momentum_in_trend_context,IWM,equity,neutral,5,2021-2022,,,,,283,283,-0.004305471254599368,-0.0026368551414106545,-0.10927788236400093,0.07068099900500235,133,150,0,46,-0.003045982055629827,-0.0013317928723470818,segment_matched_unconditional,,,,,,,,,,,,,,,
segment_matched,momentum_in_trend_context,IWM,equity,all,20,2021-2022,,,,,503,503,-0.0038871468553899305,-0.0023591810198650975,-0.14349339257082716,0.15971071621509636,245,258,0,1,,,,,,,,,,,,,,,,,,
segment_state,momentum_in_trend_context,IWM,equity,bullish,20,2021-2022,,,,,111,111,-0.02146654473078991,-0.03184510151933484,-0.14349339257082716,0.10834268671054614,38,73,0,20,-0.01757939787539998,-0.029485920499469742,segment_matched_unconditional,,,,,,,,,,,,,,,
segment_state,momentum_in_trend_context,IWM,equity,bearish,20,2021-2022,,,,,109,109,0.018804131317833594,0.014120601889464401,-0.09315034369051689,0.15971071621509636,68,41,0,27,0.022691278173223525,0.0164797829093295,segment_matched_unconditional,,,,,,,,,,,,,,,
segment_state,momentum_in_trend_context,IWM,equity,neutral,20,2021-2022,,,,,283,283,-0.005731797585820908,-0.0010323431683202378,-0.14176318641693875,0.1506152064332975,139,144,0,46,-0.0018446507304309772,0.0013268378515448598,segment_matched_unconditional,,,,,,,,,,,,,,,
segment_matched,momentum_in_trend_context,IWM,equity,all,1,2023-2024,,,,,502,502,-0.0001541172889184926,8.273675833236904e-05,-0.049087189483419946,0.03329767784236326,252,250,0,1,,,,,,,,,,,,,,,,,,
segment_state,momentum_in_trend_context,IWM,equity,bullish,1,2023-2024,,,,,170,170,-0.00119935879659047,-0.0016892584064657212,-0.03213121644602446,0.03329767784236326,76,94,0,28,-0.0010452415076719775,-0.0017719951647980903,segment_matched_unconditional,,,,,,,,,,,,,,,
segment_state,momentum_in_trend_context,IWM,equity,bearish,1,2023-2024,,,,,72,72,0.0005791347459698226,0.0006997111822600877,-0.027645619559810042,0.026301944799259847,40,32,0,17,0.0007332520348883152,0.0006169744239277186,segment_matched_unconditional,,,,,,,,,,,,,,,
segment_state,momentum_in_trend_context,IWM,equity,neutral,1,2023-2024,,,,,260,260,0.00032625544105180544,0.0006807636872447898,-0.049087189483419946,0.024915609788602966,136,124,0,44,0.00048037272997029804,0.0005980269289124207,segment_matched_unconditional,,,,,,,,,,,,,,,
segment_matched,momentum_in_trend_context,IWM,equity,all,5,2023-2024,,,,,502,502,0.002091277151925325,0.0006007525551817716,-0.09737680711839514,0.11028727845092168,258,244,0,1,,,,,,,,,,,,,,,,,,
segment_state,momentum_in_trend_context,IWM,equity,bullish,5,2023-2024,,,,,170,170,-0.0049377140248862104,-0.00644097431738877,-0.09737680711839514,0.07391761689528753,68,102,0,28,-0.007028991176811536,-0.007041726872570542,segment_matched_unconditional,,,,,,,,,,,,,,,
segment_state,momentum_in_trend_context,IWM,equity,bearish,5,2023-2024,,,,,72,72,0.0016954227293132136,-0.0006061897238375247,-0.04407891203491854,0.06532763078107506,36,36,0,17,-0.0003958544226121115,-0.0012069422790192963,segment_matched_unconditional,,,,,,,,,,,,,,,
segment_state,momentum_in_trend_context,IWM,equity,neutral,5,2023-2024,,,,,260,260,0.006796777223025452,0.004466643293617123,-0.08131458698221827,0.11028727845092168,154,106,0,44,0.004705500071100127,0.0038658907384353514,segment_matched_unconditional,,,,,,,,,,,,,,,
segment_matched,momentum_in_trend_context,IWM,equity,all,20,2023-2024,,,,,502,502,0.00875472573241661,0.007828500195670163,-0.10761939039914603,0.1430971863066921,280,222,0,1,,,,,,,,,,,,,,,,,,
segment_state,momentum_in_trend_context,IWM,equity,bullish,20,2023-2024,,,,,170,170,-0.007218302493603464,-0.00510508276553806,-0.10761939039914603,0.1430971863066921,75,95,0,28,-0.015973028226020074,-0.012933582961208223,segment_matched_unconditional,,,,,,,,,,,,,,,
segment_state,momentum_in_trend_context,IWM,equity,bearish,20,2023-2024,,,,,72,72,0.007289060702886489,0.00814992597292541,-0.08286305933901483,0.12373075906337672,38,34,0,17,-0.001465665029530121,0.00032142577725524646,segment_matched_unconditional,,,,,,,,,,,,,,,
segment_state,momentum_in_trend_context,IWM,equity,neutral,20,2023-2024,,,,,260,260,0.019604505272991922,0.02186273309728659,-0.09353053151836344,0.1359185032595025,167,93,0,44,0.010849779540575312,0.014034232901616428,segment_matched_unconditional,,,,,,,,,,,,,,,
segment_matched,momentum_in_trend_context,TLT,treasury,all,1,2015-2016,,,,,504,504,-9.899979752368199e-05,0.00011482854649180751,-0.02083006996110337,0.015824493685234087,254,248,2,1,,,,,,,,,,,,,,,,,,
segment_state,momentum_in_trend_context,TLT,treasury,bullish,1,2015-2016,,,,,124,124,0.0004455398343912892,0.00014811215334831207,-0.018269488722120197,0.015506190921727336,63,61,0,18,0.0005445396319149712,3.3283606856504555e-05,segment_matched_unconditional,,,,,,,,,,,,,,,
segment_state,momentum_in_trend_context,TLT,treasury,bearish,1,2015-2016,,,,,122,122,-0.00017858296042829063,0.00038308549155519067,-0.02083006996110337,0.01340618003704841,63,59,0,11,-7.958316290460864e-05,0.00026825694506338316,segment_matched_unconditional,,,,,,,,,,,,,,,
segment_state,momentum_in_trend_context,TLT,treasury,neutral,1,2015-2016,,,,,258,258,-0.00032308417148916327,0.0,-0.016511606615643215,0.015824493685234087,128,128,2,29,-0.0002240843739654813,-0.00011482854649180751,segment_matched_unconditional,,,,,,,,,,,,,,,
segment_matched,momentum_in_trend_context,TLT,treasury,all,5,2015-2016,,,,,504,504,-0.0005460992530659234,0.0005062712564339877,-0.07411087160152174,0.045586065047136026,261,242,1,1,,,,,,,,,,,,,,,,,,
segment_state,momentum_in_trend_context,TLT,treasury,bullish,5,2015-2016,,,,,124,124,0.0011305444579158364,0.0022923706110387077,-0.04637204474674761,0.045586065047136026,70,54,0,18,0.0016766437109817598,0.00178609935460472,segment_matched_unconditional,,,,,,,,,,,,,,,
segment_state,momentum_in_trend_context,TLT,treasury,bearish,5,2015-2016,,,,,122,122,-0.0015083903275439079,0.0004666876982463153,-0.07411087160152174,0.03542743350244182,62,59,1,11,-0.0009622910744779844,-3.958355818767245e-05,segment_matched_unconditional,,,,,,,,,,,,,,,
segment_state,momentum_in_trend_context,TLT,treasury,neutral,5,2015-2016,,,,,258,258,-0.0008968911487071022,7.434342415235662e-05,-0.04502381053838078,0.044644245047694264,129,129,0,29,-0.00035079189564117877,-0.0004319278322816311,segment_matched_unconditional,,,,,,,,,,,,,,,
segment_matched,momentum_in_trend_context,TLT,treasury,all,20,2015-2016,,,,,504,504,-0.0032001603682249914,0.0010166538626761312,-0.09414590243022025,0.07866992373562387,256,248,0,1,,,,,,,,,,,,,,,,,,
segment_state,momentum_in_trend_context,TLT,treasury,bullish,20,2015-2016,,,,,124,124,-0.002063492747332848,-0.005912144031872069,-0.07190924960577738,0.07743366524700157,55,69,0,18,0.0011366676208921433,-0.0069287978945482,segment_matched_unconditional,,,,,,,,,,,,,,,
segment_state,momentum_in_trend_context,TLT,treasury,bearish,20,2015-2016,,,,,122,122,-0.011419467270531303,-0.012970038144100915,-0.09414590243022025,0.07756302102073742,50,72,0,11,-0.008219306902306312,-0.013986692006777046,segment_matched_unconditional,,,,,,,,,,,,,,,
segment_state,momentum_in_trend_context,TLT,treasury,neutral,20,2015-2016,,,,,258,258,0.0001401832639096762,0.004980761224432806,-0.09133994046004967,0.07866992373562387,151,107,0,29,0.0033403436321346675,0.003964107361756675,segment_matched_unconditional,,,,,,,,,,,,,,,
segment_matched,momentum_in_trend_context,TLT,treasury,all,1,2017-2018,,,,,502,502,0.00022842396605852618,0.00016113401503947689,-0.014533036903208396,0.01292272332960942,258,238,6,1,,,,,,,,,,,,,,,,,,
segment_state,momentum_in_trend_context,TLT,treasury,bullish,1,2017-2018,,,,,112,112,-0.00019807938744990531,0.0,-0.010409017705309997,0.008908497955098627,55,54,3,18,-0.00042650335350843146,-0.00016113401503947689,segment_matched_unconditional,,,,,,,,,,,,,,,
segment_state,momentum_in_trend_context,TLT,treasury,bearish,1,2017-2018,,,,,105,105,-0.0003108148476746384,-0.00035562690552570775,-0.014533036903208396,0.01292272332960942,52,53,0,18,-0.0005392388137331646,-0.0005167609205651846,segment_matched_unconditional,,,,,,,,,,,,,,,
segment_state,momentum_in_trend_context,TLT,treasury,neutral,1,2017-2018,,,,,285,285,0.0005946992328477424,0.00024415055445836664,-0.009606684950735911,0.012702419655094443,151,131,3,36,0.00036627526678921615,8.301653941888976e-05,segment_matched_unconditional,,,,,,,,,,,,,,,
segment_matched,momentum_in_trend_context,TLT,treasury,all,5,2017-2018,,,,,502,502,0.00036026969497058865,0.00041821868973190846,-0.03437040001517111,0.04220306001879215,255,246,1,1,,,,,,,,,,,,,,,,,,
segment_state,momentum_in_trend_context,TLT,treasury,bullish,5,2017-2018,,,,,112,112,-0.0009475723035254525,-0.0005229459589616292,-0.027537339781300796,0.02380947310200021,55,57,0,18,-0.0013078419984960412,-0.0009411646486935377,segment_matched_unconditional,,,,,,,,,,,,,,,
segment_state,momentum_in_trend_context,TLT,treasury,bearish,5,2017-2018,,,,,105,105,0.0015275821910848335,0.0012651950823867608,-0.03437040001517111,0.04220306001879215,54,50,1,18,0.001167312496114245,0.0008469763926548524,segment_matched_unconditional,,,,,,,,,,,,,,,
segment_state,momentum_in_trend_context,TLT,treasury,neutral,5,2017-2018,,,,,285,285,0.000444166157214662,0.00042146874591253436,-0.026064369915402064,0.03679805728525687,146,139,0,36,8.389646224407334e-05,3.2500561806259043e-06,segment_matched_unconditional,,,,,,,,,,,,,,,
segment_matched,momentum_in_trend_context,TLT,treasury,all,20,2017-2018,,,,,502,502,0.000532934438880426,0.0009759310983242786,-0.05391331936703958,0.06513778514845359,260,242,0,1,,,,,,,,,,,,,,,,,,
segment_state,momentum_in_trend_context,TLT,treasury,bullish,20,2017-2018,,,,,112,112,-0.007778104010657178,-0.011445466484323652,-0.04004335949581583,0.039180619625678315,34,78,0,18,-0.008311038449537605,-0.01242139758264793,segment_matched_unconditional,,,,,,,,,,,,,,,
segment_state,momentum_in_trend_context,TLT,treasury,bearish,20,2017-2018,,,,,105,105,0.00410046843561364,0.007716163239475549,-0.05360708782160395,0.054545468078748716,66,39,0,18,0.003567533996733214,0.00674023214115127,segment_matched_unconditional,,,,,,,,,,,,,,,
segment_state,momentum_in_trend_context,TLT,treasury,neutral,20,2017-2018,,,,,285,285,0.0024846721114812126,0.003866513236553626,-0.05391331936703958,0.06513778514845359,160,125,0,36,0.0019517376726007865,0.0028905821382293473,segment_matched_unconditional,,,,,,,,,,,,,,,
segment_matched,momentum_in_trend_context,TLT,treasury,all,1,2019-2020,,,,,505,505,-9.719013143797603e-05,8.207891170508574e-05,-0.06434253377651955,0.053968253968254,257,245,3,1,,,,,,,,,,,,,,,,,,
segment_state,momentum_in_trend_context,TLT,treasury,bullish,1,2019-2020,,,,,180,180,-0.0006985548181073615,-0.00013583357562657605,-0.06434253377651955,0.053968253968254,85,94,1,19,-0.0006013646866693855,-0.0002179124873316618,segment_matched_unconditional,,,,,,,,,,,,,,,
segment_state,momentum_in_trend_context,TLT,treasury,bearish,1,2019-2020,,,,,67,67,0.00045075755608378084,-0.00028704651686239924,-0.010634296884459049,0.012982234018479089,32,35,0,18,0.0005479476875217569,-0.000369125428567485,segment_matched_unconditional,,,,,,,,,,,,,,,
segment_state,momentum_in_trend_context,TLT,treasury,neutral,1,2019-2020,,,,,258,258,0.00018007013420749554,0.0004144385345389301,-0.055548223225586724,0.03998688520543481,140,116,2,37,0.0002772602656454716,0.00033235962283384435,segment_matched_unconditional,,,,,,,,,,,,,,,
segment_matched,momentum_in_trend_context,TLT,treasury,all,5,2019-2020,,,,,505,505,0.0018862080159536645,0.0015202455103160428,-0.14048019433102354,0.11364668100251474,283,221,1,1,,,,,,,,,,,,,,,,,,
segment_state,momentum_in_trend_context,TLT,treasury,bullish,5,2019-2020,,,,,180,180,0.0017687073843746224,0.0020413018087720447,-0.14048019433102354,0.11364668100251474,104,75,1,19,-0.00011750063157904209,0.0005210562984560019,segment_matched_unconditional,,,,,,,,,,,,,,,
segment_state,momentum_in_trend_context,TLT,treasury,bearish,5,2019-2020,,,,,67,67,0.003276655053579797,0.004144614296365701,-0.04008906057911088,0.05995733934328884,40,27,0,18,0.0013904470376261326,0.002624368786049658,segment_matched_unconditional,,,,,,,,,,,,,,,
segment_state,momentum_in_trend_context,TLT,treasury,neutral,5,2019-2020,,,,,258,258,0.0016071001173617139,0.0011181070426397044,-0.037305479708563904,0.1060904842575916,139,119,0,37,-0.00027910789859195064,-0.00040213846767633843,segment_matched_unconditional,,,,,,,,,,,,,,,
segment_matched,momentum_in_trend_context,TLT,treasury,all,20,2019-2020,,,,,505,505,0.00933460239096631,0.002346095899161904,-0.06517872402840397,0.18049611358343443,267,238,0,1,,,,,,,,,,,,,,,,,,
segment_state,momentum_in_trend_context,TLT,treasury,bullish,20,2019-2020,,,,,180,180,0.010996350133287414,0.0009720184584933733,-0.06517872402840397,0.18049611358343443,91,89,0,19,0.0016617477423211038,-0.0013740774406685308,segment_matched_unconditional,,,,,,,,,,,,,,,
segment_state,momentum_in_trend_context,TLT,treasury,bearish,20,2019-2020,,,,,67,67,0.00481501983223427,0.006191237778098824,-0.04643760435278865,0.061302330468767874,41,26,0,18,-0.004519582558732041,0.0038451418789369196,segment_matched_unconditional,,,,,,,,,,,,,,,
segment_state,momentum_in_trend_context,TLT,treasury,neutral,20,2019-2020,,,,,258,258,0.00934893354529673,0.0022847032672891343,-0.05152152069549687,0.1574685258265005,135,123,0,37,1.4331154330419343e-05,-6.139263187276978e-05,segment_matched_unconditional,,,,,,,,,,,,,,,
segment_matched,momentum_in_trend_context,TLT,treasury,all,1,2021-2022,,,,,503,503,8.771693534752751e-05,0.0003594239039161895,-0.024098935965678248,0.030152184089240253,263,238,2,1,,,,,,,,,,,,,,,,,,
segment_state,momentum_in_trend_context,TLT,treasury,bullish,1,2021-2022,,,,,80,80,-0.000518383176064005,0.00041336290464011327,-0.02205577604847664,0.01760293747799402,41,37,2,15,-0.0006061001114115326,5.393900072392377e-05,segment_matched_unconditional,,,,,,,,,,,,,,,
segment_state,momentum_in_trend_context,TLT,treasury,bearish,1,2021-2022,,,,,227,227,0.00011272508891790683,0.0008044724741314013,-0.017454682587689896,0.030152184089240253,121,106,0,19,2.5008153570379315e-05,0.0004450485702152118,segment_matched_unconditional,,,,,,,,,,,,,,,
segment_state,momentum_in_trend_context,TLT,treasury,neutral,1,2021-2022,,,,,196,196,0.0003061412111253158,7.988421571103466e-05,-0.024098935965678248,0.025302962401767326,101,95,0,35,0.0002184242757777883,-0.00027953968820515485,segment_matched_unconditional,,,,,,,,,,,,,,,
segment_matched,momentum_in_trend_context,TLT,treasury,all,5,2021-2022,,,,,503,503,-0.0027762929677731772,-0.002440289214832636,-0.06163765424666201,0.06126999128777144,236,267,0,1,,,,,,,,,,,,,,,,,,
segment_state,momentum_in_trend_context,TLT,treasury,bullish,5,2021-2022,,,,,80,80,-0.0035608400411692317,-0.0007576357499015085,-0.04443263642520734,0.04072556566886609,40,40,0,15,-0.0007845470733960544,0.0016826534649311276,segment_matched_unconditional,,,,,,,,,,,,,,,
segment_state,momentum_in_trend_context,TLT,treasury,bearish,5,2021-2022,,,,,227,227,-0.00504331064061256,-0.006000752656113328,-0.06163765424666201,0.05766365039124843,90,137,0,19,-0.002267017672839383,-0.0035604634412806924,segment_matched_unconditional,,,,,,,,,,,,,,,
segment_state,momentum_in_trend_context,TLT,treasury,neutral,5,2021-2022,,,,,196,196,0.00016950691797286448,0.0030710049215013635,-0.051618208953704836,0.06126999128777144,106,90,0,35,0.002945799885746042,0.0055112941363339996,segment_matched_unconditional,,,,,,,,,,,,,,,
segment_matched,momentum_in_trend_context,TLT,treasury,all,20,2021-2022,,,,,503,503,-0.01251271732902468,-0.014320095893917362,-0.11569857982905696,0.16680879958201777,201,302,0,1,,,,,,,,,,,,,,,,,,
segment_state,momentum_in_trend_context,TLT,treasury,bullish,20,2021-2022,,,,,80,80,-0.005513460955535547,-0.0036770231227039596,-0.06380798872619609,0.05507492390729318,38,42,0,15,0.006999256373489133,0.010643072771213402,segment_matched_unconditional,,,,,,,,,,,,,,,
segment_state,momentum_in_trend_context,TLT,treasury,bearish,20,2021-2022,,,,,227,227,-0.020398637195394802,-0.02843736595947144,-0.11569857982905696,0.16680879958201777,69,158,0,19,-0.007885919866370121,-0.014117270065554077,segment_matched_unconditional,,,,,,,,,,,,,,,
segment_state,momentum_in_trend_context,TLT,treasury,neutral,20,2021-2022,,,,,196,196,-0.006236373962765054,-0.0036966502450783145,-0.11180166140730152,0.09618317504572205,94,102,0,35,0.006276343366259626,0.010623445648839047,segment_matched_unconditional,,,,,,,,,,,,,,,
segment_matched,momentum_in_trend_context,TLT,treasury,all,1,2023-2024,,,,,502,502,0.0003029055277625327,0.00011506932165028516,-0.022487260514570395,0.024148037299197123,255,244,3,1,,,,,,,,,,,,,,,,,,
segment_state,momentum_in_trend_context,TLT,treasury,bullish,1,2023-2024,,,,,103,103,0.002007647030863158,0.002036836167323086,-0.015894092345754673,0.018398864857024355,66,36,1,16,0.0017047415031006252,0.001921766845672801,segment_matched_unconditional,,,,,,,,,,,,,,,
segment_state,momentum_in_trend_context,TLT,treasury,bearish,1,2023-2024,,,,,175,175,0.00031343143491351495,-0.0001058964518625416,-0.022487260514570395,0.017268450034235938,87,88,0,19,1.052590715098226e-05,-0.00022096577351282676,segment_matched_unconditional,,,,,,,,,,,,,,,
segment_state,momentum_in_trend_context,TLT,treasury,neutral,1,2023-2024,,,,,224,224,-0.0004891945104999061,-0.0007460139217571049,-0.021903837190690445,0.024148037299197123,102,120,2,35,-0.0007921000382624388,-0.0008610832434073901,segment_matched_unconditional,,,,,,,,,,,,,,,
segment_matched,momentum_in_trend_context,TLT,treasury,all,5,2023-2024,,,,,502,502,-0.0010057929631759996,-0.0012929832487212911,-0.05513700816423617,0.05467502683597458,239,263,0,1,,,,,,,,,,,,,,,,,,
segment_state,momentum_in_trend_context,TLT,treasury,bullish,5,2023-2024,,,,,103,103,0.0006262525987183104,-0.0008602347425235024,-0.044222345553422304,0.05467502683597458,49,54,0,16,0.00163204556189431,0.0004327485061977887,segment_matched_unconditional,,,,,,,,,,,,,,,
segment_state,momentum_in_trend_context,TLT,treasury,bearish,5,2023-2024,,,,,175,175,-0.0017978758292794992,-0.0013001380564932052,-0.05513700816423617,0.0478343241227126,84,91,0,19,-0.0007920828661034996,-7.154807771914129e-06,segment_matched_unconditional,,,,,,,,,,,,,,,
segment_state,momentum_in_trend_context,TLT,treasury,neutral,5,2023-2024,,,,,224,224,-0.001137427745796542,-0.002209529134238497,-0.04085537211583268,0.05386669921874998,106,118,0,35,-0.00013163478262054242,-0.000916545885517206,segment_matched_unconditional,,,,,,,,,,,,,,,
segment_matched,momentum_in_trend_context,TLT,treasury,all,20,2023-2024,,,,,502,502,-0.006345863261311596,-0.007974434104701722,-0.09597193251946634,0.10907052106285242,215,287,0,1,,,,,,,,,,,,,,,,,,
segment_state,momentum_in_trend_context,TLT,treasury,bullish,20,2023-2024,,,,,103,103,-0.007967802879822433,-0.011907032128748885,-0.08666906877256264,0.09119532591703061,44,59,0,16,-0.0016219396185108374,-0.0039325980240471625,segment_matched_unconditional,,,,,,,,,,,,,,,
segment_state,momentum_in_trend_context,TLT,treasury,bearish,20,2023-2024,,,,,175,175,-0.005250220639742764,-0.0011415351125906303,-0.09597193251946634,0.10221318710508864,83,92,0,19,0.001095642621568832,0.006832898992111092,segment_matched_unconditional,,,,,,,,,,,,,,,
segment_state,momentum_in_trend_context,TLT,treasury,neutral,20,2023-2024,,,,,224,224,-0.006456031466971995,-0.012460677192359937,-0.08586019659795074,0.10907052106285242,88,136,0,35,-0.0001101682056603992,-0.004486243087658215,segment_matched_unconditional,,,,,,,,,,,,,,,
segment_matched,momentum_in_trend_context,GLD,gold,all,1,2015-2016,,,,,504,504,-0.00023129009690666386,-0.0003366379299987732,-0.02228969366734035,0.026997089238447014,232,270,2,1,,,,,,,,,,,,,,,,,,
segment_state,momentum_in_trend_context,GLD,gold,bullish,1,2015-2016,,,,,117,117,-4.3962946476021916e-05,-9.387269773808438e-05,-0.019955050831231058,0.02593233117632554,58,59,0,20,0.00018732715043064195,0.0002427652322606888,segment_matched_unconditional,,,,,,,,,,,,,,,
segment_state,momentum_in_trend_context,GLD,gold,bearish,1,2015-2016,,,,,133,133,-0.0005861303069049969,-0.00019712526408355302,-0.021312185701947373,0.018489992582898074,58,74,1,15,-0.000354840209998333,0.00013951266591522016,segment_matched_unconditional,,,,,,,,,,,,,,,
segment_state,momentum_in_trend_context,GLD,gold,neutral,1,2015-2016,,,,,254,254,-0.00013177643025550959,-0.00047107431555165613,-0.02228969366734035,0.026997089238447014,116,137,1,35,9.951366665115428e-05,-0.00013443638555288295,segment_matched_unconditional,,,,,,,,,,,,,,,
segment_matched,momentum_in_trend_context,GLD,gold,all,5,2015-2016,,,,,504,504,-0.0003505061031274792,-0.002281098603882925,-0.057763476499562705,0.08443388802044693,231,272,1,1,,,,,,,,,,,,,,,,,,
segment_state,momentum_in_trend_context,GLD,gold,bullish,5,2015-2016,,,,,117,117,0.001692621013292662,-0.003907820773483728,-0.05058570227906156,0.08443388802044693,56,61,0,20,0.0020431271164201414,-0.0016267221696008027,segment_matched_unconditional,,,,,,,,,,,,,,,
segment_state,momentum_in_trend_context,GLD,gold,bearish,5,2015-2016,,,,,133,133,-0.0019052690374585014,-0.0020013164395767946,-0.04774777524106133,0.04601890041843637,59,73,1,15,-0.0015547629343310222,0.00027978216430613045,segment_matched_unconditional,,,,,,,,,,,,,,,
segment_state,momentum_in_trend_context,GLD,gold,neutral,5,2015-2016,,,,,254,254,-0.00047752343523429244,-0.001855387328213054,-0.057763476499562705,0.04663959848228383,116,138,0,35,-0.00012701733210681324,0.0004257112756698711,segment_matched_unconditional,,,,,,,,,,,,,,,
segment_matched,momentum_in_trend_context,GLD,gold,all,20,2015-2016,,,,,504,504,-0.0014278265978536252,-0.0020639453237524252,-0.10032180944927804,0.14756624152861453,240,264,0,1,,,,,,,,,,,,,,,,,,
segment_state,momentum_in_trend_context,GLD,gold,bullish,20,2015-2016,,,,,117,117,-0.006645134206434777,-0.010264186559299726,-0.08925875379135817,0.12667876295240355,46,71,0,20,-0.005217307608581152,-0.008200241235547301,segment_matched_unconditional,,,,,,,,,,,,,,,
segment_state,momentum_in_trend_context,GLD,gold,bearish,20,2015-2016,,,,,133,133,-0.0028218492686365045,0.0014727381832788655,-0.08185789944783306,0.07531575582621675,70,63,0,15,-0.0013940226707828793,0.0035366835070312908,segment_matched_unconditional,,,,,,,,,,,,,,,
segment_state,momentum_in_trend_context,GLD,gold,neutral,20,2015-2016,,,,,254,254,0.0017053623998554994,-0.0015082147435791504,-0.10032180944927804,0.14756624152861453,124,130,0,35,0.003133188997709125,0.0005557305801732748,segment_matched_unconditional,,,,,,,,,,,,,,,
segment_matched,momentum_in_trend_context,GLD,gold,all,1,2017-2018,,,,,502,502,5.2514986488928135e-05,-8.506665446783579e-05,-0.013908340150562304,0.017149348751176463,244,255,3,1,,,,,,,,,,,,,,,,,,
segment_state,momentum_in_trend_context,GLD,gold,bullish,1,2017-2018,,,,,140,140,0.00017840853595161774,0.00020896863989061654,-0.011048401690025189,0.011027329848049217,73,66,1,14,0.00012589354946268962,0.0002940352943584523,segment_matched_unconditional,,,,,,,,,,,,,,,
segment_state,momentum_in_trend_context,GLD,gold,bearish,1,2017-2018,,,,,111,111,0.0001777252776593174,-0.0003528662254055348,-0.008736700931946562,0.009282137525363554,50,61,0,18,0.0001252102911703893,-0.000267799570937699,segment_matched_unconditional,,,,,,,,,,,,,,,
segment_state,momentum_in_trend_context,GLD,gold,neutral,1,2017-2018,,,,,251,251,-7.307640492417846e-05,-0.0001711894827870486,-0.013908340150562304,0.017149348751176463,121,128,2,32,-0.0001255913914131066,-8.612282831921281e-05,segment_matched_unconditional,,,,,,,,,,,,,,,
segment_matched,momentum_in_trend_context,GLD,gold,all,5,2017-2018,,,,,502,502,0.0008005635181429432,0.0001656967432318579,-0.033298507332994554,0.03718610522316124,254,245,3,1,,,,,,,,,,,,,,,,,,
segment_state,momentum_in_trend_context,GLD,gold,bullish,5,2017-2018,,,,,140,140,0.0014416026111549844,0.0016659013505379017,-0.026271907411037354,0.028495769783115188,77,62,1,14,0.0006410390930120413,0.0015002046073060438,segment_matched_unconditional,,,,,,,,,,,,,,,
segment_state,momentum_in_trend_context,GLD,gold,bearish,5,2017-2018,,,,,111,111,0.0001919360637399539,0.0002451904671092464,-0.033298507332994554,0.032303970496506684,57,53,1,18,-0.0006086274544029892,7.949372387738851e-05,segment_matched_unconditional,,,,,,,,,,,,,,,
segment_state,momentum_in_trend_context,GLD,gold,neutral,5,2017-2018,,,,,251,251,0.0007121658066570708,-0.000518045299488179,-0.02949971356485337,0.03718610522316124,120,130,1,32,-8.839771148587232e-05,-0.0006837420427200369,segment_matched_unconditional,,,,,,,,,,,,,,,
segment_matched,momentum_in_trend_context,GLD,gold,all,20,2017-2018,,,,,502,502,0.0030462862625599703,-3.952163805159836e-05,-0.05997979617895943,0.0659949681868337,250,251,1,1,,,,,,,,,,,,,,,,,,
segment_state,momentum_in_trend_context,GLD,gold,bullish,20,2017-2018,,,,,140,140,-0.0021893706853973603,-0.005311133330932305,-0.05997979617895943,0.050335611843564054,62,78,0,14,-0.005235656947957331,-0.005271611692880707,segment_matched_unconditional,,,,,,,,,,,,,,,
segment_state,momentum_in_trend_context,GLD,gold,bearish,20,2017-2018,,,,,111,111,-0.002065184799887514,-0.007621069312457207,-0.04553267166907615,0.0659949681868337,47,63,1,18,-0.005111471062447484,-0.007581547674405609,segment_matched_unconditional,,,,,,,,,,,,,,,
segment_state,momentum_in_trend_context,GLD,gold,neutral,20,2017-2018,,,,,251,251,0.008227024352781871,0.004002561698118079,-0.05686895936518277,0.061989690464101965,141,110,0,32,0.0051807380902219,0.004042083336169677,segment_matched_unconditional,,,,,,,,,,,,,,,
segment_matched,momentum_in_trend_context,GLD,gold,all,1,2019-2020,,,,,505,505,4.1850707146141466e-06,0.000322770236656611,-0.0410922196820408,0.030131441990155494,264,240,1,1,,,,,,,,,,,,,,,,,,
segment_state,momentum_in_trend_context,GLD,gold,bullish,1,2019-2020,,,,,218,218,-0.00030907236267050113,0.0001102044398982871,-0.02835440796730382,0.021442787104420047,110,108,0,24,-0.0003132574333851153,-0.00021256579675832388,segment_matched_unconditional,,,,,,,,,,,,,,,
segment_state,momentum_in_trend_context,GLD,gold,bearish,1,2019-2020,,,,,72,72,0.0005199937407960412,0.0010793400171660306,-0.016390692609570046,0.008340232443903028,46,26,0,18,0.0005158086700814271,0.0007565697805094196,segment_matched_unconditional,,,,,,,,,,,,,,,
segment_state,momentum_in_trend_context,GLD,gold,neutral,1,2019-2020,,,,,215,215,0.00014907761132899728,6.233709674918764e-05,-0.0410922196820408,0.030131441990155494,108,106,1,42,0.00014489254061438313,-0.00026043313990742334,segment_matched_unconditional,,,,,,,,,,,,,,,
segment_matched,momentum_in_trend_context,GLD,gold,all,5,2019-2020,,,,,505,505,0.0032845096223364637,0.0035390713782570415,-0.09659525053372087,0.0890483844889336,305,198,2,1,,,,,,,,,,,,,,,,,,
segment_state,momentum_in_trend_context,GLD,gold,bullish,5,2019-2020,,,,,218,218,0.0022285202859349067,0.003228083641181434,-0.09659525053372087,0.05861008520885025,130,87,1,24,-0.001055989336401557,-0.00031098773707560756,segment_matched_unconditional,,,,,,,,,,,,,,,
segment_state,momentum_in_trend_context,GLD,gold,bearish,5,2019-2020,,,,,72,72,0.003738577913511776,0.003980102528180263,-0.048143961397617896,0.03541044864132781,48,24,0,18,0.00045406829117531234,0.0004410311499232211,segment_matched_unconditional,,,,,,,,,,,,,,,
segment_state,momentum_in_trend_context,GLD,gold,neutral,5,2019-2020,,,,,215,215,0.004203173614759334,0.0022989032416267374,-0.07616119008344135,0.0890483844889336,127,87,1,42,0.0009186639924228701,-0.0012401681366303041,segment_matched_unconditional,,,,,,,,,,,,,,,
segment_matched,momentum_in_trend_context,GLD,gold,all,20,2019-2020,,,,,505,505,0.014268483607242588,0.006859829597752887,-0.1160252327422614,0.17337893665894177,286,217,2,1,,,,,,,,,,,,,,,,,,
segment_state,momentum_in_trend_context,GLD,gold,bullish,20,2019-2020,,,,,218,218,0.017594355237963048,0.012787292471980627,-0.1160252327422614,0.14086497717735824,132,84,2,24,0.0033258716307204596,0.00592746287422774,segment_matched_unconditional,,,,,,,,,,,,,,,
segment_state,momentum_in_trend_context,GLD,gold,bearish,20,2019-2020,,,,,72,72,0.010809887371594917,0.007115687994256992,-0.06074950106897514,0.08516802633271436,46,26,0,18,-0.003458596235647671,0.000255858396504105,segment_matched_unconditional,,,,,,,,,,,,,,,
segment_state,momentum_in_trend_context,GLD,gold,neutral,20,2019-2020,,,,,215,215,0.012054432041984786,0.0008448575527622015,-0.060414323560552874,0.17337893665894177,108,107,0,42,-0.0022140515652578022,-0.006014972044990685,segment_matched_unconditional,,,,,,,,,,,,,,,
segment_matched,momentum_in_trend_context,GLD,gold,all,1,2021-2022,,,,,503,503,-8.7861005496513e-06,-0.00011499351396238033,-0.029848277876936558,0.022180853472883344,247,253,3,1,,,,,,,,,,,,,,,,,,
segment_state,momentum_in_trend_context,GLD,gold,bullish,1,2021-2022,,,,,110,110,3.7248036121934565e-05,-3.8738010943450973e-07,-0.029848277876936558,0.016777214233715476,55,55,0,13,4.6034136671585866e-05,0.00011460613385294582,segment_matched_unconditional,,,,,,,,,,,,,,,
segment_state,momentum_in_trend_context,GLD,gold,bearish,1,2021-2022,,,,,130,130,-0.00024983486311134313,-9.265027966742778e-05,-0.019333348129734862,0.019235654834102833,63,66,1,24,-0.00024104876256169182,2.2343234294952552e-05,segment_matched_unconditional,,,,,,,,,,,,,,,
segment_state,momentum_in_trend_context,GLD,gold,neutral,1,2021-2022,,,,,263,263,9.110965648132016e-05,-0.00012057303368928629,-0.016100298963813264,0.022180853472883344,129,132,2,37,9.989575703097146e-05,-5.579519726905957e-06,segment_matched_unconditional,,,,,,,,,,,,,,,
segment_matched,momentum_in_trend_context,GLD,gold,all,5,2021-2022,,,,,503,503,-0.0001228397311042653,0.0017451471759761805,-0.05943399091880097,0.06317653536637025,267,236,0,1,,,,,,,,,,,,,,,,,,
segment_state,momentum_in_trend_context,GLD,gold,bullish,5,2021-2022,,,,,110,110,0.0007283092531951373,0.002947208561100201,-0.05943399091880097,0.06317653536637025,62,48,0,13,0.0008511489842994025,0.0012020613851240203,segment_matched_unconditional,,,,,,,,,,,,,,,
segment_state,momentum_in_trend_context,GLD,gold,bearish,5,2021-2022,,,,,130,130,0.0006456523542810233,0.0032672920301038966,-0.04947826445543935,0.0550500093404076,72,58,0,24,0.0007684920853852886,0.001522144854127716,segment_matched_unconditional,,,,,,,,,,,,,,,
segment_state,momentum_in_trend_context,GLD,gold,neutral,5,2021-2022,,,,,263,263,-0.0008586966108495953,0.00042032226539689965,-0.055523088361823625,0.057247210470625864,133,130,0,37,-0.00073585687974533,-0.0013248249105792809,segment_matched_unconditional,,,,,,,,,,,,,,,
segment_matched,momentum_in_trend_context,GLD,gold,all,20,2021-2022,,,,,503,503,0.0013212655572714764,0.002315265275152356,-0.0922828929482894,0.12586706428623584,262,240,1,1,,,,,,,,,,,,,,,,,,
segment_state,momentum_in_trend_context,GLD,gold,bullish,20,2021-2022,,,,,110,110,0.0032887481455037624,0.013696395818202256,-0.0922828929482894,0.09312684275241989,62,48,0,13,0.0019674825882322862,0.0113811305430499,segment_matched_unconditional,,,,,,,,,,,,,,,
segment_state,momentum_in_trend_context,GLD,gold,bearish,20,2021-2022,,,,,130,130,0.005876940893702496,0.005335759841447296,-0.08425392833089096,0.11373589739046341,73,56,1,24,0.00455567533643102,0.00302049456629494,segment_matched_unconditional,,,,,,,,,,,,,,,
segment_state,momentum_in_trend_context,GLD,gold,neutral,20,2021-2022,,,,,263,263,-0.0017534906345216188,-0.0017077407396891564,-0.07907468839785203,0.12586706428623584,127,136,0,37,-0.003074756191793095,-0.0040230060148415125,segment_matched_unconditional,,,,,,,,,,,,,,,
segment_matched,momentum_in_trend_context,GLD,gold,all,1,2023-2024,,,,,502,502,5.7051255134044344e-05,-5.44558516063498e-05,-0.022445557475713307,0.020726783847166974,243,255,4,1,,,,,,,,,,,,,,,,,,
segment_state,momentum_in_trend_context,GLD,gold,bullish,1,2023-2024,,,,,202,202,0.00016841717105777016,-0.0002860554868387988,-0.022445557475713307,0.017648302757105938,95,106,1,22,0.00011136591592372582,-0.00023159963523244897,segment_matched_unconditional,,,,,,,,,,,,,,,
segment_state,momentum_in_trend_context,GLD,gold,bearish,1,2023-2024,,,,,50,50,0.00018919646463885664,0.0004283029587084375,-0.014201939091005311,0.00958064445968132,28,22,0,15,0.0001321452095048123,0.0004827588103147873,segment_matched_unconditional,,,,,,,,,,,,,,,
segment_state,momentum_in_trend_context,GLD,gold,neutral,1,2023-2024,,,,,250,250,-5.936144683328859e-05,-5.39650594901242e-05,-0.01769517053733838,0.020726783847166974,120,127,3,37,-0.00011641270196733293,4.907921162256024e-07,segment_matched_unconditional,,,,,,,,,,,,,,,
segment_matched,momentum_in_trend_context,GLD,gold,all,5,2023-2024,,,,,502,502,0.0029603210432044428,0.0013814804705689632,-0.04842017289413769,0.05150255927110181,264,238,0,1,,,,,,,,,,,,,,,,,,
segment_state,momentum_in_trend_context,GLD,gold,bullish,5,2023-2024,,,,,202,202,0.0021545516260882604,0.002292305711572684,-0.045866496357623965,0.05150255927110181,107,95,0,22,-0.0008057694171161823,0.000910825241003721,segment_matched_unconditional,,,,,,,,,,,,,,,
segment_state,momentum_in_trend_context,GLD,gold,bearish,5,2023-2024,,,,,50,50,0.006978587500962971,0.008060636632974072,-0.03486050357397974,0.049838036605992286,32,18,0,15,0.0040182664577585285,0.006679156162405109,segment_matched_unconditional,,,,,,,,,,,,,,,
segment_state,momentum_in_trend_context,GLD,gold,neutral,5,2023-2024,,,,,250,250,0.0028077294406826125,-2.9776131047709598e-05,-0.04842017289413769,0.05082250460823112,125,125,0,37,-0.00015259160252183027,-0.0014112566016166728,segment_matched_unconditional,,,,,,,,,,,,,,,
segment_matched,momentum_in_trend_context,GLD,gold,all,20,2023-2024,,,,,502,502,0.013891286042531308,0.010050576863041116,-0.06389969456461952,0.11488046407134833,312,189,1,1,,,,,,,,,,,,,,,,,,
segment_state,momentum_in_trend_context,GLD,gold,bullish,20,2023-2024,,,,,202,202,0.009245227363266278,0.01016582534091559,-0.06389969456461952,0.10820562384462185,119,83,0,22,-0.004646058679265029,0.00011524847787447445,segment_matched_unconditional,,,,,,,,,,,,,,,
segment_state,momentum_in_trend_context,GLD,gold,bearish,20,2023-2024,,,,,50,50,0.03856482035644374,0.025667508932807004,-0.031289323872288555,0.11488046407134833,44,6,0,15,0.024673534313912435,0.015616932069765888,segment_matched_unconditional,,,,,,,,,,,,,,,
segment_state,momentum_in_trend_context,GLD,gold,neutral,20,2023-2024,,,,,250,250,0.012710594592594965,0.005927922718529821,-0.053978742183306117,0.10283818734426498,149,100,1,37,-0.0011806914499363427,-0.004122654144511295,segment_matched_unconditional,,,,,,,,,,,,,,,
segment_matched,trend_crossover,SPY,equity,all,1,2015-2016,,,,,504,504,0.00030316724567564705,0.0004442292250911306,-0.04175402297055675,0.02755965436998209,265,235,4,1,,,,,,,,,,,,,,,,,,
segment_state,trend_crossover,SPY,equity,bullish,1,2015-2016,,,,,8,8,-0.0003762424870554365,0.0011026304824917066,-0.009225294805052964,0.00401527892038378,5,3,0,8,-0.0006794097327310836,0.000658401257400576,segment_matched_unconditional,,,,,,,,,,,,,,,
segment_state,trend_crossover,SPY,equity,bearish,1,2015-2016,,,,,8,8,-0.0005978715817570313,-0.002080032538644805,-0.010416637403403484,0.011978413460366877,3,5,0,8,-0.0009010388274326783,-0.0025242617637359355,segment_matched_unconditional,,,,,,,,,,,,,,,
segment_state,trend_crossover,SPY,equity,neutral,1,2015-2016,,,,,488,488,0.00032907623846521695,0.0004442292250911306,-0.04175402297055675,0.02755965436998209,257,227,4,17,2.5908992789569897e-05,0.0,segment_matched_unconditional,,,,,,,,,,,,,,,
segment_matched,trend_crossover,SPY,equity,all,5,2015-2016,,,,,504,504,0.0013410293153518912,0.0020231978637031967,-0.10435693934476165,0.0628833161272837,285,218,1,1,,,,,,,,,,,,,,,,,,
segment_state,trend_crossover,SPY,equity,bullish,5,2015-2016,,,,,8,8,0.004055277406450494,0.004672332937996293,-0.00698769432344315,0.016903328218327296,6,2,0,8,0.0027142480910986033,0.0026491350742930964,segment_matched_unconditional,,,,,,,,,,,,,,,
segment_state,trend_crossover,SPY,equity,bearish,5,2015-2016,,,,,8,8,-0.015535675716050537,-0.0014675987067946927,-0.10435693934476165,0.022739437502934834,3,5,0,8,-0.016876705031402428,-0.0034907965704978894,segment_matched_unconditional,,,,,,,,,,,,,,,
segment_state,trend_crossover,SPY,equity,neutral,5,2015-2016,,,,,488,488,0.0015732007406027736,0.0020231978637031967,-0.0987348761019824,0.0628833161272837,276,211,1,17,0.00023217142525088245,0.0,segment_matched_unconditional,,,,,,,,,,,,,,,
segment_matched,trend_crossover,SPY,equity,all,20,2015-2016,,,,,504,504,0.005167040376445024,0.0062083868877113035,-0.10602440284544223,0.10043735642872464,303,201,0,1,,,,,,,,,,,,,,,,,,
segment_state,trend_crossover,SPY,equity,bullish,20,2015-2016,,,,,8,8,-0.008609236215767493,0.002347592851208169,-0.07075938037516061,0.026320613952976135,4,4,0,8,-0.013776276592212517,-0.0038607940365031346,segment_matched_unconditional,,,,,,,,,,,,,,,
segment_state,trend_crossover,SPY,equity,bearish,20,2015-2016,,,,,8,8,-0.012190694412602038,-0.00423818020664557,-0.06922662562868243,0.02605057326150706,2,6,0,8,-0.017357734789047063,-0.010446567094356873,segment_matched_unconditional,,,,,,,,,,,,,,,
segment_state,trend_crossover,SPY,equity,neutral,20,2015-2016,,,,,488,488,0.005677434005646001,0.006581840015587703,-0.10602440284544223,0.10043735642872464,297,191,0,17,0.0005103936292009774,0.0003734531278763997,segment_matched_unconditional,,,,,,,,,,,,,,,
segment_matched,trend_crossover,SPY,equity,all,1,2017-2018,,,,,502,502,-0.00019609104740770132,0.00014300878427397912,-0.038729914945676236,0.04326817562512408,261,235,6,1,,,,,,,,,,,,,,,,,,
segment_state,trend_crossover,SPY,equity,bullish,1,2017-2018,,,,,3,3,0.0010913200311701472,-0.0003753757576251404,-0.0010676995439777848,0.004717035395113367,1,2,0,3,0.0012874110785778485,-0.0005183845418991195,segment_matched_unconditional,,,,,,,,,,,,,,,
segment_state,trend_crossover,SPY,equity,bearish,1,2017-2018,,,,,4,4,0.0034001590219319144,0.003212723250309968,3.569307351969364e-05,0.007139496513588028,4,0,0,4,0.0035962500693396157,0.0030697144660359887,segment_matched_unconditional,,,,,,,,,,,,,,,
segment_state,trend_crossover,SPY,equity,neutral,1,2017-2018,,,,,495,495,-0.00023295414541394782,0.00013244494170816523,-0.038729914945676236,0.04326817562512408,256,233,6,7,-3.68630980062465e-05,-1.0563842565813886e-05,segment_matched_unconditional,,,,,,,,,,,,,,,
segment_matched,trend_crossover,SPY,equity,all,5,2017-2018,,,,,502,502,0.0007774285084749692,0.0025633719218619566,-0.08888030631483645,0.06021948290701373,305,195,2,1,,,,,,,,,,,,,,,,,,
segment_state,trend_crossover,SPY,equity,bullish,5,2017-2018,,,,,3,3,0.0019229890052000116,0.0043442776562607754,-0.0032116966526003488,0.004636386011939608,2,1,0,3,0.0011455604967250425,0.0017809057343988188,segment_matched_unconditional,,,,,,,,,,,,,,,
segment_state,trend_crossover,SPY,equity,bearish,5,2017-2018,,,,,4,4,-0.007107897860493678,-0.009002865371769031,-0.024825159588810708,0.014399298890374057,2,2,0,4,-0.007885326368968647,-0.011566237293630988,segment_matched_unconditional,,,,,,,,,,,,,,,
segment_state,trend_crossover,SPY,equity,neutral,5,2017-2018,,,,,495,495,0.0008342055266278974,0.0025475969978807633,-0.08888030631483645,0.06021948290701373,301,192,2,7,5.6777018152928205e-05,-1.577492398119329e-05,segment_matched_unconditional,,,,,,,,,,,,,,,
segment_matched,trend_crossover,SPY,equity,all,20,2017-2018,,,,,502,502,0.005421927332216402,0.013065024601200625,-0.12271433345012539,0.11687920680421593,340,162,0,1,,,,,,,,,,,,,,,,,,
segment_state,trend_crossover,SPY,equity,bullish,20,2017-2018,,,,,3,3,0.021163642197209603,0.020285729565850952,0.01768511154604413,0.025520085479733723,3,0,0,3,0.0157417148649932,0.007220704964650326,segment_matched_unconditional,,,,,,,,,,,,,,,
segment_state,trend_crossover,SPY,equity,bearish,20,2017-2018,,,,,4,4,-0.009140898904420214,-0.002350203931609174,-0.06479906265145152,0.032935874896989015,2,2,0,4,-0.014562826236636616,-0.0154152285328098,segment_matched_unconditional,,,,,,,,,,,,,,,
segment_state,trend_crossover,SPY,equity,neutral,20,2017-2018,,,,,495,495,0.005444202403633709,0.013003141518570516,-0.12271433345012539,0.11687920680421593,335,160,0,7,2.2275071417307384e-05,-6.188308263010978e-05,segment_matched_unconditional,,,,,,,,,,,,,,,
segment_matched,trend_crossover,SPY,equity,all,1,2019-2020,,,,,505,505,0.00030440559529089665,0.0008043376958219994,-0.05661153587863332,0.046809905957746034,284,218,3,1,,,,,,,,,,,,,,,,,,
segment_state,trend_crossover,SPY,equity,bullish,1,2019-2020,,,,,5,5,0.0005541570773190286,0.0014355507793102351,-0.008832459553592575,0.006849084461308497,3,2,0,5,0.0002497514820281319,0.0006312130834882357,segment_matched_unconditional,,,,,,,,,,,,,,,
segment_state,trend_crossover,SPY,equity,bearish,1,2019-2020,,,,,4,4,0.007019721976777693,0.003993117103284594,-0.0019248242227637435,0.02201747792330533,2,2,0,4,0.006715316381486796,0.003188779407462594,segment_matched_unconditional,,,,,,,,,,,,,,,
segment_state,trend_crossover,SPY,equity,neutral,1,2019-2020,,,,,496,496,0.0002477321619520099,0.000803956016068752,-0.05661153587863332,0.046809905957746034,279,214,3,10,-5.667343333888678e-05,-3.8167975324743253e-07,segment_matched_unconditional,,,,,,,,,,,,,,,
segment_matched,trend_crossover,SPY,equity,all,5,2019-2020,,,,,505,505,0.003846787475233645,0.006416315111017035,-0.15735668296758132,0.11762305171795329,331,174,0,1,,,,,,,,,,,,,,,,,,
segment_state,trend_crossover,SPY,equity,bullish,5,2019-2020,,,,,5,5,-0.006151583116285497,0.0013328491676161125,-0.04752737403512497,0.020097085079878285,3,2,0,5,-0.009998370591519142,-0.005083465943400922,segment_matched_unconditional,,,,,,,,,,,,,,,
segment_state,trend_crossover,SPY,equity,bearish,5,2019-2020,,,,,4,4,-0.003602608421451242,0.011442533617756157,-0.0578204036710418,0.020524902749724516,3,1,0,4,-0.007449395896684887,0.005026218506739122,segment_matched_unconditional,,,,,,,,,,,,,,,
segment_state,trend_crossover,SPY,equity,neutral,5,2019-2020,,,,,496,496,0.004007653274718192,0.006414188213819116,-0.15735668296758132,0.11762305171795329,325,171,0,10,0.00016086579948454676,-2.126897197918254e-06,segment_matched_unconditional,,,,,,,,,,,,,,,
segment_matched,trend_crossover,SPY,equity,all,20,2019-2020,,,,,505,505,0.016576071080870548,0.02565739290034852,-0.3117552779281434,0.23401548413671724,383,122,0,1,,,,,,,,,,,,,,,,,,
segment_state,trend_crossover,SPY,equity,bullish,20,2019-2020,,,,,5,5,0.03234225741608443,0.03439342878357654,-0.010380409562842474,0.06662931523008031,4,1,0,5,0.015766186335213882,0.008736035883228022,segment_matched_unconditional,,,,,,,,,,,,,,,
segment_state,trend_crossover,SPY,equity,bearish,20,2019-2020,,,,,4,4,-0.024743469367973725,0.0040188842209059605,-0.1580099173158248,0.05099827140211799,2,2,0,4,-0.04131954044884427,-0.02163850867944256,segment_matched_unconditional,,,,,,,,,,,,,,,
segment_state,trend_crossover,SPY,equity,neutral,20,2019-2020,,,,,496,496,0.01675035985127238,0.025495767000930702,-0.3117552779281434,0.23401548413671724,377,119,0,10,0.00017428877040183074,-0.00016162589941781658,segment_matched_unconditional,,,,,,,,,,,,,,,
segment_matched,trend_crossover,SPY,equity,all,1,2021-2022,,,,,503,503,0.00013242294082397432,0.0004942254414990188,-0.033572609261206754,0.047994072837921564,264,238,1,1,,,,,,,,,,,,,,,,,,
segment_state,trend_crossover,SPY,equity,bullish,1,2021-2022,,,,,4,4,-0.000884244901263459,-0.0022236218205968217,-0.009204346096767457,0.010114610132907265,1,3,0,4,-0.0010166678420874334,-0.0027178472620958405,segment_matched_unconditional,,,,,,,,,,,,,,,
segment_state,trend_crossover,SPY,equity,bearish,1,2021-2022,,,,,4,4,0.0026663438498828462,0.005432610598387844,-0.016654556901344097,0.016454711104099795,3,1,0,4,0.002533920909058872,0.004938385156888825,segment_matched_unconditional,,,,,,,,,,,,,,,
segment_state,trend_crossover,SPY,equity,neutral,1,2021-2022,,,,,495,495,0.0001201623099797607,0.0004942254414990188,-0.033572609261206754,0.047994072837921564,260,234,1,9,-1.2260630844213626e-05,0.0,segment_matched_unconditional,,,,,,,,,,,,,,,
segment_matched,trend_crossover,SPY,equity,all,5,2021-2022,,,,,503,503,0.0005670609979773703,0.003218094887826428,-0.09677964454721577,0.0672210778095943,273,230,0,1,,,,,,,,,,,,,,,,,,
segment_state,trend_crossover,SPY,equity,bullish,5,2021-2022,,,,,4,4,-0.0036898885259622205,0.0004854367579498753,-0.03361009567229212,0.017879668052543485,2,2,0,4,-0.004256949523939591,-0.002732658129876553,segment_matched_unconditional,,,,,,,,,,,,,,,
segment_state,trend_crossover,SPY,equity,bearish,5,2021-2022,,,,,4,4,-0.008110666660964161,-0.00980770558425026,-0.04057732570691708,0.027750070231560953,2,2,0,4,-0.008677727658941531,-0.013025800472076687,segment_matched_unconditional,,,,,,,,,,,,,,,
segment_state,trend_crossover,SPY,equity,neutral,5,2021-2022,,,,,495,495,0.00067158364187944,0.003343343443391822,-0.09677964454721577,0.0672210778095943,269,226,0,9,0.0001045226439020697,0.00012524855556539372,segment_matched_unconditional,,,,,,,,,,,,,,,
segment_matched,trend_crossover,SPY,equity,all,20,2021-2022,,,,,503,503,0.002871274922525137,0.010213006719286488,-0.12636559083599075,0.1241401640782418,297,206,0,1,,,,,,,,,,,,,,,,,,
segment_state,trend_crossover,SPY,equity,bullish,20,2021-2022,,,,,4,4,-0.02491815237906181,-0.011846504200758834,-0.08532137479403046,0.009341773679300891,2,2,0,4,-0.027789427301586945,-0.022059510920045322,segment_matched_unconditional,,,,,,,,,,,,,,,
segment_state,trend_crossover,SPY,equity,bearish,20,2021-2022,,,,,4,4,-0.01214928264577908,-0.02380067130187785,-0.06443259627894082,0.0634368082995802,1,3,0,4,-0.015020557568304217,-0.03401367802116434,segment_matched_unconditional,,,,,,,,,,,,,,,
segment_state,trend_crossover,SPY,equity,neutral,20,2021-2022,,,,,495,495,0.0032172141942010254,0.011107128234251196,-0.12636559083599075,0.1241401640782418,294,201,0,9,0.00034593927167588835,0.0008941215149647075,segment_matched_unconditional,,,,,,,,,,,,,,,
segment_matched,trend_crossover,SPY,equity,all,1,2023-2024,,,,,502,502,0.00039071326751536294,0.0006529198656098911,-0.029305526249625125,0.024016281090541547,282,220,0,1,,,,,,,,,,,,,,,,,,
segment_state,trend_crossover,SPY,equity,bullish,1,2023-2024,,,,,5,5,0.0045272256580742186,0.0038072782763269863,0.0001985885064326176,0.013337337118619619,5,0,0,5,0.004136512390558855,0.0031543584107170952,segment_matched_unconditional,,,,,,,,,,,,,,,
segment_state,trend_crossover,SPY,equity,bearish,1,2023-2024,,,,,5,5,0.005403585945723299,0.0037721015880050057,-0.0017596121426833866,0.014706901288577434,4,1,0,5,0.005012872678207936,0.0031191817223951146,segment_matched_unconditional,,,,,,,,,,,,,,,
segment_state,trend_crossover,SPY,equity,neutral,1,2023-2024,,,,,492,492,0.00029773171193846464,0.0006171649097523879,-0.029305526249625125,0.024016281090541547,273,219,0,10,-9.29815555768983e-05,-3.575495585750321e-05,segment_matched_unconditional,,,,,,,,,,,,,,,
segment_matched,trend_crossover,SPY,equity,all,5,2023-2024,,,,,502,502,0.003948902968609768,0.005522902820389031,-0.06136785154861091,0.05109296113635553,313,189,0,1,,,,,,,,,,,,,,,,,,
segment_state,trend_crossover,SPY,equity,bullish,5,2023-2024,,,,,5,5,0.00471532156475174,0.001001300318137499,-0.002562766536538974,0.021688683428193745,3,2,0,5,0.0007664185961419722,-0.004521602502251532,segment_matched_unconditional,,,,,,,,,,,,,,,
segment_state,trend_crossover,SPY,equity,bearish,5,2023-2024,,,,,5,5,0.020591702341860585,0.019312057095699497,-0.002606906898997674,0.03762560558432648,4,1,0,5,0.01664279937325082,0.013789154275310467,segment_matched_unconditional,,,,,,,,,,,,,,,
segment_state,trend_crossover,SPY,equity,neutral,5,2023-2024,,,,,492,492,0.003771980021766345,0.005522902820389031,-0.06136785154861091,0.05109296113635553,306,186,0,10,-0.0001769229468434226,0.0,segment_matched_unconditional,,,,,,,,,,,,,,,
segment_matched,trend_crossover,SPY,equity,all,20,2023-2024,,,,,502,502,0.016526215521549086,0.0215351236720549,-0.07619697405038339,0.10171209549179205,366,136,0,1,,,,,,,,,,,,,,,,,,
segment_state,trend_crossover,SPY,equity,bullish,20,2023-2024,,,,,5,5,0.02070732211511108,0.033478703201528015,-0.01214069019496622,0.047795586769439735,3,2,0,5,0.004181106593561995,0.011943579529473114,segment_matched_unconditional,,,,,,,,,,,,,,,
segment_state,trend_crossover,SPY,equity,bearish,20,2023-2024,,,,,5,5,0.03063734561942042,0.03872818333714334,-0.03788543825800572,0.07208099495047882,4,1,0,5,0.014111130097871336,0.01719305966508844,segment_matched_unconditional,,,,,,,,,,,,,,,
segment_state,trend_crossover,SPY,equity,neutral,20,2023-2024,,,,,492,492,0.016340318807205254,0.021319604464105635,-0.07619697405038339,0.10171209549179205,359,133,0,10,-0.00018589671434383198,-0.00021551920794926627,segment_matched_unconditional,,,,,,,,,,,,,,,
segment_matched,trend_crossover,QQQ,equity,all,1,2015-2016,,,,,504,504,0.0001566398708762105,0.0005537630407689287,-0.038992881050585626,0.04489011542869492,263,238,3,1,,,,,,,,,,,,,,,,,,
segment_state,trend_crossover,QQQ,equity,bullish,1,2015-2016,,,,,8,8,0.0004194628889406804,0.0004905178247286424,-0.003920124914344347,0.005467073721139748,4,4,0,8,0.00026282301806446987,-6.324521604028632e-05,segment_matched_unconditional,,,,,,,,,,,,,,,
segment_state,trend_crossover,QQQ,equity,bearish,1,2015-2016,,,,,8,8,0.0020689811424481064,4.3716610963806524e-05,-0.009650646337518887,0.020503166735295508,4,4,0,8,0.001912341271571896,-0.0005100464298051222,segment_matched_unconditional,,,,,,,,,,,,,,,
segment_state,trend_crossover,QQQ,equity,neutral,1,2015-2016,,,,,488,488,0.00012098143989856518,0.0005537630407689287,-0.038992881050585626,0.04489011542869492,255,230,3,17,-3.5658430977645325e-05,0.0,segment_matched_unconditional,,,,,,,,,,,,,,,
segment_matched,trend_crossover,QQQ,equity,all,5,2015-2016,,,,,504,504,0.001794309909804478,0.0031228612100794306,-0.11520488709071874,0.12087444533461689,294,210,0,1,,,,,,,,,,,,,,,,,,
segment_state,trend_crossover,QQQ,equity,bullish,5,2015-2016,,,,,8,8,0.002186720306489587,0.006835181155351311,-0.018093789193199372,0.01609282620605712,6,2,0,8,0.00039241039668510874,0.0037123199452718803,segment_matched_unconditional,,,,,,,,,,,,,,,
segment_state,trend_crossover,QQQ,equity,bearish,5,2015-2016,,,,,8,8,-0.008194201899847958,-0.001869975144929703,-0.07087799951561757,0.03754458387109927,4,4,0,8,-0.009988511809652436,-0.004992836355009134,segment_matched_unconditional,,,,,,,,,,,,,,,
segment_state,trend_crossover,QQQ,equity,neutral,5,2015-2016,,,,,488,488,0.0019516230477219752,0.003282501676042604,-0.11520488709071874,0.12087444533461689,284,204,0,17,0.00015731313791749716,0.00015964046596317338,segment_matched_unconditional,,,,,,,,,,,,,,,
segment_matched,trend_crossover,QQQ,equity,all,20,2015-2016,,,,,504,504,0.008175638709561901,0.011021701773505477,-0.11924222035721344,0.12936500884267987,317,186,1,1,,,,,,,,,,,,,,,,,,
segment_state,trend_crossover,QQQ,equity,bullish,20,2015-2016,,,,,8,8,0.0032138084561431496,0.01882035389441372,-0.11924222035721344,0.04347830520039353,6,2,0,8,-0.004961830253418752,0.007798652120908245,segment_matched_unconditional,,,,,,,,,,,,,,,
segment_state,trend_crossover,QQQ,equity,bearish,20,2015-2016,,,,,8,8,0.01415064897751192,0.029106262325860555,-0.07743426313887225,0.06402209146053295,6,2,0,8,0.005975010267950019,0.018084560552355078,segment_matched_unconditional,,,,,,,,,,,,,,,
segment_state,trend_crossover,QQQ,equity,neutral,20,2015-2016,,,,,488,488,0.00815902920112696,0.010459167517948842,-0.11914750715472311,0.12936500884267987,305,182,1,17,-1.6609508434940745e-05,-0.0005625342555566348,segment_matched_unconditional,,,,,,,,,,,,,,,
segment_matched,trend_crossover,QQQ,equity,all,1,2017-2018,,,,,502,502,-4.0503430332193797e-07,0.0006343765610276053,-0.04466407037151843,0.050868519366345843,274,225,3,1,,,,,,,,,,,,,,,,,,
segment_state,trend_crossover,QQQ,equity,bullish,1,2017-2018,,,,,2,2,0.0030273308529034093,0.0030273308529034093,0.0007598826645878187,0.005294779041219,2,0,0,2,0.0030277358872067314,0.002392954291875804,segment_matched_unconditional,,,,,,,,,,,,,,,
segment_state,trend_crossover,QQQ,equity,bearish,1,2017-2018,,,,,3,3,-0.005640259319155312,-0.008635081123857025,-0.014161630984714346,0.005875934151105433,1,2,0,3,-0.005639854284851991,-0.00926945768488463,segment_matched_unconditional,,,,,,,,,,,,,,,
segment_state,trend_crossover,QQQ,equity,neutral,1,2017-2018,,,,,497,497,2.145430388609961e-05,0.0006154221754808287,-0.04466407037151843,0.050868519366345843,271,223,3,6,2.185933818942155e-05,-1.8954385546776642e-05,segment_matched_unconditional,,,,,,,,,,,,,,,
segment_matched,trend_crossover,QQQ,equity,all,5,2017-2018,,,,,502,502,0.002216855182265682,0.004826120816094792,-0.09549318928035644,0.06754895869914512,306,194,2,1,,,,,,,,,,,,,,,,,,
segment_state,trend_crossover,QQQ,equity,bullish,5,2017-2018,,,,,2,2,-0.003877078158041891,-0.003877078158041891,-0.008289561990730276,0.0005354056746464941,1,1,0,2,-0.006093933340307573,-0.008703198974136683,segment_matched_unconditional,,,,,,,,,,,,,,,
segment_state,trend_crossover,QQQ,equity,bearish,5,2017-2018,,,,,3,3,0.015987563721395426,0.02095922538214201,-0.003972151371468224,0.03097561715351249,2,1,0,3,0.013770708539129744,0.01613310456604722,segment_matched_unconditional,,,,,,,,,,,,,,,
segment_state,trend_crossover,QQQ,equity,neutral,5,2017-2018,,,,,497,497,0.0021582550636806233,0.004947046562602919,-0.09549318928035644,0.06754895869914512,303,192,2,6,-5.860011858505867e-05,0.00012092574650812704,segment_matched_unconditional,,,,,,,,,,,,,,,
segment_matched,trend_crossover,QQQ,equity,all,20,2017-2018,,,,,502,502,0.010889615072231093,0.01532486957139867,-0.12605720279316934,0.12489657353525674,347,155,0,1,,,,,,,,,,,,,,,,,,
segment_state,trend_crossover,QQQ,equity,bullish,20,2017-2018,,,,,2,2,0.01760544697904609,0.01760544697904609,-0.010776441128699243,0.045987335086791425,1,1,0,2,0.006715831906814998,0.0022805774076474217,segment_matched_unconditional,,,,,,,,,,,,,,,
segment_state,trend_crossover,QQQ,equity,bearish,20,2017-2018,,,,,3,3,0.01594867815013164,0.01837863846428678,-0.01260723249532536,0.04207462848143351,2,1,0,3,0.005059063077900548,0.003053768892888109,segment_matched_unconditional,,,,,,,,,,,,,,,
segment_state,trend_crossover,QQQ,equity,neutral,20,2017-2018,,,,,497,497,0.010832051987628816,0.015258096397290144,-0.12605720279316934,0.12489657353525674,344,153,0,6,-5.756308460227663e-05,-6.677317410852535e-05,segment_matched_unconditional,,,,,,,,,,,,,,,
segment_matched,trend_crossover,QQQ,equity,all,1,2019-2020,,,,,505,505,0.0006690069629619489,0.0011060554150048585,-0.0607461660131684,0.04367215419883519,278,225,2,1,,,,,,,,,,,,,,,,,,
segment_state,trend_crossover,QQQ,equity,bullish,1,2019-2020,,,,,5,5,-0.007207194689394947,0.0007354454150008127,-0.02678081689706513,0.008758288785815083,3,2,0,5,-0.007876201652356895,-0.00037061000000404576,segment_matched_unconditional,,,,,,,,,,,,,,,
segment_state,trend_crossover,QQQ,equity,bearish,1,2019-2020,,,,,4,4,-0.008555142588241998,-0.005731139836933907,-0.020717355186174014,-0.002040935492926166,0,4,0,4,-0.009224149551203948,-0.006837195251938766,segment_matched_unconditional,,,,,,,,,,,,,,,
segment_state,trend_crossover,QQQ,equity,neutral,1,2019-2020,,,,,496,496,0.0008227924598704172,0.001276252094491559,-0.0607461660131684,0.04367215419883519,275,219,2,10,0.0001537854969084683,0.00017019667948670048,segment_matched_unconditional,,,,,,,,,,,,,,,
segment_matched,trend_crossover,QQQ,equity,all,5,2019-2020,,,,,505,505,0.0066007543608769675,0.00828787205065007,-0.158172131977789,0.10665416709989994,322,183,0,1,,,,,,,,,,,,,,,,,,
segment_state,trend_crossover,QQQ,equity,bullish,5,2019-2020,,,,,5,5,-0.0032636640981259513,-0.009663197279312752,-0.019794141599718262,0.022915461272652538,2,3,0,5,-0.009864418459002919,-0.01795106932996282,segment_matched_unconditional,,,,,,,,,,,,,,,
segment_state,trend_crossover,QQQ,equity,bearish,5,2019-2020,,,,,4,4,-0.022974783359977213,-0.012548076175489642,-0.08633060540229243,0.019527624313362857,1,3,0,4,-0.02957553772085418,-0.02083594822613971,segment_matched_unconditional,,,,,,,,,,,,,,,
segment_state,trend_crossover,QQQ,equity,neutral,5,2019-2020,,,,,496,496,0.006938706464059289,0.008421319446689224,-0.158172131977789,0.10665416709989994,319,177,0,10,0.00033795210318232106,0.00013344739603915468,segment_matched_unconditional,,,,,,,,,,,,,,,
segment_matched,trend_crossover,QQQ,equity,all,20,2019-2020,,,,,505,505,0.028636939539802755,0.03979167885047885,-0.2749464537397952,0.24467591722579995,397,108,0,1,,,,,,,,,,,,,,,,,,
segment_state,trend_crossover,QQQ,equity,bullish,20,2019-2020,,,,,5,5,0.025114106008194925,0.024207198229012628,0.0015146905442464664,0.053929622524027776,5,0,0,5,-0.00352283353160783,-0.015584480621466223,segment_matched_unconditional,,,,,,,,,,,,,,,
segment_state,trend_crossover,QQQ,equity,bearish,20,2019-2020,,,,,4,4,0.014910981342112661,0.013013337398590341,-0.014798154585956791,0.048415405157226754,3,1,0,4,-0.013725958197690093,-0.02677834145188851,segment_matched_unconditional,,,,,,,,,,,,,,,
segment_state,trend_crossover,QQQ,equity,neutral,20,2019-2020,,,,,496,496,0.028783145185868886,0.04013336147836333,-0.2749464537397952,0.24467591722579995,389,107,0,10,0.0001462056460661311,0.00034168262788447645,segment_matched_unconditional,,,,,,,,,,,,,,,
segment_matched,trend_crossover,QQQ,equity,all,1,2021-2022,,,,,503,503,-3.612884212517297e-05,0.0006601687042855353,-0.04008991003755624,0.06790237782320374,263,240,0,1,,,,,,,,,,,,,,,,,,
segment_state,trend_crossover,QQQ,equity,bullish,1,2021-2022,,,,,6,6,0.0050737330368090805,0.010514729206624218,-0.012732862726053673,0.015795496949454035,4,2,0,6,0.005109861878934254,0.009854560502338683,segment_matched_unconditional,,,,,,,,,,,,,,,
segment_state,trend_crossover,QQQ,equity,bearish,1,2021-2022,,,,,7,7,4.838457953198245e-05,0.005097833996657419,-0.032283014559627676,0.015787469124092457,4,3,0,7,8.451342165715542e-05,0.004437665292371884,segment_matched_unconditional,,,,,,,,,,,,,,,
segment_state,trend_crossover,QQQ,equity,neutral,1,2021-2022,,,,,490,490,-9.990591401334767e-05,0.0005994780040569081,-0.04008991003755624,0.06790237782320374,255,235,0,14,-6.37770718881747e-05,-6.0690700228627215e-05,segment_matched_unconditional,,,,,,,,,,,,,,,
segment_matched,trend_crossover,QQQ,equity,all,5,2021-2022,,,,,503,503,-0.0008695432576420076,0.0005450829783051336,-0.1072317923955386,0.09099969223734328,257,246,0,1,,,,,,,,,,,,,,,,,,
segment_state,trend_crossover,QQQ,equity,bullish,5,2021-2022,,,,,6,6,0.0022578049083166554,0.0037440917282510755,-0.04555034997179919,0.041780335386589984,3,3,0,6,0.003127348165958663,0.003199008749945942,segment_matched_unconditional,,,,,,,,,,,,,,,
segment_state,trend_crossover,QQQ,equity,bearish,5,2021-2022,,,,,7,7,-0.006207780388632567,-0.005798690153515529,-0.035739822164310264,0.01964946806663348,3,4,0,7,-0.005338237130990559,-0.0063437731318206625,segment_matched_unconditional,,,,,,,,,,,,,,,
segment_state,trend_crossover,QQQ,equity,neutral,5,2021-2022,,,,,490,490,-0.0008315767863742894,0.0005466614932946312,-0.1072317923955386,0.09099969223734328,251,239,0,14,3.796647126771827e-05,1.5785149894975703e-06,segment_matched_unconditional,,,,,,,,,,,,,,,
segment_matched,trend_crossover,QQQ,equity,all,20,2021-2022,,,,,503,503,-0.002781569554741747,0.0012162491493721284,-0.15959475855930672,0.1517368243514301,254,249,0,1,,,,,,,,,,,,,,,,,,
segment_state,trend_crossover,QQQ,equity,bullish,20,2021-2022,,,,,6,6,-0.013577588417049646,-0.025914937564047502,-0.07324613592022411,0.06044647386293356,2,4,0,6,-0.0107960188623079,-0.02713118671341963,segment_matched_unconditional,,,,,,,,,,,,,,,
segment_state,trend_crossover,QQQ,equity,bearish,20,2021-2022,,,,,7,7,0.0125592779780679,0.048610904690169265,-0.10681131322406212,0.10109246032205421,4,3,0,7,0.015340847532809647,0.04739465554079714,segment_matched_unconditional,,,,,,,,,,,,,,,
segment_state,trend_crossover,QQQ,equity,neutral,20,2021-2022,,,,,490,490,-0.0028685283701617883,0.001317164770607504,-0.15959475855930672,0.1517368243514301,248,242,0,14,-8.695881542004121e-05,0.00010091562123537567,segment_matched_unconditional,,,,,,,,,,,,,,,
segment_matched,trend_crossover,QQQ,equity,all,1,2023-2024,,,,,502,502,0.0006110312136605234,0.0013076250850998505,-0.03490619986683241,0.029563750196623273,280,222,0,1,,,,,,,,,,,,,,,,,,
segment_state,trend_crossover,QQQ,equity,bullish,1,2023-2024,,,,,4,4,0.006903619928807309,0.005690617922042784,-0.005878809675434971,0.022112053546578636,2,2,0,4,0.0062925887151467855,0.004382992836942934,segment_matched_unconditional,,,,,,,,,,,,,,,
segment_state,trend_crossover,QQQ,equity,bearish,1,2023-2024,,,,,3,3,-0.015558674268752903,-0.026249191419836726,-0.030646234915239656,0.010219403528817672,1,2,0,3,-0.016169705482413428,-0.027556816504936577,segment_matched_unconditional,,,,,,,,,,,,,,,
segment_state,trend_crossover,QQQ,equity,neutral,1,2023-2024,,,,,495,495,0.0006581802269668934,0.001326076320897318,-0.03490619986683241,0.029563750196623273,277,218,0,8,4.714901330637002e-05,1.8451235797467547e-05,segment_matched_unconditional,,,,,,,,,,,,,,,
segment_matched,trend_crossover,QQQ,equity,all,5,2023-2024,,,,,502,502,0.006170613386802607,0.00663906904139544,-0.0784085551684004,0.06753425075583253,314,188,0,1,,,,,,,,,,,,,,,,,,
segment_state,trend_crossover,QQQ,equity,bullish,5,2023-2024,,,,,4,4,0.018908241634368994,0.011126979565045825,0.0008332344096100286,0.0525457729977743,4,0,0,4,0.012737628247566388,0.004487910523650385,segment_matched_unconditional,,,,,,,,,,,,,,,
segment_state,trend_crossover,QQQ,equity,bearish,5,2023-2024,,,,,3,3,0.025277598711983762,0.028471638422717715,0.011324523768887929,0.03603663394434564,3,0,0,3,0.019106985325181156,0.021832569381322275,segment_matched_unconditional,,,,,,,,,,,,,,,
segment_state,trend_crossover,QQQ,equity,neutral,5,2023-2024,,,,,495,495,0.005951883146467639,0.006340744187058434,-0.0784085551684004,0.06753425075583253,307,188,0,8,-0.00021873024033496752,-0.0002983248543370065,segment_matched_unconditional,,,,,,,,,,,,,,,
segment_matched,trend_crossover,QQQ,equity,all,20,2023-2024,,,,,502,502,0.02506867858692433,0.026373364431275026,-0.13576642875974287,0.18057866661396238,377,124,1,1,,,,,,,,,,,,,,,,,,
segment_state,trend_crossover,QQQ,equity,bullish,20,2023-2024,,,,,4,4,0.035954927500524314,0.049503240829862905,-0.01090313309721025,0.055716361439581696,3,1,0,4,0.010886248913599985,0.02312987639858788,segment_matched_unconditional,,,,,,,,,,,,,,,
segment_state,trend_crossover,QQQ,equity,bearish,20,2023-2024,,,,,3,3,0.024366138606410643,0.03162443823158401,-0.03966302253079024,0.08113700011843816,2,1,0,3,-0.0007025399805136862,0.005251073800308981,segment_matched_unconditional,,,,,,,,,,,,,,,
segment_state,trend_crossover,QQQ,equity,neutral,20,2023-2024,,,,,495,495,0.02498496671679734,0.026239861046411184,-0.13576642875974287,0.18057866661396238,372,122,1,8,-8.371187012698802e-05,-0.00013350338486384228,segment_matched_unconditional,,,,,,,,,,,,,,,
segment_matched,trend_crossover,IWM,equity,all,1,2015-2016,,,,,504,504,0.0003702404815932345,0.0007971815816272265,-0.03822885132561482,0.037770994370866395,271,232,1,1,,,,,,,,,,,,,,,,,,
segment_state,trend_crossover,IWM,equity,bullish,1,2015-2016,,,,,5,5,0.002972007424433931,0.005146896455507477,-0.007452416764670011,0.013203446208696734,3,2,0,5,0.0026017669428406967,0.0043497148738802505,segment_matched_unconditional,,,,,,,,,,,,,,,
segment_state,trend_crossover,IWM,equity,bearish,1,2015-2016,,,,,5,5,0.0015983788034624525,0.005511534399849749,-0.011360894417271838,0.006735386198282178,4,1,0,5,0.001228138321869218,0.0047143528182225225,segment_matched_unconditional,,,,,,,,,,,,,,,
segment_state,trend_crossover,IWM,equity,neutral,1,2015-2016,,,,,494,494,0.0003314762582662111,0.0007407027182367854,-0.03822885132561482,0.037770994370866395,264,229,1,11,-3.876422332702343e-05,-5.647886339044117e-05,segment_matched_unconditional,,,,,,,,,,,,,,,
segment_matched,trend_crossover,IWM,equity,all,5,2015-2016,,,,,504,504,0.001830036273361006,0.0038333058309338863,-0.08990612754204541,0.09713754270696962,284,219,1,1,,,,,,,,,,,,,,,,,,
segment_state,trend_crossover,IWM,equity,bullish,5,2015-2016,,,,,5,5,0.012266582181369622,0.013277394895677475,0.001059638168501742,0.017839172748723264,5,0,0,5,0.010436545908008616,0.009444089064743588,segment_matched_unconditional,,,,,,,,,,,,,,,
segment_state,trend_crossover,IWM,equity,bearish,5,2015-2016,,,,,5,5,0.004823364446069433,0.016047098877961297,-0.024401915949207154,0.031777426151674115,3,2,0,5,0.0029933281727084274,0.01221379304702741,segment_matched_unconditional,,,,,,,,,,,,,,,
segment_state,trend_crossover,IWM,equity,neutral,5,2015-2016,,,,,494,494,0.0016941063737586069,0.0032763696532501774,-0.08990612754204541,0.09713754270696962,276,217,1,11,-0.0001359298996023992,-0.000556936177683709,segment_matched_unconditional,,,,,,,,,,,,,,,
segment_matched,trend_crossover,IWM,equity,all,20,2015-2016,,,,,504,504,0.006931309195877155,0.01001605463542421,-0.13386927095416767,0.1509145646095602,291,213,0,1,,,,,,,,,,,,,,,,,,
segment_state,trend_crossover,IWM,equity,bullish,20,2015-2016,,,,,5,5,0.016494488537151165,0.020815490402967818,-0.023533198064712102,0.04420232979496963,4,1,0,5,0.00956317934127401,0.010799435767543608,segment_matched_unconditional,,,,,,,,,,,,,,,
segment_state,trend_crossover,IWM,equity,bearish,20,2015-2016,,,,,5,5,0.0025151093624244058,0.026243058819358067,-0.11580634818416058,0.08348578693815445,3,2,0,5,-0.004416199833452749,0.016227004183933857,segment_matched_unconditional,,,,,,,,,,,,,,,
segment_state,trend_crossover,IWM,equity,neutral,20,2015-2016,,,,,494,494,0.006879214261587467,0.00938241811774121,-0.13386927095416767,0.1509145646095602,284,210,0,11,-5.2094934289688075e-05,-0.0006336365176830006,segment_matched_unconditional,,,,,,,,,,,,,,,
segment_matched,trend_crossover,IWM,equity,all,1,2017-2018,,,,,502,502,-0.00039808948717837166,0.0001647217770628373,-0.04052029741488816,0.044741795621640934,255,244,3,1,,,,,,,,,,,,,,,,,,
segment_state,trend_crossover,IWM,equity,bullish,1,2017-2018,,,,,6,6,0.0027541820385459013,0.003921823315550466,-0.005662654450703464,0.010130934740217423,4,2,0,6,0.003152271525724273,0.0037571015384876283,segment_matched_unconditional,,,,,,,,,,,,,,,
segment_state,trend_crossover,IWM,equity,bearish,1,2017-2018,,,,,7,7,0.0016247826406688506,0.00030909965035053055,-0.0030809650036104363,0.011245118562428491,5,2,0,7,0.002022872127847222,0.00014437787328769325,segment_matched_unconditional,,,,,,,,,,,,,,,
segment_state,trend_crossover,IWM,equity,neutral,1,2017-2018,,,,,489,489,-0.0004657249351319017,6.820500136051066e-05,-0.04052029741488816,0.044741795621640934,246,240,3,14,-6.763544795353004e-05,-9.651677570232664e-05,segment_matched_unconditional,,,,,,,,,,,,,,,
segment_matched,trend_crossover,IWM,equity,all,5,2017-2018,,,,,502,502,-0.00011062949965638243,0.0005171369778552704,-0.08954142734907944,0.07233107127968452,258,243,1,1,,,,,,,,,,,,,,,,,,
segment_state,trend_crossover,IWM,equity,bullish,5,2017-2018,,,,,6,6,0.004550590742538829,0.009162031868817144,-0.04530123560562793,0.028955270516656695,4,2,0,6,0.004661220242195212,0.008644894890961874,segment_matched_unconditional,,,,,,,,,,,,,,,
segment_state,trend_crossover,IWM,equity,bearish,5,2017-2018,,,,,7,7,-3.0561428541504245e-05,0.010232990280951482,-0.05050378904104502,0.016468211714367964,5,2,0,7,8.006807111487818e-05,0.009715853303096211,segment_matched_unconditional,,,,,,,,,,,,,,,
segment_state,trend_crossover,IWM,equity,neutral,5,2017-2018,,,,,489,489,-0.0001689685547708516,0.0004014288498501717,-0.08954142734907944,0.07233107127968452,249,239,1,14,-5.8339055114469166e-05,-0.00011570812800509866,segment_matched_unconditional,,,,,,,,,,,,,,,
segment_matched,trend_crossover,IWM,equity,all,20,2017-2018,,,,,502,502,0.002655249666488983,0.006579934170371837,-0.1569783613786293,0.15196391057102532,301,200,1,1,,,,,,,,,,,,,,,,,,
segment_state,trend_crossover,IWM,equity,bullish,20,2017-2018,,,,,6,6,0.011689255704741774,-0.004419550525659677,-0.015668987528868472,0.06697882126101629,2,4,0,6,0.00903400603825279,-0.010999484696031514,segment_matched_unconditional,,,,,,,,,,,,,,,
segment_state,trend_crossover,IWM,equity,bearish,20,2017-2018,,,,,7,7,0.010806132690842867,0.024450971176143144,-0.0480311804861816,0.044608322517259325,5,2,0,7,0.008150883024353885,0.017871037005771306,segment_matched_unconditional,,,,,,,,,,,,,,,
segment_state,trend_crossover,IWM,equity,neutral,20,2017-2018,,,,,489,489,0.00242772365953603,0.006680884988117475,-0.1569783613786293,0.15196391057102532,294,194,1,14,-0.000227526006952953,0.00010095081774563752,segment_matched_unconditional,,,,,,,,,,,,,,,
segment_matched,trend_crossover,IWM,equity,all,1,2019-2020,,,,,505,505,-0.00019565329291772093,0.0003887362966006336,-0.046032037134682735,0.05784819015968368,259,243,3,1,,,,,,,,,,,,,,,,,,
segment_state,trend_crossover,IWM,equity,bullish,1,2019-2020,,,,,6,6,-0.0018111062420832675,-0.0018857682402867448,-0.017531429762851936,0.009823161996115548,3,3,0,6,-0.0016154529491655466,-0.0022745045368873784,segment_matched_unconditional,,,,,,,,,,,,,,,
segment_state,trend_crossover,IWM,equity,bearish,1,2019-2020,,,,,5,5,-0.007132767818128128,-0.0033593120955534017,-0.03821072206875076,0.020705529630176578,1,4,0,5,-0.006937114525210407,-0.0037480483921540353,segment_matched_unconditional,,,,,,,,,,,,,,,
segment_state,trend_crossover,IWM,equity,neutral,1,2019-2020,,,,,494,494,-0.00010581869712613122,0.000513035983379817,-0.046032037134682735,0.05784819015968368,255,236,3,12,8.983459579158971e-05,0.00012429968677918346,segment_matched_unconditional,,,,,,,,,,,,,,,
segment_matched,trend_crossover,IWM,equity,all,5,2019-2020,,,,,505,505,0.0036525102961535334,0.005608200993033607,-0.230792089806085,0.16070931111124476,298,207,0,1,,,,,,,,,,,,,,,,,,
segment_state,trend_crossover,IWM,equity,bullish,5,2019-2020,,,,,6,6,-0.005444550361968503,-0.0037940259150093247,-0.036659064222625215,0.02249164725765107,3,3,0,6,-0.009097060658122037,-0.009402226908042932,segment_matched_unconditional,,,,,,,,,,,,,,,
segment_state,trend_crossover,IWM,equity,bearish,5,2019-2020,,,,,5,5,0.0030770886994690104,0.00817367462149865,-0.07069902283476037,0.060931330769777414,4,1,0,5,-0.000575421596684523,0.0025654736284650426,segment_matched_unconditional,,,,,,,,,,,,,,,
segment_state,trend_crossover,IWM,equity,neutral,5,2019-2020,,,,,494,494,0.0037688250166639683,0.005495940156997059,-0.230792089806085,0.16070931111124476,291,203,0,12,0.00011631472051043491,-0.00011226083603654846,segment_matched_unconditional,,,,,,,,,,,,,,,
segment_matched,trend_crossover,IWM,equity,all,20,2019-2020,,,,,505,505,0.018299694006906106,0.02481964768070566,-0.40458603421785844,0.2461822494656265,345,160,0,1,,,,,,,,,,,,,,,,,,
segment_state,trend_crossover,IWM,equity,bullish,20,2019-2020,,,,,6,6,0.048374866722451636,0.05261825476168014,-0.042319099069869415,0.13501842397873376,4,2,0,6,0.03007517271554553,0.02779860708097448,segment_matched_unconditional,,,,,,,,,,,,,,,
segment_state,trend_crossover,IWM,equity,bearish,20,2019-2020,,,,,5,5,-0.02890245716629274,0.033806406037663495,-0.3853064305954673,0.1302983974016656,4,1,0,5,-0.04720215117319884,0.008986758356957836,segment_matched_unconditional,,,,,,,,,,,,,,,
segment_state,trend_crossover,IWM,equity,neutral,20,2019-2020,,,,,494,494,0.01841216307486708,0.024652078954815138,-0.40458603421785844,0.2461822494656265,337,157,0,12,0.00011246906796097411,-0.00016756872589052119,segment_matched_unconditional,,,,,,,,,,,,,,,
segment_matched,trend_crossover,IWM,equity,all,1,2021-2022,,,,,503,503,-0.0005211110299880554,-0.00026947029076340723,-0.04440562684688132,0.05161419702570291,245,258,0,1,,,,,,,,,,,,,,,,,,
segment_state,trend_crossover,IWM,equity,bullish,1,2021-2022,,,,,7,7,0.0025804908222416545,0.001207856672498453,-0.01238899950069361,0.019411595605267618,4,3,0,7,0.00310160185222971,0.0014773269632618602,segment_matched_unconditional,,,,,,,,,,,,,,,
segment_state,trend_crossover,IWM,equity,bearish,1,2021-2022,,,,,8,8,-0.0011746117236464682,-0.0038774060487506423,-0.013274946607673588,0.014132338242414999,3,5,0,8,-0.0006535006936584127,-0.003607935757987235,segment_matched_unconditional,,,,,,,,,,,,,,,
segment_state,trend_crossover,IWM,equity,neutral,1,2021-2022,,,,,488,488,-0.0005548880943658027,-0.000264381108370626,-0.04440562684688132,0.05161419702570291,238,250,0,16,-3.37770643777473e-05,5.089182392781222e-06,segment_matched_unconditional,,,,,,,,,,,,,,,
segment_matched,trend_crossover,IWM,equity,all,5,2021-2022,,,,,503,503,-0.0012594891989695406,-0.0013050622690635727,-0.10927788236400093,0.08453694535778578,245,258,0,1,,,,,,,,,,,,,,,,,,
segment_state,trend_crossover,IWM,equity,bullish,5,2021-2022,,,,,7,7,0.001647692411372827,-0.00043267470139718434,-0.03660390722815132,0.034053767694246284,3,4,0,7,0.002907181610342368,0.0008723875676663884,segment_matched_unconditional,,,,,,,,,,,,,,,
segment_state,trend_crossover,IWM,equity,bearish,5,2021-2022,,,,,8,8,-0.017004295752919507,-0.004220397815474841,-0.08166921605743183,0.006699052210346945,3,5,0,8,-0.015744806553949966,-0.0029153355464112685,segment_matched_unconditional,,,,,,,,,,,,,,,
segment_state,trend_crossover,IWM,equity,neutral,5,2021-2022,,,,,488,488,-0.0010430789916760915,-0.0012825100015328439,-0.10927788236400093,0.08453694535778578,239,249,0,16,0.0002164102072934491,2.255226753072881e-05,segment_matched_unconditional,,,,,,,,,,,,,,,
segment_matched,trend_crossover,IWM,equity,all,20,2021-2022,,,,,503,503,-0.0038871468553899305,-0.0023591810198650975,-0.14349339257082716,0.15971071621509636,245,258,0,1,,,,,,,,,,,,,,,,,,
segment_state,trend_crossover,IWM,equity,bullish,20,2021-2022,,,,,7,7,-0.019312429575521213,-0.016417635676707287,-0.0974038197444036,0.05562442500164577,2,5,0,7,-0.015425282720131283,-0.01405845465684219,segment_matched_unconditional,,,,,,,,,,,,,,,
segment_state,trend_crossover,IWM,equity,bearish,20,2021-2022,,,,,8,8,0.005212420993415956,-0.020351724501882273,-0.06447482795749715,0.07723559204005448,3,5,0,8,0.009099567848805886,-0.017992543482017176,segment_matched_unconditional,,,,,,,,,,,,,,,
segment_state,trend_crossover,IWM,equity,neutral,20,2021-2022,,,,,488,488,-0.003815055797499619,-0.0011828841366472997,-0.14349339257082716,0.15971071621509636,240,248,0,16,7.209105789031129e-05,0.0011762968832177978,segment_matched_unconditional,,,,,,,,,,,,,,,
segment_matched,trend_crossover,IWM,equity,all,1,2023-2024,,,,,502,502,-0.0001541172889184926,8.273675833236904e-05,-0.049087189483419946,0.03329767784236326,252,250,0,1,,,,,,,,,,,,,,,,,,
segment_state,trend_crossover,IWM,equity,bullish,1,2023-2024,,,,,5,5,-0.003357295985868469,-0.0028563974063733344,-0.015627147177809775,0.008511576443669622,2,3,0,5,-0.0032031786969499766,-0.0029391341647057034,segment_matched_unconditional,,,,,,,,,,,,,,,
segment_state,trend_crossover,IWM,equity,bearish,1,2023-2024,,,,,5,5,0.0067054842789623596,0.005612462284173336,-0.008029396424625967,0.026301944799259847,3,2,0,5,0.0068596015678808525,0.005529725525840967,segment_matched_unconditional,,,,,,,,,,,,,,,
segment_state,trend_crossover,IWM,equity,neutral,1,2023-2024,,,,,492,492,-0.00019127605793201773,8.273675833236904e-05,-0.049087189483419946,0.03329767784236326,247,245,0,10,-3.715876901352514e-05,0.0,segment_matched_unconditional,,,,,,,,,,,,,,,
segment_matched,trend_crossover,IWM,equity,all,5,2023-2024,,,,,502,502,0.002091277151925325,0.0006007525551817716,-0.09737680711839514,0.11028727845092168,258,244,0,1,,,,,,,,,,,,,,,,,,
segment_state,trend_crossover,IWM,equity,bullish,5,2023-2024,,,,,5,5,0.01871771780488827,0.020798876678321587,-0.016078756604090083,0.05500591462756832,3,2,0,5,0.016626440652962943,0.020198124123139816,segment_matched_unconditional,,,,,,,,,,,,,,,
segment_state,trend_crossover,IWM,equity,bearish,5,2023-2024,,,,,5,5,0.001815317949236217,0.0009914163861612924,-0.01476363396869207,0.021368589429063833,3,2,0,5,-0.000275959202689108,0.00039066383097952073,segment_matched_unconditional,,,,,,,,,,,,,,,
segment_state,trend_crossover,IWM,equity,neutral,5,2023-2024,,,,,492,492,0.0019251137225526234,0.0005380614347092472,-0.09737680711839514,0.11028727845092168,252,240,0,10,-0.00016616342937270166,-6.269112047252445e-05,segment_matched_unconditional,,,,,,,,,,,,,,,
segment_matched,trend_crossover,IWM,equity,all,20,2023-2024,,,,,502,502,0.00875472573241661,0.007828500195670163,-0.10761939039914603,0.1430971863066921,280,222,0,1,,,,,,,,,,,,,,,,,,
segment_state,trend_crossover,IWM,equity,bullish,20,2023-2024,,,,,5,5,0.015051123446521176,-0.0025002725363626466,-0.06652820894582245,0.1430971863066921,2,3,0,5,0.006296397714104566,-0.01032877273203281,segment_matched_unconditional,,,,,,,,,,,,,,,
segment_state,trend_crossover,IWM,equity,bearish,20,2023-2024,,,,,5,5,0.03318474275329941,0.03907387240067983,-0.06025651115843189,0.09976454704119608,4,1,0,5,0.0244300170208828,0.03124537220500967,segment_matched_unconditional,,,,,,,,,,,,,,,
segment_state,trend_crossover,IWM,equity,neutral,20,2023-2024,,,,,492,492,0.008442465420069177,0.007397318186732615,-0.10761939039914603,0.14074076214399445,274,218,0,10,-0.0003122603123474326,-0.0004311820089375473,segment_matched_unconditional,,,,,,,,,,,,,,,
segment_matched,trend_crossover,TLT,treasury,all,1,2015-2016,,,,,504,504,-9.899979752368199e-05,0.00011482854649180751,-0.02083006996110337,0.015824493685234087,254,248,2,1,,,,,,,,,,,,,,,,,,
segment_state,trend_crossover,TLT,treasury,bullish,1,2015-2016,,,,,6,6,-0.0024794367614745516,-0.001859929711927999,-0.011003304769109268,0.0034650455582678763,1,5,0,6,-0.0023804369639508697,-0.0019747582584198065,segment_matched_unconditional,,,,,,,,,,,,,,,
segment_state,trend_crossover,TLT,treasury,bearish,1,2015-2016,,,,,7,7,0.0016086183249796684,0.002105263157894832,-0.0037827703510747712,0.008296127512493756,4,3,0,7,0.0017076181225033505,0.0019904346114030247,segment_matched_unconditional,,,,,,,,,,,,,,,
segment_state,trend_crossover,TLT,treasury,neutral,1,2015-2016,,,,,491,491,-9.425581600396352e-05,0.00015276280274734155,-0.02083006996110337,0.015824493685234087,249,240,2,14,4.743981519718466e-06,3.793425625553404e-05,segment_matched_unconditional,,,,,,,,,,,,,,,
segment_matched,trend_crossover,TLT,treasury,all,5,2015-2016,,,,,504,504,-0.0005460992530659234,0.0005062712564339877,-0.07411087160152174,0.045586065047136026,261,242,1,1,,,,,,,,,,,,,,,,,,
segment_state,trend_crossover,TLT,treasury,bullish,5,2015-2016,,,,,6,6,-0.0025602028023464785,0.0007711973392674487,-0.020301653752887616,0.003630083695484565,4,2,0,6,-0.002014103549280555,0.000264926082833461,segment_matched_unconditional,,,,,,,,,,,,,,,
segment_state,trend_crossover,TLT,treasury,bearish,5,2015-2016,,,,,7,7,-0.002348873788163857,-0.005987605398146356,-0.027104035605662546,0.017951253798990985,3,4,0,7,-0.0018027745350979337,-0.006493876654580344,segment_matched_unconditional,,,,,,,,,,,,,,,
segment_state,trend_crossover,TLT,treasury,neutral,5,2015-2016,,,,,491,491,-0.0004957855197841131,0.0005268502989390633,-0.07411087160152174,0.045586065047136026,254,236,1,14,5.0313733281810344e-05,2.0579042505075584e-05,segment_matched_unconditional,,,,,,,,,,,,,,,
segment_matched,trend_crossover,TLT,treasury,all,20,2015-2016,,,,,504,504,-0.0032001603682249914,0.0010166538626761312,-0.09414590243022025,0.07866992373562387,256,248,0,1,,,,,,,,,,,,,,,,,,
segment_state,trend_crossover,TLT,treasury,bullish,20,2015-2016,,,,,6,6,-0.010576421756243126,0.002130870210403424,-0.07878045345200524,0.02746781589520375,3,3,0,6,-0.007376261388018135,0.0011142163477272926,segment_matched_unconditional,,,,,,,,,,,,,,,
segment_state,trend_crossover,TLT,treasury,bearish,20,2015-2016,,,,,7,7,0.006898044810330834,0.01770416545834408,-0.027836546898544978,0.027740596496118375,5,2,0,7,0.010098205178555825,0.016687511595667948,segment_matched_unconditional,,,,,,,,,,,,,,,
segment_state,trend_crossover,TLT,treasury,neutral,20,2015-2016,,,,,491,491,-0.0032539890197968487,0.0004577171021944437,-0.09414590243022025,0.07866992373562387,248,243,0,14,-5.3828651571857355e-05,-0.0005589367604816875,segment_matched_unconditional,,,,,,,,,,,,,,,
segment_matched,trend_crossover,TLT,treasury,all,1,2017-2018,,,,,502,502,0.00022842396605852618,0.00016113401503947689,-0.014533036903208396,0.01292272332960942,258,238,6,1,,,,,,,,,,,,,,,,,,
segment_state,trend_crossover,TLT,treasury,bullish,1,2017-2018,,,,,8,8,-0.0012521005776572613,-0.0018026634856134205,-0.009274436042202572,0.005092998183088948,3,5,0,8,-0.0014805245437157874,-0.0019637975006528974,segment_matched_unconditional,,,,,,,,,,,,,,,
segment_state,trend_crossover,TLT,treasury,bearish,1,2017-2018,,,,,7,7,-0.0003000906320342889,-0.0014289162578887682,-0.006352702147293998,0.006477171148300043,3,4,0,7,-0.0005285145980928151,-0.001590050272928245,segment_matched_unconditional,,,,,,,,,,,,,,,
segment_state,trend_crossover,TLT,treasury,neutral,1,2017-2018,,,,,487,487,0.00026034141685190605,0.00016204352333293315,-0.014533036903208396,0.01292272332960942,252,229,6,16,3.191745079337988e-05,9.095082934562626e-07,segment_matched_unconditional,,,,,,,,,,,,,,,
segment_matched,trend_crossover,TLT,treasury,all,5,2017-2018,,,,,502,502,0.00036026969497058865,0.00041821868973190846,-0.03437040001517111,0.04220306001879215,255,246,1,1,,,,,,,,,,,,,,,,,,
segment_state,trend_crossover,TLT,treasury,bullish,5,2017-2018,,,,,8,8,-0.000475014839376689,-9.655609367248408e-05,-0.014259808983234867,0.013378241396955648,4,4,0,8,-0.0008352845343472776,-0.0005147747834043925,segment_matched_unconditional,,,,,,,,,,,,,,,
segment_state,trend_crossover,TLT,treasury,bearish,5,2017-2018,,,,,7,7,0.0055985447422841296,0.009885833460988369,-0.010672493078873746,0.013464157842388191,6,1,0,7,0.005238275047313541,0.00946761477125646,segment_matched_unconditional,,,,,,,,,,,,,,,
segment_state,trend_crossover,TLT,treasury,neutral,5,2017-2018,,,,,487,487,0.0002986975203167559,0.00024639654453295634,-0.03437040001517111,0.04220306001879215,245,241,1,16,-6.157217465383276e-05,-0.00017182214519895211,segment_matched_unconditional,,,,,,,,,,,,,,,
segment_matched,trend_crossover,TLT,treasury,all,20,2017-2018,,,,,502,502,0.000532934438880426,0.0009759310983242786,-0.05391331936703958,0.06513778514845359,260,242,0,1,,,,,,,,,,,,,,,,,,
segment_state,trend_crossover,TLT,treasury,bullish,20,2017-2018,,,,,8,8,-0.005558072316974236,-0.007179857617235996,-0.041165666476590146,0.033443701918817625,2,6,0,8,-0.006091006755854661,-0.008155788715560275,segment_matched_unconditional,,,,,,,,,,,,,,,
segment_state,trend_crossover,TLT,treasury,bearish,20,2017-2018,,,,,7,7,0.0026942390147998785,0.008401243470179232,-0.03902517700151764,0.03442987081654425,5,2,0,7,0.0021613045759194525,0.007425312371854953,segment_matched_unconditional,,,,,,,,,,,,,,,
segment_state,trend_crossover,TLT,treasury,neutral,20,2017-2018,,,,,487,487,0.000601926065195418,0.0009918402239923463,-0.05391331936703958,0.06513778514845359,253,234,0,16,6.899162631499197e-05,1.590912566806768e-05,segment_matched_unconditional,,,,,,,,,,,,,,,
segment_matched,trend_crossover,TLT,treasury,all,1,2019-2020,,,,,505,505,-9.719013143797603e-05,8.207891170508574e-05,-0.06434253377651955,0.053968253968254,257,245,3,1,,,,,,,,,,,,,,,,,,
segment_state,trend_crossover,TLT,treasury,bullish,1,2019-2020,,,,,5,5,0.0012901763910743824,0.0026427230481187447,-0.005349746771726505,0.008338398083459264,3,2,0,5,0.0013873665225123584,0.002560644136413659,segment_matched_unconditional,,,,,,,,,,,,,,,
segment_state,trend_crossover,TLT,treasury,bearish,1,2019-2020,,,,,6,6,0.0036180169391588266,0.004027063845073675,-0.000873072723049928,0.007721393608517646,5,1,0,6,0.0037152070705968026,0.003944984933368589,segment_matched_unconditional,,,,,,,,,,,,,,,
segment_state,trend_crossover,TLT,treasury,neutral,1,2019-2020,,,,,494,494,-0.00015635627523583558,6.588454824552059e-05,-0.06434253377651955,0.053968253968254,249,242,3,11,-5.916614379785955e-05,-1.6194363459565153e-05,segment_matched_unconditional,,,,,,,,,,,,,,,
segment_matched,trend_crossover,TLT,treasury,all,5,2019-2020,,,,,505,505,0.0018862080159536645,0.0015202455103160428,-0.14048019433102354,0.11364668100251474,283,221,1,1,,,,,,,,,,,,,,,,,,
segment_state,trend_crossover,TLT,treasury,bullish,5,2019-2020,,,,,5,5,0.01157818332248517,0.011185998000974529,-0.012734315028785859,0.03278554249539489,4,1,0,5,0.009691975306531505,0.009665752490658486,segment_matched_unconditional,,,,,,,,,,,,,,,
segment_state,trend_crossover,TLT,treasury,bearish,5,2019-2020,,,,,6,6,-0.001932753245800593,0.0024997721729159705,-0.033679618709407166,0.026531981383374648,3,3,0,6,-0.003818961261754257,0.0009795266625999277,segment_matched_unconditional,,,,,,,,,,,,,,,
segment_state,trend_crossover,TLT,treasury,neutral,5,2019-2020,,,,,494,494,0.0018344952447752597,0.001445185045606201,-0.14048019433102354,0.11364668100251474,276,217,1,11,-5.1712771178404754e-05,-7.506046470984185e-05,segment_matched_unconditional,,,,,,,,,,,,,,,
segment_matched,trend_crossover,TLT,treasury,all,20,2019-2020,,,,,505,505,0.00933460239096631,0.002346095899161904,-0.06517872402840397,0.18049611358343443,267,238,0,1,,,,,,,,,,,,,,,,,,
segment_state,trend_crossover,TLT,treasury,bullish,20,2019-2020,,,,,5,5,0.018282867090855116,0.01560828372452061,-0.01054663528097155,0.049468566235636446,4,1,0,5,0.008948264699888806,0.013262187825358707,segment_matched_unconditional,,,,,,,,,,,,,,,
segment_state,trend_crossover,TLT,treasury,bearish,20,2019-2020,,,,,6,6,0.011370404376816171,0.011864454314138628,-0.02827657679920903,0.049839862653137335,5,1,0,6,0.0020358019858498604,0.009518358414976724,segment_matched_unconditional,,,,,,,,,,,,,,,
segment_state,trend_crossover,TLT,treasury,neutral,20,2019-2020,,,,,494,494,0.009219306570289099,0.001893977852967299,-0.06517872402840397,0.18049611358343443,258,236,0,11,-0.00011529582067721159,-0.00045211804619460505,segment_matched_unconditional,,,,,,,,,,,,,,,
segment_matched,trend_crossover,TLT,treasury,all,1,2021-2022,,,,,503,503,8.771693534752751e-05,0.0003594239039161895,-0.024098935965678248,0.030152184089240253,263,238,2,1,,,,,,,,,,,,,,,,,,
segment_state,trend_crossover,TLT,treasury,bullish,1,2021-2022,,,,,5,5,-0.0014833932972470709,0.0,-0.011610274662053,0.0056167685086365715,2,2,1,5,-0.0015711102325945984,-0.0003594239039161895,segment_matched_unconditional,,,,,,,,,,,,,,,
segment_state,trend_crossover,TLT,treasury,bearish,1,2021-2022,,,,,4,4,-0.0006564539952360893,-0.00017353424368660164,-0.007187906384237164,0.00490915889066601,2,2,0,4,-0.0007441709305836168,-0.0005329581476027911,segment_matched_unconditional,,,,,,,,,,,,,,,
segment_state,trend_crossover,TLT,treasury,neutral,1,2021-2022,,,,,494,494,0.00010964453632993127,0.00036657972727138777,-0.024098935965678248,0.030152184089240253,259,234,1,10,2.1927600982403757e-05,7.155823355198265e-06,segment_matched_unconditional,,,,,,,,,,,,,,,
segment_matched,trend_crossover,TLT,treasury,all,5,2021-2022,,,,,503,503,-0.0027762929677731772,-0.002440289214832636,-0.06163765424666201,0.06126999128777144,236,267,0,1,,,,,,,,,,,,,,,,,,
segment_state,trend_crossover,TLT,treasury,bullish,5,2021-2022,,,,,5,5,0.0071104154573276455,0.0056853332407988955,0.004629681690461629,0.0101797972567228,5,0,0,5,0.009886708425100824,0.008125622455631532,segment_matched_unconditional,,,,,,,,,,,,,,,
segment_state,trend_crossover,TLT,treasury,bearish,5,2021-2022,,,,,4,4,-0.006141622613237724,-0.0027399636414699446,-0.031058655818379632,0.011972092648368626,2,2,0,4,-0.0033653296454645466,-0.0002996744266373086,segment_matched_unconditional,,,,,,,,,,,,,,,
segment_state,trend_crossover,TLT,treasury,neutral,5,2021-2022,,,,,494,494,-0.0028491112340558616,-0.0030980906460321145,-0.06163765424666201,0.06126999128777144,229,265,0,10,-7.281826628268437e-05,-0.0006578014311994784,segment_matched_unconditional,,,,,,,,,,,,,,,
segment_matched,trend_crossover,TLT,treasury,all,20,2021-2022,,,,,503,503,-0.01251271732902468,-0.014320095893917362,-0.11569857982905696,0.16680879958201777,201,302,0,1,,,,,,,,,,,,,,,,,,
segment_state,trend_crossover,TLT,treasury,bullish,20,2021-2022,,,,,5,5,-0.008246399341893884,0.0010830204405649635,-0.0521621816961545,0.02965358227179804,3,2,0,5,0.004266317987130796,0.015403116334482325,segment_matched_unconditional,,,,,,,,,,,,,,,
segment_state,trend_crossover,TLT,treasury,bearish,20,2021-2022,,,,,4,4,-0.010409549054991363,-0.004223913909992494,-0.07418582331381518,0.04099545491383472,2,2,0,4,0.0021031682740333176,0.010096181983924868,segment_matched_unconditional,,,,,,,,,,,,,,,
segment_state,trend_crossover,TLT,treasury,neutral,20,2021-2022,,,,,494,494,-0.01257292838779348,-0.014962345002624444,-0.11569857982905696,0.16680879958201777,196,298,0,10,-6.021105876879984e-05,-0.0006422491087070825,segment_matched_unconditional,,,,,,,,,,,,,,,
segment_matched,trend_crossover,TLT,treasury,all,1,2023-2024,,,,,502,502,0.0003029055277625327,0.00011506932165028516,-0.022487260514570395,0.024148037299197123,255,244,3,1,,,,,,,,,,,,,,,,,,
segment_state,trend_crossover,TLT,treasury,bullish,1,2023-2024,,,,,4,4,0.009725393921520442,0.010136696701385728,0.007553985536862484,0.011074196746447829,4,0,0,4,0.00942248839375791,0.010021627379735443,segment_matched_unconditional,,,,,,,,,,,,,,,
segment_state,trend_crossover,TLT,treasury,bearish,1,2023-2024,,,,,5,5,0.0005091805445323061,-0.001424515873994614,-0.0046332926793314355,0.00832779409430029,2,3,0,5,0.0002062750167697734,-0.0015395851956448992,segment_matched_unconditional,,,,,,,,,,,,,,,
segment_state,trend_crossover,TLT,treasury,neutral,1,2023-2024,,,,,493,493,0.00022436327896155806,0.00010653036846841601,-0.022487260514570395,0.024148037299197123,249,241,3,10,-7.854224880097464e-05,-8.538953181869147e-06,segment_matched_unconditional,,,,,,,,,,,,,,,
segment_matched,trend_crossover,TLT,treasury,all,5,2023-2024,,,,,502,502,-0.0010057929631759996,-0.0012929832487212911,-0.05513700816423617,0.05467502683597458,239,263,0,1,,,,,,,,,,,,,,,,,,
segment_state,trend_crossover,TLT,treasury,bullish,5,2023-2024,,,,,4,4,0.012125758481761478,0.019638811661817468,-0.02095969002529896,0.030185100628709938,3,1,0,4,0.013131551444937477,0.02093179491053876,segment_matched_unconditional,,,,,,,,,,,,,,,
segment_state,trend_crossover,TLT,treasury,bearish,5,2023-2024,,,,,5,5,-0.010852905467956874,-0.019321757071179002,-0.02583097000829304,0.010628985294731219,2,3,0,5,-0.009847112504780875,-0.01802877382245771,segment_matched_unconditional,,,,,,,,,,,,,,,
segment_state,trend_crossover,TLT,treasury,neutral,5,2023-2024,,,,,493,493,-0.0010124676959464773,-0.0013001380564932052,-0.05513700816423617,0.05467502683597458,234,259,0,10,-6.674732770477676e-06,-7.154807771914129e-06,segment_matched_unconditional,,,,,,,,,,,,,,,
segment_matched,trend_crossover,TLT,treasury,all,20,2023-2024,,,,,502,502,-0.006345863261311596,-0.007974434104701722,-0.09597193251946634,0.10907052106285242,215,287,0,1,,,,,,,,,,,,,,,,,,
segment_state,trend_crossover,TLT,treasury,bullish,20,2023-2024,,,,,4,4,0.008398769853825427,0.001241260605142236,-0.059474374560502086,0.09058693276551932,2,2,0,4,0.014744633115137023,0.009215694709843958,segment_matched_unconditional,,,,,,,,,,,,,,,
segment_state,trend_crossover,TLT,treasury,bearish,20,2023-2024,,,,,5,5,-0.011376354919290788,-0.02299958759810461,-0.03331142717911961,0.04889588885151741,1,4,0,5,-0.005030491657979192,-0.015025153493402887,segment_matched_unconditional,,,,,,,,,,,,,,,
segment_state,trend_crossover,TLT,treasury,neutral,20,2023-2024,,,,,493,493,-0.0064144759878240745,-0.007634410341870623,-0.09597193251946634,0.10907052106285242,212,281,0,10,-6.861272651247866e-05,0.0003400237628310987,segment_matched_unconditional,,,,,,,,,,,,,,,
segment_matched,trend_crossover,GLD,gold,all,1,2015-2016,,,,,504,504,-0.00023129009690666386,-0.0003366379299987732,-0.02228969366734035,0.026997089238447014,232,270,2,1,,,,,,,,,,,,,,,,,,
segment_state,trend_crossover,GLD,gold,bullish,1,2015-2016,,,,,5,5,-0.0024169922667602204,-0.0008709151226865552,-0.008006065121522798,0.0018981165701950076,1,4,0,5,-0.0021857021698535564,-0.0005342771926877821,segment_matched_unconditional,,,,,,,,,,,,,,,
segment_state,trend_crossover,GLD,gold,bearish,1,2015-2016,,,,,6,6,-0.0003848282059037052,5.244675179338909e-05,-0.004912096607437633,0.0027004193656052777,3,3,0,6,-0.00015353810899704134,0.00038908468179216227,segment_matched_unconditional,,,,,,,,,,,,,,,
segment_state,trend_crossover,GLD,gold,neutral,1,2015-2016,,,,,493,493,-0.00020725411414145083,-0.00033614214728860947,-0.02228969366734035,0.026997089238447014,228,263,2,12,2.4035982765213036e-05,4.957827101637058e-07,segment_matched_unconditional,,,,,,,,,,,,,,,
segment_matched,trend_crossover,GLD,gold,all,5,2015-2016,,,,,504,504,-0.0003505061031274792,-0.002281098603882925,-0.057763476499562705,0.08443388802044693,231,272,1,1,,,,,,,,,,,,,,,,,,
segment_state,trend_crossover,GLD,gold,bullish,5,2015-2016,,,,,5,5,-0.0033489859135317655,-0.004847297463549838,-0.015415403655903326,0.01558052184961034,2,3,0,5,-0.0029984798104042863,-0.0025661988596669127,segment_matched_unconditional,,,,,,,,,,,,,,,
segment_state,trend_crossover,GLD,gold,bearish,5,2015-2016,,,,,6,6,-0.0008104718510144974,0.0019177663446418025,-0.03507410946839806,0.03493670371011337,4,2,0,6,-0.00045996574788701816,0.004198864948524728,segment_matched_unconditional,,,,,,,,,,,,,,,
segment_state,trend_crossover,GLD,gold,neutral,5,2015-2016,,,,,493,493,-0.00031449759696248217,-0.0025296857376445603,-0.057763476499562705,0.08443388802044693,225,267,1,12,3.600850616499704e-05,-0.0002485871337616352,segment_matched_unconditional,,,,,,,,,,,,,,,
segment_matched,trend_crossover,GLD,gold,all,20,2015-2016,,,,,504,504,-0.0014278265978536252,-0.0020639453237524252,-0.10032180944927804,0.14756624152861453,240,264,0,1,,,,,,,,,,,,,,,,,,
segment_state,trend_crossover,GLD,gold,bullish,20,2015-2016,,,,,5,5,0.017795670247161798,0.010873589084917201,-0.06592338110508744,0.12809762367479993,3,2,0,5,0.019223496845015422,0.012937534408669626,segment_matched_unconditional,,,,,,,,,,,,,,,
segment_state,trend_crossover,GLD,gold,bearish,20,2015-2016,,,,,6,6,0.010462972126702089,-0.00464994173255745,-0.019734582018784863,0.09257384996373941,2,4,0,6,0.011890798724555715,-0.0025859964088050247,segment_matched_unconditional,,,,,,,,,,,,,,,
segment_state,trend_crossover,GLD,gold,neutral,20,2015-2016,,,,,493,493,-0.0017675066720370155,-0.001995492396011156,-0.10032180944927804,0.14756624152861453,235,258,0,12,-0.0003396800741833903,6.845292774126932e-05,segment_matched_unconditional,,,,,,,,,,,,,,,
segment_matched,trend_crossover,GLD,gold,all,1,2017-2018,,,,,502,502,5.2514986488928135e-05,-8.506665446783579e-05,-0.013908340150562304,0.017149348751176463,244,255,3,1,,,,,,,,,,,,,,,,,,
segment_state,trend_crossover,GLD,gold,bullish,1,2017-2018,,,,,7,7,0.0008840665034419556,0.0010648529772949722,-0.0010334373384740525,0.0019279098504501047,6,1,0,7,0.0008315515169530275,0.001149919631762808,segment_matched_unconditional,,,,,,,,,,,,,,,
segment_state,trend_crossover,GLD,gold,bearish,1,2017-2018,,,,,6,6,0.00012697953315700858,-2.8597365359095406e-07,-0.0009642034562475921,0.0017949026780688104,3,3,0,6,7.446454666808044e-05,8.478068081424484e-05,segment_matched_unconditional,,,,,,,,,,,,,,,
segment_state,trend_crossover,GLD,gold,neutral,1,2017-2018,,,,,489,489,3.969771062250753e-05,-0.00016764456129314542,-0.013908340150562304,0.017149348751176463,235,251,3,14,-1.2817275866420605e-05,-8.257790682530963e-05,segment_matched_unconditional,,,,,,,,,,,,,,,
segment_matched,trend_crossover,GLD,gold,all,5,2017-2018,,,,,502,502,0.0008005635181429432,0.0001656967432318579,-0.033298507332994554,0.03718610522316124,254,245,3,1,,,,,,,,,,,,,,,,,,
segment_state,trend_crossover,GLD,gold,bullish,5,2017-2018,,,,,7,7,0.00024191924491740697,-0.0017201759610331324,-0.01740213459154183,0.021527836381751264,2,5,0,7,-0.0005586442732255362,-0.0018858727042649903,segment_matched_unconditional,,,,,,,,,,,,,,,
segment_state,trend_crossover,GLD,gold,bearish,5,2017-2018,,,,,6,6,-0.004339297384801211,-0.004153810908979871,-0.01582959935409156,0.0037134142065908815,2,4,0,6,-0.005139860902944154,-0.004319507652211729,segment_matched_unconditional,,,,,,,,,,,,,,,
segment_state,trend_crossover,GLD,gold,neutral,5,2017-2018,,,,,489,489,0.0008716262488796378,0.0003454907233466642,-0.033298507332994554,0.03718610522316124,250,236,3,14,7.106273073669467e-05,0.0001797939801148063,segment_matched_unconditional,,,,,,,,,,,,,,,
segment_matched,trend_crossover,GLD,gold,all,20,2017-2018,,,,,502,502,0.0030462862625599703,-3.952163805159836e-05,-0.05997979617895943,0.0659949681868337,250,251,1,1,,,,,,,,,,,,,,,,,,
segment_state,trend_crossover,GLD,gold,bullish,20,2017-2018,,,,,7,7,0.006369630934394529,0.007149163827782967,-0.04300182919263762,0.0495576913582485,4,3,0,7,0.0033233446718345587,0.007188685465834566,segment_matched_unconditional,,,,,,,,,,,,,,,
segment_state,trend_crossover,GLD,gold,bearish,20,2017-2018,,,,,6,6,0.01300906244349781,0.0055596854865752054,-0.0122940845063515,0.05755759825960438,3,3,0,6,0.009962776180937839,0.005599207124626804,segment_matched_unconditional,,,,,,,,,,,,,,,
segment_state,trend_crossover,GLD,gold,neutral,20,2017-2018,,,,,489,489,0.0028764701689230196,-7.904327610319672e-05,-0.05997979617895943,0.0659949681868337,243,245,1,14,-0.00016981609363695077,-3.952163805159836e-05,segment_matched_unconditional,,,,,,,,,,,,,,,
segment_matched,trend_crossover,GLD,gold,all,1,2019-2020,,,,,505,505,4.1850707146141466e-06,0.000322770236656611,-0.0410922196820408,0.030131441990155494,264,240,1,1,,,,,,,,,,,,,,,,,,
segment_state,trend_crossover,GLD,gold,bullish,1,2019-2020,,,,,3,3,-0.002726263024284359,-0.0028609564517070307,-0.005626874962398665,0.00030904234125261887,1,2,0,3,-0.002730448094998973,-0.0031837266883636417,segment_matched_unconditional,,,,,,,,,,,,,,,
segment_state,trend_crossover,GLD,gold,bearish,1,2019-2020,,,,,4,4,0.0027554098173639685,0.0016807898777125851,-0.0007744885678869773,0.008434548081917681,3,1,0,4,0.0027512247466493544,0.0013580196410559742,segment_matched_unconditional,,,,,,,,,,,,,,,
segment_state,trend_crossover,GLD,gold,neutral,1,2019-2020,,,,,498,498,-1.4646375215314327e-06,0.0003732524410723359,-0.0410922196820408,0.030131441990155494,260,237,1,8,-5.649708236145579e-06,5.048220441572493e-05,segment_matched_unconditional,,,,,,,,,,,,,,,
segment_matched,trend_crossover,GLD,gold,all,5,2019-2020,,,,,505,505,0.0032845096223364637,0.0035390713782570415,-0.09659525053372087,0.0890483844889336,305,198,2,1,,,,,,,,,,,,,,,,,,
segment_state,trend_crossover,GLD,gold,bullish,5,2019-2020,,,,,3,3,0.0016253493780148398,-0.007925186222708991,-0.01971571311025133,0.03251694746700484,1,2,0,3,-0.001659160244321624,-0.011464257600966032,segment_matched_unconditional,,,,,,,,,,,,,,,
segment_state,trend_crossover,GLD,gold,bearish,5,2019-2020,,,,,4,4,0.012744927549024093,0.0072292270419587745,-0.016380204747018734,0.05290146085919756,2,2,0,4,0.00946041792668763,0.003690155663701733,segment_matched_unconditional,,,,,,,,,,,,,,,
segment_state,trend_crossover,GLD,gold,neutral,5,2019-2020,,,,,498,498,0.003218517270983481,0.003539812823672328,-0.09659525053372087,0.0890483844889336,302,194,2,8,-6.599235135298269e-05,7.414454152865346e-07,segment_matched_unconditional,,,,,,,,,,,,,,,
segment_matched,trend_crossover,GLD,gold,all,20,2019-2020,,,,,505,505,0.014268483607242588,0.006859829597752887,-0.1160252327422614,0.17337893665894177,286,217,2,1,,,,,,,,,,,,,,,,,,
segment_state,trend_crossover,GLD,gold,bullish,20,2019-2020,,,,,3,3,0.0274525277528674,0.0359361471147035,-0.010877686850611412,0.05729912299451012,2,1,0,3,0.013184044145624813,0.02907631751695061,segment_matched_unconditional,,,,,,,,,,,,,,,
segment_state,trend_crossover,GLD,gold,bearish,20,2019-2020,,,,,4,4,0.022189274103080664,0.013093715044766085,-0.028725873879022923,0.09129554020181341,3,1,0,4,0.007920790495838076,0.006233885447013199,segment_matched_unconditional,,,,,,,,,,,,,,,
segment_state,trend_crossover,GLD,gold,neutral,20,2019-2020,,,,,498,498,0.014125440847362615,0.0068027646773684,-0.1160252327422614,0.17337893665894177,281,215,2,8,-0.00014304275987997266,-5.7064920384486406e-05,segment_matched_unconditional,,,,,,,,,,,,,,,
segment_matched,trend_crossover,GLD,gold,all,1,2021-2022,,,,,503,503,-8.7861005496513e-06,-0.00011499351396238033,-0.029848277876936558,0.022180853472883344,247,253,3,1,,,,,,,,,,,,,,,,,,
segment_state,trend_crossover,GLD,gold,bullish,1,2021-2022,,,,,7,7,-0.0003378850748245256,-0.0013417162838647023,-0.008760876899855385,0.009918436806502617,3,4,0,7,-0.0003290989742748743,-0.001226722769902322,segment_matched_unconditional,,,,,,,,,,,,,,,
segment_state,trend_crossover,GLD,gold,bearish,1,2021-2022,,,,,6,6,0.0008874375511555196,-0.0017660727700132273,-0.0065143124299271715,0.011318423104673014,2,4,0,6,0.0008962236517051709,-0.001651079256050847,segment_matched_unconditional,,,,,,,,,,,,,,,
segment_state,trend_crossover,GLD,gold,neutral,1,2021-2022,,,,,490,490,-1.5058853795175595e-05,-3.0778845769796614e-05,-0.029848277876936558,0.022180853472883344,242,245,3,14,-6.272753245524296e-06,8.421466819258372e-05,segment_matched_unconditional,,,,,,,,,,,,,,,
segment_matched,trend_crossover,GLD,gold,all,5,2021-2022,,,,,503,503,-0.0001228397311042653,0.0017451471759761805,-0.05943399091880097,0.06317653536637025,267,236,0,1,,,,,,,,,,,,,,,,,,
segment_state,trend_crossover,GLD,gold,bullish,5,2021-2022,,,,,7,7,-0.008512372254884912,-0.020192226975058847,-0.04060835391982043,0.033669629124238654,3,4,0,7,-0.008389532523780647,-0.021937374151035027,segment_matched_unconditional,,,,,,,,,,,,,,,
segment_state,trend_crossover,GLD,gold,bearish,5,2021-2022,,,,,6,6,0.0017556298580276113,0.005963266067960271,-0.023147847079504236,0.026264267657431617,4,2,0,6,0.0018784695891318765,0.004218118891984091,segment_matched_unconditional,,,,,,,,,,,,,,,
segment_state,trend_crossover,GLD,gold,neutral,5,2021-2022,,,,,490,490,-2.5990934917177008e-05,0.0017073673622212127,-0.05943399091880097,0.06317653536637025,260,230,0,14,9.684879618708831e-05,-3.777981375496786e-05,segment_matched_unconditional,,,,,,,,,,,,,,,
segment_matched,trend_crossover,GLD,gold,all,20,2021-2022,,,,,503,503,0.0013212655572714764,0.002315265275152356,-0.0922828929482894,0.12586706428623584,262,240,1,1,,,,,,,,,,,,,,,,,,
segment_state,trend_crossover,GLD,gold,bullish,20,2021-2022,,,,,7,7,-0.006826972257720142,-0.013551364623674678,-0.05311586918218225,0.05649417707892557,3,4,0,7,-0.008148237814991618,-0.015866629898827034,segment_matched_unconditional,,,,,,,,,,,,,,,
segment_state,trend_crossover,GLD,gold,bearish,20,2021-2022,,,,,6,6,-0.004221488762079691,0.006735789084767907,-0.05496464655668987,0.027122738901920185,3,3,0,6,-0.0055427543193511675,0.004420523809615551,segment_matched_unconditional,,,,,,,,,,,,,,,
segment_state,trend_crossover,GLD,gold,neutral,20,2021-2022,,,,,490,490,0.0015055394156817791,0.0023165515796321756,-0.0922828929482894,0.12586706428623584,256,233,1,14,0.00018427385841030268,1.2863044798194778e-06,segment_matched_unconditional,,,,,,,,,,,,,,,
segment_matched,trend_crossover,GLD,gold,all,1,2023-2024,,,,,502,502,5.7051255134044344e-05,-5.44558516063498e-05,-0.022445557475713307,0.020726783847166974,243,255,4,1,,,,,,,,,,,,,,,,,,
segment_state,trend_crossover,GLD,gold,bullish,1,2023-2024,,,,,5,5,0.002302473515881398,0.0020046565537357175,-0.0053490678807522896,0.012597012092852689,3,2,0,5,0.002245422260747354,0.0020591124053420673,segment_matched_unconditional,,,,,,,,,,,,,,,
segment_state,trend_crossover,GLD,gold,bearish,1,2023-2024,,,,,6,6,5.622837339321526e-05,0.0012891878901633569,-0.006967630068795527,0.005196635637707336,3,3,0,6,-8.228817408290865e-07,0.0013436437417697067,segment_matched_unconditional,,,,,,,,,,,,,,,
segment_state,trend_crossover,GLD,gold,neutral,1,2023-2024,,,,,491,491,3.419550357947857e-05,-5.454921280068081e-05,-0.022445557475713307,0.020726783847166974,237,250,4,12,-2.285575155456577e-05,-9.336119433100976e-08,segment_matched_unconditional,,,,,,,,,,,,,,,
segment_matched,trend_crossover,GLD,gold,all,5,2023-2024,,,,,502,502,0.0029603210432044428,0.0013814804705689632,-0.04842017289413769,0.05150255927110181,264,238,0,1,,,,,,,,,,,,,,,,,,
segment_state,trend_crossover,GLD,gold,bullish,5,2023-2024,,,,,5,5,-0.002351509509030736,-0.005916545690389907,-0.016189815683707143,0.011427035020501464,2,3,0,5,-0.005311830552235179,-0.00729802616095887,segment_matched_unconditional,,,,,,,,,,,,,,,
segment_state,trend_crossover,GLD,gold,bearish,5,2023-2024,,,,,6,6,-0.0044583447674539185,-0.003556683825344187,-0.014550646559998937,0.007704076472871302,2,4,0,6,-0.007418665810658361,-0.00493816429591315,segment_matched_unconditional,,,,,,,,,,,,,,,
segment_state,trend_crossover,GLD,gold,neutral,5,2023-2024,,,,,491,491,0.003105068798041767,0.0016328946992216764,-0.04842017289413769,0.05150255927110181,260,231,0,12,0.00014474775483732435,0.00025141422865271323,segment_matched_unconditional,,,,,,,,,,,,,,,
segment_matched,trend_crossover,GLD,gold,all,20,2023-2024,,,,,502,502,0.013891286042531308,0.010050576863041116,-0.06389969456461952,0.11488046407134833,312,189,1,1,,,,,,,,,,,,,,,,,,
segment_state,trend_crossover,GLD,gold,bullish,20,2023-2024,,,,,5,5,0.020183287357820646,0.0202042715176729,-0.015040094713329677,0.06003814467984481,4,1,0,5,0.006292001315289338,0.010153694654631784,segment_matched_unconditional,,,,,,,,,,,,,,,
segment_state,trend_crossover,GLD,gold,bearish,20,2023-2024,,,,,6,6,0.015993403106460784,0.0007584565582023362,-0.031289323872288555,0.07306233235526527,3,3,0,6,0.002102117063929477,-0.00929212030483878,segment_matched_unconditional,,,,,,,,,,,,,,,
segment_state,trend_crossover,GLD,gold,neutral,20,2023-2024,,,,,491,491,0.013801524924486452,0.009897602826038687,-0.06389969456461952,0.11488046407134833,305,185,1,12,-8.976111804485584e-05,-0.00015297403700242906,segment_matched_unconditional,,,,,,,,,,,,,,,
class_signs,trend_alignment,SPY,equity,bullish,1,,,,,,1709,,,,,,,,,,-0.00011495649238322026,-4.2621640511275594e-05,matched_unconditional,,,,,,-,-,,,,,,,,
class_signs,trend_alignment,QQQ,equity,bullish,1,,,,,,1732,,,,,,,,,,-0.00013403371820469177,-0.00012822052037830822,matched_unconditional,,,,,,-,-,,,,,,,,
class_signs,trend_alignment,IWM,equity,bullish,1,,,,,,1580,,,,,,,,,,-2.1040079560131786e-05,8.864838815514364e-05,matched_unconditional,,,,,,-,+,,,,,,,,
class_signs,trend_alignment,TLT,treasury,bullish,1,,,,,,1161,,,,,,,,,,-8.905080729739088e-05,-5.349645935293079e-05,matched_unconditional,,,,,,-,-,,,,,,,,
class_signs,trend_alignment,GLD,gold,bullish,1,,,,,,1325,,,,,,,,,,9.558939907074987e-05,8.379805839109356e-05,matched_unconditional,,,,,,+,+,,,,,,,,
class_signs,trend_alignment,,equity,bullish,1,,,,,,3,,,,,,,,,,,,matched_unconditional,,,,,,---,--+,,,,,,,,
class_signs,trend_alignment,,gold,bullish,1,,,,,,1,,,,,,,,,,,,matched_unconditional,,,,,,+,+,,,,,,,,
class_signs,trend_alignment,,treasury,bullish,1,,,,,,1,,,,,,,,,,,,matched_unconditional,,,,,,-,-,,,,,,,,
class_signs,trend_alignment,SPY,equity,bullish,5,,,,,,1709,,,,,,,,,,-0.0004296258327344913,-0.00029404138268462887,matched_unconditional,,,,,,-,-,,,,,,,,
class_signs,trend_alignment,QQQ,equity,bullish,5,,,,,,1732,,,,,,,,,,-0.0014341307275555252,-0.0010360765923380644,matched_unconditional,,,,,,-,-,,,,,,,,
class_signs,trend_alignment,IWM,equity,bullish,5,,,,,,1580,,,,,,,,,,-0.0008120925076491098,-0.0011560636311156447,matched_unconditional,,,,,,-,-,,,,,,,,
class_signs,trend_alignment,TLT,treasury,bullish,5,,,,,,1161,,,,,,,,,,0.0008259995554655648,0.0005372347203080885,matched_unconditional,,,,,,+,+,,,,,,,,
class_signs,trend_alignment,GLD,gold,bullish,5,,,,,,1325,,,,,,,,,,0.0005901567751146032,0.0006878208361071891,matched_unconditional,,,,,,+,+,,,,,,,,
class_signs,trend_alignment,,equity,bullish,5,,,,,,3,,,,,,,,,,,,matched_unconditional,,,,,,---,---,,,,,,,,
class_signs,trend_alignment,,gold,bullish,5,,,,,,1,,,,,,,,,,,,matched_unconditional,,,,,,+,+,,,,,,,,
class_signs,trend_alignment,,treasury,bullish,5,,,,,,1,,,,,,,,,,,,matched_unconditional,,,,,,+,+,,,,,,,,
class_signs,trend_alignment,SPY,equity,bullish,20,,,,,,1709,,,,,,,,,,-0.0031265170226079386,-0.0015914688066061,matched_unconditional,,,,,,-,-,,,,,,,,
class_signs,trend_alignment,QQQ,equity,bullish,20,,,,,,1732,,,,,,,,,,-0.004827888059380779,-0.0027426993737122984,matched_unconditional,,,,,,-,-,,,,,,,,
class_signs,trend_alignment,IWM,equity,bullish,20,,,,,,1580,,,,,,,,,,-0.0044482728993459385,-0.0035926818149023543,matched_unconditional,,,,,,-,-,,,,,,,,
class_signs,trend_alignment,TLT,treasury,bullish,20,,,,,,1161,,,,,,,,,,0.0027512587408423665,4.8819037201108806e-05,matched_unconditional,,,,,,+,+,,,,,,,,
class_signs,trend_alignment,GLD,gold,bullish,20,,,,,,1325,,,,,,,,,,0.001214069562531529,0.0005881247751864382,matched_unconditional,,,,,,+,+,,,,,,,,
class_signs,trend_alignment,,equity,bullish,20,,,,,,3,,,,,,,,,,,,matched_unconditional,,,,,,---,---,,,,,,,,
class_signs,trend_alignment,,gold,bullish,20,,,,,,1,,,,,,,,,,,,matched_unconditional,,,,,,+,+,,,,,,,,
class_signs,trend_alignment,,treasury,bullish,20,,,,,,1,,,,,,,,,,,,matched_unconditional,,,,,,+,+,,,,,,,,
class_signs,trend_alignment,SPY,equity,bearish,1,,,,,,724,,,,,,,,,,0.0001256598737929648,6.323779817596353e-05,matched_unconditional,,,,,,+,+,,,,,,,,
class_signs,trend_alignment,QQQ,equity,bearish,1,,,,,,722,,,,,,,,,,0.0005064959693654159,0.000783944182841223,matched_unconditional,,,,,,+,+,,,,,,,,
class_signs,trend_alignment,IWM,equity,bearish,1,,,,,,850,,,,,,,,,,0.0001883025297659757,6.356371480720213e-06,matched_unconditional,,,,,,+,+,,,,,,,,
class_signs,trend_alignment,TLT,treasury,bearish,1,,,,,,1243,,,,,,,,,,-1.2753106910909058e-05,-3.793430650078644e-05,matched_unconditional,,,,,,-,-,,,,,,,,
class_signs,trend_alignment,GLD,gold,bearish,1,,,,,,1099,,,,,,,,,,-0.0001061120301060399,-8.302644840973983e-06,matched_unconditional,,,,,,-,-,,,,,,,,
class_signs,trend_alignment,,equity,bearish,1,,,,,,3,,,,,,,,,,,,matched_unconditional,,,,,,+++,+++,,,,,,,,
class_signs,trend_alignment,,gold,bearish,1,,,,,,1,,,,,,,,,,,,matched_unconditional,,,,,,-,-,,,,,,,,
class_signs,trend_alignment,,treasury,bearish,1,,,,,,1,,,,,,,,,,,,matched_unconditional,,,,,,-,-,,,,,,,,
class_signs,trend_alignment,SPY,equity,bearish,5,,,,,,724,,,,,,,,,,0.001321658087455298,0.001688522549118665,matched_unconditional,,,,,,+,+,,,,,,,,
class_signs,trend_alignment,QQQ,equity,bearish,5,,,,,,722,,,,,,,,,,0.0035608756981653734,0.004766802544375448,matched_unconditional,,,,,,+,+,,,,,,,,
class_signs,trend_alignment,IWM,equity,bearish,5,,,,,,850,,,,,,,,,,0.0014305823014613495,0.0023189811241776104,matched_unconditional,,,,,,+,+,,,,,,,,
class_signs,trend_alignment,TLT,treasury,bearish,5,,,,,,1243,,,,,,,,,,-0.0008917914672767772,-0.0006326772244333867,matched_unconditional,,,,,,-,-,,,,,,,,
class_signs,trend_alignment,GLD,gold,bearish,5,,,,,,1099,,,,,,,,,,-0.0004184996466043997,-0.00044675652711423375,matched_unconditional,,,,,,-,-,,,,,,,,
class_signs,trend_alignment,,equity,bearish,5,,,,,,3,,,,,,,,,,,,matched_unconditional,,,,,,+++,+++,,,,,,,,
class_signs,trend_alignment,,gold,bearish,5,,,,,,1,,,,,,,,,,,,matched_unconditional,,,,,,-,-,,,,,,,,
class_signs,trend_alignment,,treasury,bearish,5,,,,,,1,,,,,,,,,,,,matched_unconditional,,,,,,-,-,,,,,,,,
class_signs,trend_alignment,SPY,equity,bearish,20,,,,,,724,,,,,,,,,,0.008166498598255065,0.005907752508122921,matched_unconditional,,,,,,+,+,,,,,,,,
class_signs,trend_alignment,QQQ,equity,bearish,20,,,,,,722,,,,,,,,,,0.012303158492831328,0.010200693372311553,matched_unconditional,,,,,,+,+,,,,,,,,
class_signs,trend_alignment,IWM,equity,bearish,20,,,,,,850,,,,,,,,,,0.008756069141990933,0.00749258803931685,matched_unconditional,,,,,,+,+,,,,,,,,
class_signs,trend_alignment,TLT,treasury,bearish,20,,,,,,1243,,,,,,,,,,-0.0027368912041733987,-0.0019392900099621802,matched_unconditional,,,,,,-,-,,,,,,,,
class_signs,trend_alignment,GLD,gold,bearish,20,,,,,,1099,,,,,,,,,,-0.0015344182311110757,-0.001155033050556309,matched_unconditional,,,,,,-,-,,,,,,,,
class_signs,trend_alignment,,equity,bearish,20,,,,,,3,,,,,,,,,,,,matched_unconditional,,,,,,+++,+++,,,,,,,,
class_signs,trend_alignment,,gold,bearish,20,,,,,,1,,,,,,,,,,,,matched_unconditional,,,,,,-,-,,,,,,,,
class_signs,trend_alignment,,treasury,bearish,20,,,,,,1,,,,,,,,,,,,matched_unconditional,,,,,,-,-,,,,,,,,
class_signs,trend_alignment,SPY,equity,neutral,1,,,,,,83,,,,,,,,,,0.0012708782753833362,0.0006556129017080137,matched_unconditional,,,,,,+,+,,,,,,,,
class_signs,trend_alignment,QQQ,equity,neutral,1,,,,,,62,,,,,,,,,,-0.00215393048308555,-0.001450916617378839,matched_unconditional,,,,,,-,-,,,,,,,,
class_signs,trend_alignment,IWM,equity,neutral,1,,,,,,86,,,,,,,,,,-0.0014745793557682687,-0.001812581792234369,matched_unconditional,,,,,,-,-,,,,,,,,
class_signs,trend_alignment,TLT,treasury,neutral,1,,,,,,112,,,,,,,,,,0.0010646437425225962,0.0009953167250081885,matched_unconditional,,,,,,+,+,,,,,,,,
class_signs,trend_alignment,GLD,gold,neutral,1,,,,,,92,,,,,,,,,,-0.00010911774654571424,-0.0001355474309717719,matched_unconditional,,,,,,-,-,,,,,,,,
class_signs,trend_alignment,,equity,neutral,1,,,,,,3,,,,,,,,,,,,matched_unconditional,,,,,,+--,+--,,,,,,,,
class_signs,trend_alignment,,gold,neutral,1,,,,,,1,,,,,,,,,,,,matched_unconditional,,,,,,-,-,,,,,,,,
class_signs,trend_alignment,,treasury,neutral,1,,,,,,1,,,,,,,,,,,,matched_unconditional,,,,,,+,+,,,,,,,,
class_signs,trend_alignment,SPY,equity,neutral,5,,,,,,83,,,,,,,,,,-0.0026825290021010913,0.0005970717489893751,matched_unconditional,,,,,,-,+,,,,,,,,
class_signs,trend_alignment,QQQ,equity,neutral,5,,,,,,62,,,,,,,,,,-0.0014038360314391927,-0.002917804790269707,matched_unconditional,,,,,,-,-,,,,,,,,
class_signs,trend_alignment,IWM,equity,neutral,5,,,,,,86,,,,,,,,,,0.0007803628586447184,0.0038549795219011695,matched_unconditional,,,,,,+,+,,,,,,,,
class_signs,trend_alignment,TLT,treasury,neutral,5,,,,,,112,,,,,,,,,,0.0013349224100849416,0.0001114178876560068,matched_unconditional,,,,,,+,+,,,,,,,,
class_signs,trend_alignment,GLD,gold,neutral,5,,,,,,92,,,,,,,,,,-0.003500289297919716,-0.003979014529839842,matched_unconditional,,,,,,-,-,,,,,,,,
class_signs,trend_alignment,,equity,neutral,5,,,,,,3,,,,,,,,,,,,matched_unconditional,,,,,,--+,+-+,,,,,,,,
class_signs,trend_alignment,,gold,neutral,5,,,,,,1,,,,,,,,,,,,matched_unconditional,,,,,,-,-,,,,,,,,
class_signs,trend_alignment,,treasury,neutral,5,,,,,,1,,,,,,,,,,,,matched_unconditional,,,,,,+,+,,,,,,,,
class_signs,trend_alignment,SPY,equity,neutral,20,,,,,,83,,,,,,,,,,-0.006859366186743349,-0.006772193317005959,matched_unconditional,,,,,,-,-,,,,,,,,
class_signs,trend_alignment,QQQ,equity,neutral,20,,,,,,62,,,,,,,,,,-0.008402876015753334,-0.005034848190817454,matched_unconditional,,,,,,-,-,,,,,,,,
class_signs,trend_alignment,IWM,equity,neutral,20,,,,,,86,,,,,,,,,,-0.004818460345647797,-0.003966594619586816,matched_unconditional,,,,,,-,-,,,,,,,,
class_signs,trend_alignment,TLT,treasury,neutral,20,,,,,,112,,,,,,,,,,0.0018548604345495255,0.004828569879090305,matched_unconditional,,,,,,+,+,,,,,,,,
class_signs,trend_alignment,GLD,gold,neutral,20,,,,,,92,,,,,,,,,,0.0008443854960521399,-0.0013328106471652834,matched_unconditional,,,,,,+,-,,,,,,,,
class_signs,trend_alignment,,equity,neutral,20,,,,,,3,,,,,,,,,,,,matched_unconditional,,,,,,---,---,,,,,,,,
class_signs,trend_alignment,,gold,neutral,20,,,,,,1,,,,,,,,,,,,matched_unconditional,,,,,,+,-,,,,,,,,
class_signs,trend_alignment,,treasury,neutral,20,,,,,,1,,,,,,,,,,,,matched_unconditional,,,,,,+,+,,,,,,,,
class_signs,momentum_in_trend_context,SPY,equity,bullish,1,,,,,,1189,,,,,,,,,,-2.885445779442008e-05,-5.03538557840022e-05,matched_unconditional,,,,,,-,-,,,,,,,,
class_signs,momentum_in_trend_context,QQQ,equity,bullish,1,,,,,,1187,,,,,,,,,,-0.0002146662099039651,-0.0003017505335688453,matched_unconditional,,,,,,-,-,,,,,,,,
class_signs,momentum_in_trend_context,IWM,equity,bullish,1,,,,,,874,,,,,,,,,,-0.0004517655784863107,-0.00027666159011685565,matched_unconditional,,,,,,-,-,,,,,,,,
class_signs,momentum_in_trend_context,TLT,treasury,bullish,1,,,,,,599,,,,,,,,,,3.705749651385086e-05,7.213304394160236e-05,matched_unconditional,,,,,,+,+,,,,,,,,
class_signs,momentum_in_trend_context,GLD,gold,bullish,1,,,,,,787,,,,,,,,,,1.3409076098677627e-05,3.9909053684006324e-05,matched_unconditional,,,,,,+,+,,,,,,,,
class_signs,momentum_in_trend_context,,equity,bullish,1,,,,,,3,,,,,,,,,,,,matched_unconditional,,,,,,---,---,,,,,,,,
class_signs,momentum_in_trend_context,,gold,bullish,1,,,,,,1,,,,,,,,,,,,matched_unconditional,,,,,,+,+,,,,,,,,
class_signs,momentum_in_trend_context,,treasury,bullish,1,,,,,,1,,,,,,,,,,,,matched_unconditional,,,,,,+,+,,,,,,,,
class_signs,momentum_in_trend_context,SPY,equity,bullish,5,,,,,,1189,,,,,,,,,,-0.00045750107480129355,-0.0005291110194449722,matched_unconditional,,,,,,-,-,,,,,,,,
class_signs,momentum_in_trend_context,QQQ,equity,bullish,5,,,,,,1187,,,,,,,,,,-0.001205109000086625,-0.0014823009350265481,matched_unconditional,,,,,,-,-,,,,,,,,
class_signs,momentum_in_trend_context,IWM,equity,bullish,5,,,,,,874,,,,,,,,,,-0.001848514634343022,-0.002393394829486195,matched_unconditional,,,,,,-,-,,,,,,,,
class_signs,momentum_in_trend_context,TLT,treasury,bullish,5,,,,,,599,,,,,,,,,,0.0006351105161601681,0.0007199158035169351,matched_unconditional,,,,,,+,+,,,,,,,,
class_signs,momentum_in_trend_context,GLD,gold,bullish,5,,,,,,787,,,,,,,,,,0.0004653289528261228,0.0012530275172788485,matched_unconditional,,,,,,+,+,,,,,,,,
class_signs,momentum_in_trend_context,,equity,bullish,5,,,,,,3,,,,,,,,,,,,matched_unconditional,,,,,,---,---,,,,,,,,
class_signs,momentum_in_trend_context,,gold,bullish,5,,,,,,1,,,,,,,,,,,,matched_unconditional,,,,,,+,+,,,,,,,,
class_signs,momentum_in_trend_context,,treasury,bullish,5,,,,,,1,,,,,,,,,,,,matched_unconditional,,,,,,+,+,,,,,,,,
class_signs,momentum_in_trend_context,SPY,equity,bullish,20,,,,,,1189,,,,,,,,,,-0.004319961287942114,-0.0034434706868056164,matched_unconditional,,,,,,-,-,,,,,,,,
class_signs,momentum_in_trend_context,QQQ,equity,bullish,20,,,,,,1187,,,,,,,,,,-0.005542078914740357,-0.004166747043579999,matched_unconditional,,,,,,-,-,,,,,,,,
class_signs,momentum_in_trend_context,IWM,equity,bullish,20,,,,,,874,,,,,,,,,,-0.008744355170411576,-0.009772947813171506,matched_unconditional,,,,,,-,-,,,,,,,,
class_signs,momentum_in_trend_context,TLT,treasury,bullish,20,,,,,,599,,,,,,,,,,0.0017452766854924085,-0.0031566302368783994,matched_unconditional,,,,,,+,-,,,,,,,,
class_signs,momentum_in_trend_context,GLD,gold,bullish,20,,,,,,787,,,,,,,,,,0.00010746950407777671,0.0005881247751864382,matched_unconditional,,,,,,+,+,,,,,,,,
class_signs,momentum_in_trend_context,,equity,bullish,20,,,,,,3,,,,,,,,,,,,matched_unconditional,,,,,,---,---,,,,,,,,
class_signs,momentum_in_trend_context,,gold,bullish,20,,,,,,1,,,,,,,,,,,,matched_unconditional,,,,,,+,+,,,,,,,,
class_signs,momentum_in_trend_context,,treasury,bullish,20,,,,,,1,,,,,,,,,,,,matched_unconditional,,,,,,+,-,,,,,,,,
class_signs,momentum_in_trend_context,SPY,equity,bearish,1,,,,,,279,,,,,,,,,,0.0009448169508484751,0.0008673387405472299,matched_unconditional,,,,,,+,+,,,,,,,,
class_signs,momentum_in_trend_context,QQQ,equity,bearish,1,,,,,,288,,,,,,,,,,0.0006474190235397394,0.0009372863743903892,matched_unconditional,,,,,,+,+,,,,,,,,
class_signs,momentum_in_trend_context,IWM,equity,bearish,1,,,,,,382,,,,,,,,,,0.00033006563315182155,0.0003473920914165429,matched_unconditional,,,,,,+,+,,,,,,,,
class_signs,momentum_in_trend_context,TLT,treasury,bearish,1,,,,,,696,,,,,,,,,,-3.4381012681702038e-06,6.856006602251608e-05,matched_unconditional,,,,,,-,+,,,,,,,,
class_signs,momentum_in_trend_context,GLD,gold,bearish,1,,,,,,496,,,,,,,,,,-6.293344950811908e-05,2.5811324712188277e-05,matched_unconditional,,,,,,-,+,,,,,,,,
class_signs,momentum_in_trend_context,,equity,bearish,1,,,,,,3,,,,,,,,,,,,matched_unconditional,,,,,,+++,+++,,,,,,,,
class_signs,momentum_in_trend_context,,gold,bearish,1,,,,,,1,,,,,,,,,,,,matched_unconditional,,,,,,-,+,,,,,,,,
class_signs,momentum_in_trend_context,,treasury,bearish,1,,,,,,1,,,,,,,,,,,,matched_unconditional,,,,,,-,+,,,,,,,,
class_signs,momentum_in_trend_context,SPY,equity,bearish,5,,,,,,279,,,,,,,,,,0.0037479070306848388,0.005877896670435145,matched_unconditional,,,,,,+,+,,,,,,,,
class_signs,momentum_in_trend_context,QQQ,equity,bearish,5,,,,,,288,,,,,,,,,,0.005905410228235551,0.007323447251611048,matched_unconditional,,,,,,+,+,,,,,,,,
class_signs,momentum_in_trend_context,IWM,equity,bearish,5,,,,,,382,,,,,,,,,,-9.07999433034819e-05,0.0038154518451902764,matched_unconditional,,,,,,-,+,,,,,,,,
class_signs,momentum_in_trend_context,TLT,treasury,bearish,5,,,,,,696,,,,,,,,,,-0.0014008102649633292,-0.001151290033601926,matched_unconditional,,,,,,-,-,,,,,,,,
class_signs,momentum_in_trend_context,GLD,gold,bearish,5,,,,,,496,,,,,,,,,,-0.00036739245271043134,0.0007029750590197281,matched_unconditional,,,,,,-,+,,,,,,,,
class_signs,momentum_in_trend_context,,equity,bearish,5,,,,,,3,,,,,,,,,,,,matched_unconditional,,,,,,++-,+++,,,,,,,,
class_signs,momentum_in_trend_context,,gold,bearish,5,,,,,,1,,,,,,,,,,,,matched_unconditional,,,,,,-,+,,,,,,,,
class_signs,momentum_in_trend_context,,treasury,bearish,5,,,,,,1,,,,,,,,,,,,matched_unconditional,,,,,,-,-,,,,,,,,
class_signs,momentum_in_trend_context,SPY,equity,bearish,20,,,,,,279,,,,,,,,,,0.01568278843087734,0.010390457889839055,matched_unconditional,,,,,,+,+,,,,,,,,
class_signs,momentum_in_trend_context,QQQ,equity,bearish,20,,,,,,288,,,,,,,,,,0.013922535702711505,0.009032069825278932,matched_unconditional,,,,,,+,+,,,,,,,,
class_signs,momentum_in_trend_context,IWM,equity,bearish,20,,,,,,382,,,,,,,,,,0.004706261365031553,0.0016762770500204915,matched_unconditional,,,,,,+,+,,,,,,,,
class_signs,momentum_in_trend_context,TLT,treasury,bearish,20,,,,,,696,,,,,,,,,,-0.006463857536971554,-0.004586746696833621,matched_unconditional,,,,,,-,-,,,,,,,,
class_signs,momentum_in_trend_context,GLD,gold,bearish,20,,,,,,496,,,,,,,,,,-0.00044321604328491186,0.0011331307375276323,matched_unconditional,,,,,,-,+,,,,,,,,
class_signs,momentum_in_trend_context,,equity,bearish,20,,,,,,3,,,,,,,,,,,,matched_unconditional,,,,,,+++,+++,,,,,,,,
class_signs,momentum_in_trend_context,,gold,bearish,20,,,,,,1,,,,,,,,,,,,matched_unconditional,,,,,,-,+,,,,,,,,
class_signs,momentum_in_trend_context,,treasury,bearish,20,,,,,,1,,,,,,,,,,,,matched_unconditional,,,,,,-,-,,,,,,,,
class_signs,momentum_in_trend_context,SPY,equity,neutral,1,,,,,,1048,,,,,,,,,,-0.0002187938730621747,-4.434243732975851e-06,matched_unconditional,,,,,,-,-,,,,,,,,
class_signs,momentum_in_trend_context,QQQ,equity,neutral,1,,,,,,1041,,,,,,,,,,6.566005031369992e-05,0.0005585111570430845,matched_unconditional,,,,,,+,+,,,,,,,,
class_signs,momentum_in_trend_context,IWM,equity,neutral,1,,,,,,1260,,,,,,,,,,0.00021330003470876167,0.00014036918151627553,matched_unconditional,,,,,,+,+,,,,,,,,
class_signs,momentum_in_trend_context,TLT,treasury,neutral,1,,,,,,1221,,,,,,,,,,-1.6219919679893698e-05,-6.769772144410435e-05,matched_unconditional,,,,,,-,-,,,,,,,,
class_signs,momentum_in_trend_context,GLD,gold,neutral,1,,,,,,1233,,,,,,,,,,1.675754101084167e-05,-3.97766380355602e-05,matched_unconditional,,,,,,+,-,,,,,,,,
class_signs,momentum_in_trend_context,,equity,neutral,1,,,,,,3,,,,,,,,,,,,matched_unconditional,,,,,,-++,-++,,,,,,,,
class_signs,momentum_in_trend_context,,gold,neutral,1,,,,,,1,,,,,,,,,,,,matched_unconditional,,,,,,+,-,,,,,,,,
class_signs,momentum_in_trend_context,,treasury,neutral,1,,,,,,1,,,,,,,,,,,,matched_unconditional,,,,,,-,-,,,,,,,,
class_signs,momentum_in_trend_context,SPY,equity,neutral,5,,,,,,1048,,,,,,,,,,-0.0004787187820823786,0.0005280593505972986,matched_unconditional,,,,,,-,+,,,,,,,,
class_signs,momentum_in_trend_context,QQQ,equity,neutral,5,,,,,,1041,,,,,,,,,,-0.0002596481869635114,0.0012364311591147592,matched_unconditional,,,,,,-,+,,,,,,,,
class_signs,momentum_in_trend_context,IWM,equity,neutral,5,,,,,,1260,,,,,,,,,,0.001309751879966453,0.0011967676618256373,matched_unconditional,,,,,,+,+,,,,,,,,
class_signs,momentum_in_trend_context,TLT,treasury,neutral,5,,,,,,1221,,,,,,,,,,0.00048692280526989085,0.00017560930942450703,matched_unconditional,,,,,,+,+,,,,,,,,
class_signs,momentum_in_trend_context,GLD,gold,neutral,5,,,,,,1233,,,,,,,,,,-0.000149219164095527,-0.0009217082829966472,matched_unconditional,,,,,,-,-,,,,,,,,
class_signs,momentum_in_trend_context,,equity,neutral,5,,,,,,3,,,,,,,,,,,,matched_unconditional,,,,,,--+,+++,,,,,,,,
class_signs,momentum_in_trend_context,,gold,neutral,5,,,,,,1,,,,,,,,,,,,matched_unconditional,,,,,,-,-,,,,,,,,
class_signs,momentum_in_trend_context,,treasury,neutral,5,,,,,,1,,,,,,,,,,,,matched_unconditional,,,,,,+,+,,,,,,,,
class_signs,momentum_in_trend_context,SPY,equity,neutral,20,,,,,,1048,,,,,,,,,,0.0007260839686530508,0.002537817398338693,matched_unconditional,,,,,,+,+,,,,,,,,
class_signs,momentum_in_trend_context,QQQ,equity,neutral,20,,,,,,1041,,,,,,,,,,0.0024675863491026833,0.0031754634727945152,matched_unconditional,,,,,,+,+,,,,,,,,
class_signs,momentum_in_trend_context,IWM,equity,neutral,20,,,,,,1260,,,,,,,,,,0.0046387099821410035,0.007381836232979833,matched_unconditional,,,,,,+,+,,,,,,,,
class_signs,momentum_in_trend_context,TLT,treasury,neutral,20,,,,,,1221,,,,,,,,,,0.0028283571753662975,0.004084878348722287,matched_unconditional,,,,,,+,+,,,,,,,,
class_signs,momentum_in_trend_context,GLD,gold,neutral,20,,,,,,1233,,,,,,,,,,0.0001096972082401523,-0.0013743987436984906,matched_unconditional,,,,,,+,-,,,,,,,,
class_signs,momentum_in_trend_context,,equity,neutral,20,,,,,,3,,,,,,,,,,,,matched_unconditional,,,,,,+++,+++,,,,,,,,
class_signs,momentum_in_trend_context,,gold,neutral,20,,,,,,1,,,,,,,,,,,,matched_unconditional,,,,,,+,-,,,,,,,,
class_signs,momentum_in_trend_context,,treasury,neutral,20,,,,,,1,,,,,,,,,,,,matched_unconditional,,,,,,+,+,,,,,,,,
class_signs,trend_crossover,SPY,equity,bullish,1,,,,,,25,,,,,,,,,,0.0006982237466053846,0.0007492080671690493,matched_unconditional,,,,,,+,+,,,,,,,,
class_signs,trend_crossover,QQQ,equity,bullish,1,,,,,,25,,,,,,,,,,0.0009769818749342208,0.00030585163546492655,matched_unconditional,,,,,,+,+,,,,,,,,
class_signs,trend_crossover,IWM,equity,bullish,1,,,,,,29,,,,,,,,,,0.000931030740071003,0.000952708077182951,matched_unconditional,,,,,,+,+,,,,,,,,
class_signs,trend_crossover,TLT,treasury,bullish,1,,,,,,28,,,,,,,,,,0.0003815781695268556,-0.0005770702333006694,matched_unconditional,,,,,,+,-,,,,,,,,
class_signs,trend_crossover,GLD,gold,bullish,1,,,,,,27,,,,,,,,,,-0.00015713561326656934,0.00023997163191646909,matched_unconditional,,,,,,-,+,,,,,,,,
class_signs,trend_crossover,,equity,bullish,1,,,,,,3,,,,,,,,,,,,matched_unconditional,,,,,,+++,+++,,,,,,,,
class_signs,trend_crossover,,gold,bullish,1,,,,,,1,,,,,,,,,,,,matched_unconditional,,,,,,-,+,,,,,,,,
class_signs,trend_crossover,,treasury,bullish,1,,,,,,1,,,,,,,,,,,,matched_unconditional,,,,,,+,-,,,,,,,,
class_signs,trend_crossover,SPY,equity,bullish,5,,,,,,25,,,,,,,,,,-0.0014463080624885646,-0.0011880581086205488,matched_unconditional,,,,,,-,-,,,,,,,,
class_signs,trend_crossover,QQQ,equity,bullish,5,,,,,,25,,,,,,,,,,0.00012008376217809234,0.000317607878666748,matched_unconditional,,,,,,+,+,,,,,,,,
class_signs,trend_crossover,IWM,equity,bullish,5,,,,,,29,,,,,,,,,,0.004311790953433701,0.007967151547786488,matched_unconditional,,,,,,+,+,,,,,,,,
class_signs,trend_crossover,TLT,treasury,bullish,5,,,,,,28,,,,,,,,,,0.004799804711971816,0.004421659739228034,matched_unconditional,,,,,,+,+,,,,,,,,
class_signs,trend_crossover,GLD,gold,bullish,5,,,,,,27,,,,,,,,,,-0.004334108495667762,-0.005884025713609242,matched_unconditional,,,,,,-,-,,,,,,,,
class_signs,trend_crossover,,equity,bullish,5,,,,,,3,,,,,,,,,,,,matched_unconditional,,,,,,-++,-++,,,,,,,,
class_signs,trend_crossover,,gold,bullish,5,,,,,,1,,,,,,,,,,,,matched_unconditional,,,,,,-,-,,,,,,,,
class_signs,trend_crossover,,treasury,bullish,5,,,,,,1,,,,,,,,,,,,matched_unconditional,,,,,,+,+,,,,,,,,
class_signs,trend_crossover,SPY,equity,bullish,20,,,,,,25,,,,,,,,,,-0.0029076183051125115,-0.004123534872899182,matched_unconditional,,,,,,-,-,,,,,,,,
class_signs,trend_crossover,QQQ,equity,bullish,20,,,,,,25,,,,,,,,,,-0.004050175559516948,0.004100788482879647,matched_unconditional,,,,,,-,+,,,,,,,,
class_signs,trend_crossover,IWM,equity,bullish,20,,,,,,29,,,,,,,,,,0.006643408209742543,-0.012127897280385214,matched_unconditional,,,,,,+,-,,,,,,,,
class_signs,trend_crossover,TLT,treasury,bullish,20,,,,,,28,,,,,,,,,,0.001566466973664707,0.002460962062587002,matched_unconditional,,,,,,+,+,,,,,,,,
class_signs,trend_crossover,GLD,gold,bullish,20,,,,,,27,,,,,,,,,,0.0037433815957904956,0.009629078075229058,matched_unconditional,,,,,,+,+,,,,,,,,
class_signs,trend_crossover,,equity,bullish,20,,,,,,3,,,,,,,,,,,,matched_unconditional,,,,,,--+,-+-,,,,,,,,
class_signs,trend_crossover,,gold,bullish,20,,,,,,1,,,,,,,,,,,,matched_unconditional,,,,,,+,+,,,,,,,,
class_signs,trend_crossover,,treasury,bullish,20,,,,,,1,,,,,,,,,,,,matched_unconditional,,,,,,+,+,,,,,,,,
class_signs,trend_crossover,SPY,equity,bearish,1,,,,,,25,,,,,,,,,,0.002796059834603413,0.00130375469901034,matched_unconditional,,,,,,+,+,,,,,,,,
class_signs,trend_crossover,QQQ,equity,bearish,1,,,,,,25,,,,,,,,,,-0.0035173420941387854,-0.0031268910017235862,matched_unconditional,,,,,,-,-,,,,,,,,
class_signs,trend_crossover,IWM,equity,bearish,1,,,,,,30,,,,,,,,,,0.0004405322776272956,-7.095074641605414e-05,matched_unconditional,,,,,,+,-,,,,,,,,
class_signs,trend_crossover,TLT,treasury,bearish,1,,,,,,29,,,,,,,,,,0.0009774412106300367,0.0019513698474163954,matched_unconditional,,,,,,+,+,,,,,,,,
class_signs,trend_crossover,GLD,gold,bearish,1,,,,,,28,,,,,,,,,,0.0005659778976079595,8.35120847375026e-05,matched_unconditional,,,,,,+,+,,,,,,,,
class_signs,trend_crossover,,equity,bearish,1,,,,,,3,,,,,,,,,,,,matched_unconditional,,,,,,+-+,+--,,,,,,,,
class_signs,trend_crossover,,gold,bearish,1,,,,,,1,,,,,,,,,,,,matched_unconditional,,,,,,+,+,,,,,,,,
class_signs,trend_crossover,,treasury,bearish,1,,,,,,1,,,,,,,,,,,,matched_unconditional,,,,,,+,+,,,,,,,,
class_signs,trend_crossover,SPY,equity,bearish,5,,,,,,25,,,,,,,,,,-0.005961584470345525,0.0026017097276820333,matched_unconditional,,,,,,-,+,,,,,,,,
class_signs,trend_crossover,QQQ,equity,bearish,5,,,,,,25,,,,,,,,,,-0.006268428465484387,-0.004086340156768897,matched_unconditional,,,,,,-,-,,,,,,,,
class_signs,trend_crossover,IWM,equity,bearish,5,,,,,,30,,,,,,,,,,-0.004165406114104875,0.002548583329228249,matched_unconditional,,,,,,-,+,,,,,,,,
class_signs,trend_crossover,TLT,treasury,bearish,5,,,,,,29,,,,,,,,,,-0.0019191504765713172,0.0018914406999503974,matched_unconditional,,,,,,-,+,,,,,,,,
class_signs,trend_crossover,GLD,gold,bearish,5,,,,,,28,,,,,,,,,,-0.0011768352878310808,-0.0013077516068376593,matched_unconditional,,,,,,-,-,,,,,,,,
class_signs,trend_crossover,,equity,bearish,5,,,,,,3,,,,,,,,,,,,matched_unconditional,,,,,,---,+-+,,,,,,,,
class_signs,trend_crossover,,gold,bearish,5,,,,,,1,,,,,,,,,,,,matched_unconditional,,,,,,-,-,,,,,,,,
class_signs,trend_crossover,,treasury,bearish,5,,,,,,1,,,,,,,,,,,,matched_unconditional,,,,,,-,+,,,,,,,,
class_signs,trend_crossover,SPY,equity,bearish,20,,,,,,25,,,,,,,,,,-0.01445424854037753,-0.019317440377910056,matched_unconditional,,,,,,-,-,,,,,,,,
class_signs,trend_crossover,QQQ,equity,bearish,20,,,,,,25,,,,,,,,,,0.0012643221267485232,0.008975502546221481,matched_unconditional,,,,,,+,+,,,,,,,,
class_signs,trend_crossover,IWM,equity,bearish,20,,,,,,30,,,,,,,,,,-0.001516620237619639,0.01571939025372804,matched_unconditional,,,,,,-,+,,,,,,,,
class_signs,trend_crossover,TLT,treasury,bearish,20,,,,,,29,,,,,,,,,,0.0036994490163398206,0.006625151902286297,matched_unconditional,,,,,,+,+,,,,,,,,
class_signs,trend_crossover,GLD,gold,bearish,20,,,,,,28,,,,,,,,,,0.004500701477706169,-0.003287230621298598,matched_unconditional,,,,,,+,-,,,,,,,,
class_signs,trend_crossover,,equity,bearish,20,,,,,,3,,,,,,,,,,,,matched_unconditional,,,,,,-+-,-++,,,,,,,,
class_signs,trend_crossover,,gold,bearish,20,,,,,,1,,,,,,,,,,,,matched_unconditional,,,,,,+,-,,,,,,,,
class_signs,trend_crossover,,treasury,bearish,20,,,,,,1,,,,,,,,,,,,matched_unconditional,,,,,,+,+,,,,,,,,
class_signs,trend_crossover,SPY,equity,neutral,1,,,,,,2466,,,,,,,,,,-3.542461051509325e-05,-9.889169968801959e-06,matched_unconditional,,,,,,-,-,,,,,,,,
class_signs,trend_crossover,QQQ,equity,neutral,1,,,,,,2466,,,,,,,,,,2.5753854614807032e-05,2.271509870710453e-05,matched_unconditional,,,,,,+,+,,,,,,,,
class_signs,trend_crossover,IWM,equity,neutral,1,,,,,,2457,,,,,,,,,,-1.6367871302758636e-05,-4.123831207358819e-05,matched_unconditional,,,,,,-,-,,,,,,,,
class_signs,trend_crossover,TLT,treasury,neutral,1,,,,,,2459,,,,,,,,,,-1.5872299249704362e-05,-1.1305077310952427e-06,matched_unconditional,,,,,,-,-,,,,,,,,
class_signs,trend_crossover,GLD,gold,neutral,1,,,,,,2461,,,,,,,,,,-4.715448831704792e-06,-7.022114556498593e-09,matched_unconditional,,,,,,-,-,,,,,,,,
class_signs,trend_crossover,,equity,neutral,1,,,,,,3,,,,,,,,,,,,matched_unconditional,,,,,,-+-,-+-,,,,,,,,
class_signs,trend_crossover,,gold,neutral,1,,,,,,1,,,,,,,,,,,,matched_unconditional,,,,,,-,-,,,,,,,,
class_signs,trend_crossover,,treasury,neutral,1,,,,,,1,,,,,,,,,,,,matched_unconditional,,,,,,-,-,,,,,,,,
class_signs,trend_crossover,SPY,equity,neutral,5,,,,,,2466,,,,,,,,,,7.510028926230794e-05,-5.432567024343804e-06,matched_unconditional,,,,,,+,-,,,,,,,,
class_signs,trend_crossover,QQQ,equity,neutral,5,,,,,,2466,,,,,,,,,,6.233115068234301e-05,2.5655575077498938e-05,matched_unconditional,,,,,,+,+,,,,,,,,
class_signs,trend_crossover,IWM,equity,neutral,5,,,,,,2457,,,,,,,,,,-3.2460002617664546e-08,-0.0002156556548243982,matched_unconditional,,,,,,-,-,,,,,,,,
class_signs,trend_crossover,TLT,treasury,neutral,5,,,,,,2459,,,,,,,,,,-3.202080850534466e-05,-0.00010697639554702043,matched_unconditional,,,,,,-,-,,,,,,,,
class_signs,trend_crossover,GLD,gold,neutral,5,,,,,,2461,,,,,,,,,,6.093958449504273e-05,0.000211198748115482,matched_unconditional,,,,,,+,+,,,,,,,,
class_signs,trend_crossover,,equity,neutral,5,,,,,,3,,,,,,,,,,,,matched_unconditional,,,,,,++-,-+-,,,,,,,,
class_signs,trend_crossover,,gold,neutral,5,,,,,,1,,,,,,,,,,,,matched_unconditional,,,,,,+,+,,,,,,,,
class_signs,trend_crossover,,treasury,neutral,5,,,,,,1,,,,,,,,,,,,matched_unconditional,,,,,,-,-,,,,,,,,
class_signs,trend_crossover,SPY,equity,neutral,20,,,,,,2466,,,,,,,,,,0.00017601243760634842,0.00011230299513531605,matched_unconditional,,,,,,+,+,,,,,,,,
class_signs,trend_crossover,QQQ,equity,neutral,20,,,,,,2466,,,,,,,,,,2.8242634152153903e-05,-7.82125220776253e-05,matched_unconditional,,,,,,+,-,,,,,,,,
class_signs,trend_crossover,IWM,equity,neutral,20,,,,,,2457,,,,,,,,,,-5.9894273892529756e-05,-9.681015509821478e-05,matched_unconditional,,,,,,-,-,,,,,,,,
class_signs,trend_crossover,TLT,treasury,neutral,20,,,,,,2459,,,,,,,,,,-6.146608244671269e-05,-0.00028031225917335423,matched_unconditional,,,,,,-,-,,,,,,,,
class_signs,trend_crossover,GLD,gold,neutral,20,,,,,,2461,,,,,,,,,,-9.227588153682027e-05,-6.9596714016295635e-06,matched_unconditional,,,,,,-,-,,,,,,,,
class_signs,trend_crossover,,equity,neutral,20,,,,,,3,,,,,,,,,,,,matched_unconditional,,,,,,++-,+--,,,,,,,,
class_signs,trend_crossover,,gold,neutral,20,,,,,,1,,,,,,,,,,,,matched_unconditional,,,,,,-,-,,,,,,,,
class_signs,trend_crossover,,treasury,neutral,20,,,,,,1,,,,,,,,,,,,matched_unconditional,,,,,,-,-,,,,,,,,
crossover_event,trend_crossover,SPY,equity,bearish,,,,,,,,,,,,,,,,,,,,,,,,,,,2015-01-08T05:00:00+00:00,,evaluated,-0.010416637403403484,evaluated,-0.03575576473962838,evaluated,-0.00411817281909832
crossover_event,trend_crossover,SPY,equity,bullish,,,,,,,,,,,,,,,,,,,,,,,,,,,2015-02-17T05:00:00+00:00,26,evaluated,0.00224173048027132,evaluated,0.010254668791999766,evaluated,-0.00810835122841036
crossover_event,trend_crossover,SPY,equity,bearish,,,,,,,,,,,,,,,,,,,,,,,,,,,2015-04-02T04:00:00+00:00,32,evaluated,0.011978413460366877,evaluated,0.022739437502934834,evaluated,0.02605057326150706
crossover_event,trend_crossover,SPY,equity,bullish,,,,,,,,,,,,,,,,,,,,,,,,,,,2015-04-09T04:00:00+00:00,4,evaluated,0.00401527892038378,evaluated,0.005592725554555145,evaluated,-0.0015774466341714755
crossover_event,trend_crossover,SPY,equity,bearish,,,,,,,,,,,,,,,,,,,,,,,,,,,2015-04-14T04:00:00+00:00,3,evaluated,0.0018090436491438044,evaluated,-0.0021423325003775417,evaluated,-0.0003332888512336263
crossover_event,trend_crossover,SPY,equity,bullish,,,,,,,,,,,,,,,,,,,,,,,,,,,2015-04-28T04:00:00+00:00,10,evaluated,0.0009507639476808993,evaluated,-0.00698769432344315,evaluated,0.011075732685912554
crossover_event,trend_crossover,SPY,equity,bearish,,,,,,,,,,,,,,,,,,,,,,,,,,,2015-06-24T04:00:00+00:00,40,evaluated,-0.005874019219857418,evaluated,-0.01705355755295579,evaluated,-0.004358187594192819
crossover_event,trend_crossover,SPY,equity,bullish,,,,,,,,,,,,,,,,,,,,,,,,,,,2015-08-05T04:00:00+00:00,29,evaluated,-0.009225294805052964,evaluated,-0.006514789866027604,evaluated,-0.07075938037516061
crossover_event,trend_crossover,SPY,equity,bearish,,,,,,,,,,,,,,,,,,,,,,,,,,,2015-08-18T04:00:00+00:00,9,evaluated,-0.0036825722280254825,evaluated,-0.10435693934476165,evaluated,-0.04261324701403102
crossover_event,trend_crossover,SPY,equity,bullish,,,,,,,,,,,,,,,,,,,,,,,,,,,2015-10-22T04:00:00+00:00,46,evaluated,0.0012544970173025138,evaluated,0.0076236517783097035,evaluated,0.006272632336587813
crossover_event,trend_crossover,SPY,equity,bearish,,,,,,,,,,,,,,,,,,,,,,,,,,,2015-12-22T05:00:00+00:00,42,evaluated,0.006497639431292779,evaluated,0.0060578934954576,evaluated,-0.06922662562868243
crossover_event,trend_crossover,SPY,equity,bullish,,,,,,,,,,,,,,,,,,,,,,,,,,,2016-03-09T05:00:00+00:00,52,evaluated,-0.002100487165593079,evaluated,0.016903328218327296,evaluated,0.019953941290292487
crossover_event,trend_crossover,SPY,equity,bearish,,,,,,,,,,,,,,,,,,,,,,,,,,,2016-05-25T04:00:00+00:00,54,evaluated,-0.00047749284926412727,evaluated,0.007018722324138471,evaluated,0.006541229474874344
crossover_event,trend_crossover,SPY,equity,bullish,,,,,,,,,,,,,,,,,,,,,,,,,,,2016-05-27T04:00:00+00:00,2,evaluated,-0.0034194587245982566,evaluated,0.0037519403214374414,evaluated,-0.052051631754166494
crossover_event,trend_crossover,SPY,equity,bearish,,,,,,,,,,,,,,,,,,,,,,,,,,,2016-09-19T04:00:00+00:00,78,evaluated,-0.0046173474943091986,evaluated,-0.0007928649132118437,evaluated,-0.009467836129959495
crossover_event,trend_crossover,SPY,equity,bullish,,,,,,,,,,,,,,,,,,,,,,,,,,,2016-11-22T05:00:00+00:00,46,evaluated,0.003273030433162294,evaluated,0.0018183887764453566,evaluated,0.026320613952976135
crossover_event,trend_crossover,SPY,equity,bearish,,,,,,,,,,,,,,,,,,,,,,,,,,,2017-04-13T04:00:00+00:00,97,evaluated,0.006263166359420147,evaluated,0.006348915634953434,evaluated,0.025181223893518512
crossover_event,trend_crossover,SPY,equity,bullish,,,,,,,,,,,,,,,,,,,,,,,,,,,2017-05-05T04:00:00+00:00,15,evaluated,-0.0003753757576251404,evaluated,-0.0032116966526003488,evaluated,0.01768511154604413
crossover_event,trend_crossover,SPY,equity,bearish,,,,,,,,,,,,,,,,,,,,,,,,,,,2017-09-07T04:00:00+00:00,86,evaluated,0.00016228014119978873,evaluated,0.014399298890374057,evaluated,0.032935874896989015
crossover_event,trend_crossover,SPY,equity,bullish,,,,,,,,,,,,,,,,,,,,,,,,,,,2017-09-08T04:00:00+00:00,1,evaluated,0.004717035395113367,evaluated,0.004636386011939608,evaluated,0.025520085479733723
crossover_event,trend_crossover,SPY,equity,bearish,,,,,,,,,,,,,,,,,,,,,,,,,,,2018-02-23T05:00:00+00:00,115,evaluated,0.007139496513588028,evaluated,-0.024825159588810708,evaluated,-0.06479906265145152
crossover_event,trend_crossover,SPY,equity,bullish,,,,,,,,,,,,,,,,,,,,,,,,,,,2018-05-17T04:00:00+00:00,58,evaluated,-0.0010676995439777848,evaluated,0.0043442776562607754,evaluated,0.020285729565850952
crossover_event,trend_crossover,SPY,equity,bearish,,,,,,,,,,,,,,,,,,,,,,,,,,,2018-10-16T04:00:00+00:00,105,evaluated,3.569307351969364e-05,evaluated,-0.024354646378491496,evaluated,-0.02988163175673686
crossover_event,trend_crossover,SPY,equity,bullish,,,,,,,,,,,,,,,,,,,,,,,,,,,2019-02-01T05:00:00+00:00,73,evaluated,0.006849084461308497,evaluated,0.0013328491676161125,evaluated,0.03439342878357654
crossover_event,trend_crossover,SPY,equity,bearish,,,,,,,,,,,,,,,,,,,,,,,,,,,2019-05-29T04:00:00+00:00,80,evaluated,-0.00028657725077396723,evaluated,0.013793867312436703,evaluated,0.04070085796046219
crossover_event,trend_crossover,SPY,equity,bullish,,,,,,,,,,,,,,,,,,,,,,,,,,,2019-06-27T04:00:00+00:00,21,evaluated,0.0014355507793102351,evaluated,0.020097085079878285,evaluated,0.03223058181059213
crossover_event,trend_crossover,SPY,equity,bearish,,,,,,,,,,,,,,,,,,,,,,,,,,,2019-08-15T04:00:00+00:00,34,evaluated,0.008272811457343154,evaluated,0.020524902749724516,evaluated,0.05099827140211799
crossover_event,trend_crossover,SPY,equity,bullish,,,,,,,,,,,,,,,,,,,,,,,,,,,2019-09-18T04:00:00+00:00,23,evaluated,-0.0014924293067126726,evaluated,-0.012967212807808437,evaluated,-0.010380409562842474
crossover_event,trend_crossover,SPY,equity,bearish,,,,,,,,,,,,,,,,,,,,,,,,,,,2020-03-03T05:00:00+00:00,114,evaluated,0.02201747792330533,evaluated,-0.0578204036710418,evaluated,-0.1580099173158248
crossover_event,trend_crossover,SPY,equity,bullish,,,,,,,,,,,,,,,,,,,,,,,,,,,2020-04-30T04:00:00+00:00,41,evaluated,-0.008832459553592575,evaluated,0.008306737014011523,evaluated,0.06662931523008031
crossover_event,trend_crossover,SPY,equity,bearish,,,,,,,,,,,,,,,,,,,,,,,,,,,2020-09-30T04:00:00+00:00,106,evaluated,-0.0019248242227637435,evaluated,0.00909119992307561,evaluated,-0.03266308951865027
crossover_event,trend_crossover,SPY,equity,bullish,,,,,,,,,,,,,,,,,,,,,,,,,,,2020-10-21T04:00:00+00:00,15,evaluated,0.004811039006281659,evaluated,-0.04752737403512497,evaluated,0.038838370819015644
crossover_event,trend_crossover,SPY,equity,bearish,,,,,,,,,,,,,,,,,,,,,,,,,,,2021-09-30T04:00:00+00:00,237,evaluated,0.0075641077658943345,evaluated,0.01781983498075701,evaluated,0.0634368082995802
crossover_event,trend_crossover,SPY,equity,bullish,,,,,,,,,,,,,,,,,,,,,,,,,,,2021-10-29T04:00:00+00:00,21,evaluated,-0.0005648039429534402,evaluated,0.017879668052543485,evaluated,0.009341773679300891
crossover_event,trend_crossover,SPY,equity,bearish,,,,,,,,,,,,,,,,,,,,,,,,,,,2022-01-25T05:00:00+00:00,59,evaluated,-0.016654556901344097,evaluated,0.027750070231560953,evaluated,-0.042589374118902956
crossover_event,trend_crossover,SPY,equity,bullish,,,,,,,,,,,,,,,,,,,,,,,,,,,2022-04-04T04:00:00+00:00,48,evaluated,-0.009204346096767457,evaluated,-0.03361009567229212,evaluated,-0.08532137479403046
crossover_event,trend_crossover,SPY,equity,bearish,,,,,,,,,,,,,,,,,,,,,,,,,,,2022-05-02T04:00:00+00:00,19,evaluated,0.003301113430881353,evaluated,-0.04057732570691708,evaluated,-0.005011968484852747
crossover_event,trend_crossover,SPY,equity,bullish,,,,,,,,,,,,,,,,,,,,,,,,,,,2022-08-02T04:00:00+00:00,63,evaluated,0.010114610132907265,evaluated,0.0025591477986508515,evaluated,-0.02946623616277333
crossover_event,trend_crossover,SPY,equity,bearish,,,,,,,,,,,,,,,,,,,,,,,,,,,2022-09-16T04:00:00+00:00,32,evaluated,0.016454711104099795,evaluated,-0.03743524614925753,evaluated,-0.06443259627894082
crossover_event,trend_crossover,SPY,equity,bullish,,,,,,,,,,,,,,,,,,,,,,,,,,,2022-11-11T05:00:00+00:00,40,evaluated,-0.003882439698240203,evaluated,-0.001588274282751101,evaluated,0.0057732277612556615
crossover_event,trend_crossover,SPY,equity,bearish,,,,,,,,,,,,,,,,,,,,,,,,,,,2023-01-03T05:00:00+00:00,34,evaluated,0.0015136935668103035,evaluated,0.019312057095699497,evaluated,0.07208099495047882
crossover_event,trend_crossover,SPY,equity,bullish,,,,,,,,,,,,,,,,,,,,,,,,,,,2023-01-30T05:00:00+00:00,18,evaluated,0.013337337118619619,evaluated,0.021688683428193745,evaluated,-0.01214069019496622
crossover_event,trend_crossover,SPY,equity,bearish,,,,,,,,,,,,,,,,,,,,,,,,,,,2023-03-14T04:00:00+00:00,30,evaluated,0.00878484542790714,evaluated,0.03374015527593688,evaluated,0.05742561948569702
crossover_event,trend_crossover,SPY,equity,bullish,,,,,,,,,,,,,,,,,,,,,,,,,,,2023-04-14T04:00:00+00:00,22,evaluated,0.0038072782763269863,evaluated,-0.0004122096955864185,evaluated,-0.0018915022638230639
crossover_event,trend_crossover,SPY,equity,bearish,,,,,,,,,,,,,,,,,,,,,,,,,,,2023-08-28T04:00:00+00:00,93,evaluated,0.014706901288577434,evaluated,0.01488760065233774,evaluated,-0.03788543825800572
crossover_event,trend_crossover,SPY,equity,bullish,,,,,,,,,,,,,,,,,,,,,,,,,,,2023-11-20T05:00:00+00:00,59,evaluated,0.0001985885064326176,evaluated,0.0038616003095528484,evaluated,0.047795586769439735
crossover_event,trend_crossover,SPY,equity,bearish,,,,,,,,,,,,,,,,,,,,,,,,,,,2024-04-25T04:00:00+00:00,107,evaluated,0.0037721015880050057,evaluated,-0.002606906898997674,evaluated,0.03872818333714334
crossover_event,trend_crossover,SPY,equity,bullish,,,,,,,,,,,,,,,,,,,,,,,,,,,2024-05-20T04:00:00+00:00,17,evaluated,0.0039297837431173654,evaluated,0.001001300318137499,evaluated,0.03629451306337694
crossover_event,trend_crossover,SPY,equity,bearish,,,,,,,,,,,,,,,,,,,,,,,,,,,2024-08-09T04:00:00+00:00,56,evaluated,-0.0017596121426833866,evaluated,0.03762560558432648,evaluated,0.022837368581788642
crossover_event,trend_crossover,SPY,equity,bullish,,,,,,,,,,,,,,,,,,,,,,,,,,,2024-09-03T04:00:00+00:00,16,evaluated,0.0013631406458745055,evaluated,-0.002562766536538974,evaluated,0.033478703201528015
crossover_event,trend_crossover,QQQ,equity,bearish,,,,,,,,,,,,,,,,,,,,,,,,,,,2015-01-08T05:00:00+00:00,,evaluated,-0.009650646337518887,evaluated,-0.03831307774052417,evaluated,-0.004728869717967932
crossover_event,trend_crossover,QQQ,equity,bullish,,,,,,,,,,,,,,,,,,,,,,,,,,,2015-02-17T05:00:00+00:00,26,evaluated,0.0026198205079244197,evaluated,0.01609282620605712,evaluated,-9.351148103264872e-05
crossover_event,trend_crossover,QQQ,equity,bearish,,,,,,,,,,,,,,,,,,,,,,,,,,,2015-04-17T04:00:00+00:00,42,evaluated,0.009949291810445793,evaluated,0.03754458387109927,evaluated,0.028533892335308675
crossover_event,trend_crossover,QQQ,equity,bullish,,,,,,,,,,,,,,,,,,,,,,,,,,,2015-04-28T04:00:00+00:00,7,evaluated,-0.0007310776828253207,evaluated,-0.018093789193199372,evaluated,0.013981529516860602
crossover_event,trend_crossover,QQQ,equity,bearish,,,,,,,,,,,,,,,,,,,,,,,,,,,2015-06-30T04:00:00+00:00,44,evaluated,-0.0019420983058058283,evaluated,-0.018866188544759854,evaluated,0.03162864963664602
crossover_event,trend_crossover,QQQ,equity,bullish,,,,,,,,,,,,,,,,,,,,,,,,,,,2015-07-28T04:00:00+00:00,19,evaluated,0.0016162368747119071,evaluated,0.0001795514283313704,evaluated,-0.11924222035721344
crossover_event,trend_crossover,QQQ,equity,bearish,,,,,,,,,,,,,,,,,,,,,,,,,,,2015-08-25T04:00:00+00:00,20,evaluated,0.020503166735295508,evaluated,0.0008914814590068598,evaluated,0.031893831714568055
crossover_event,trend_crossover,QQQ,equity,bullish,,,,,,,,,,,,,,,,,,,,,,,,,,,2015-10-22T04:00:00+00:00,41,evaluated,0.0010651084083699303,evaluated,0.010473927191767984,evaluated,0.009320037175859053
crossover_event,trend_crossover,QQQ,equity,bearish,,,,,,,,,,,,,,,,,,,,,,,,,,,2015-12-30T05:00:00+00:00,47,evaluated,-0.008948366365314486,evaluated,-0.07087799951561757,evaluated,-0.07743426313887225
crossover_event,trend_crossover,QQQ,equity,bullish,,,,,,,,,,,,,,,,,,,,,,,,,,,2016-03-11T05:00:00+00:00,49,evaluated,0.005467073721139748,evaluated,0.012065288461455381,evaluated,0.02365917827196684
crossover_event,trend_crossover,QQQ,equity,bearish,,,,,,,,,,,,,,,,,,,,,,,,,,,2016-05-12T04:00:00+00:00,43,evaluated,-0.002835567515164006,evaluated,-0.004631431748866266,evaluated,0.029678632316412434
crossover_event,trend_crossover,QQQ,equity,bullish,,,,,,,,,,,,,,,,,,,,,,,,,,,2016-06-10T04:00:00+00:00,20,evaluated,-0.0026772610445382483,evaluated,-0.01689440395319841,evaluated,0.024095278966994593
crossover_event,trend_crossover,QQQ,equity,bearish,,,,,,,,,,,,,,,,,,,,,,,,,,,2016-07-06T04:00:00+00:00,17,evaluated,0.0020295315277334414,evaluated,0.026014756966133312,evaluated,0.06402209146053295
crossover_event,trend_crossover,QQQ,equity,bullish,,,,,,,,,,,,,,,,,,,,,,,,,,,2016-07-14T04:00:00+00:00,6,evaluated,-0.003920124914344347,evaluated,0.008374932816260117,evaluated,0.04347830520039353
crossover_event,trend_crossover,QQQ,equity,bearish,,,,,,,,,,,,,,,,,,,,,,,,,,,2016-11-04T04:00:00+00:00,80,evaluated,0.007446537589913316,evaluated,0.002684260054744758,evaluated,0.00961122721346741
crossover_event,trend_crossover,QQQ,equity,bullish,,,,,,,,,,,,,,,,,,,,,,,,,,,2016-12-09T05:00:00+00:00,24,evaluated,-8.407275891264554e-05,evaluated,0.005295429494442505,evaluated,0.03051187035531666
crossover_event,trend_crossover,QQQ,equity,bearish,,,,,,,,,,,,,,,,,,,,,,,,,,,2017-07-07T04:00:00+00:00,143,evaluated,0.005875934151105433,evaluated,0.03097561715351249,evaluated,0.04207462848143351
crossover_event,trend_crossover,QQQ,equity,bullish,,,,,,,,,,,,,,,,,,,,,,,,,,,2017-07-25T04:00:00+00:00,12,evaluated,0.0007598826645878187,evaluated,-0.008289561990730276,evaluated,-0.010776441128699243
crossover_event,trend_crossover,QQQ,equity,bearish,,,,,,,,,,,,,,,,,,,,,,,,,,,2018-04-05T04:00:00+00:00,175,evaluated,-0.014161630984714346,evaluated,0.02095922538214201,evaluated,0.01837863846428678
crossover_event,trend_crossover,QQQ,equity,bullish,,,,,,,,,,,,,,,,,,,,,,,,,,,2018-05-15T04:00:00+00:00,28,evaluated,0.005294779041219,evaluated,0.0005354056746464941,evaluated,0.045987335086791425
crossover_event,trend_crossover,QQQ,equity,bearish,,,,,,,,,,,,,,,,,,,,,,,,,,,2018-10-12T04:00:00+00:00,105,evaluated,-0.008635081123857025,evaluated,-0.003972151371468224,evaluated,-0.01260723249532536
crossover_event,trend_crossover,QQQ,equity,bullish,,,,,,,,,,,,,,,,,,,,,,,,,,,2019-01-30T05:00:00+00:00,73,evaluated,0.008758288785815083,evaluated,0.022915461272652538,evaluated,0.03893224722241073
crossover_event,trend_crossover,QQQ,equity,bearish,,,,,,,,,,,,,,,,,,,,,,,,,,,2019-05-28T04:00:00+00:00,81,evaluated,-0.002040935492926166,evaluated,-0.008390474134929438,evaluated,0.048415405157226754
crossover_event,trend_crossover,QQQ,equity,bullish,,,,,,,,,,,,,,,,,,,,,,,,,,,2019-07-01T04:00:00+00:00,24,evaluated,0.004281171097562542,evaluated,0.007716737512773797,evaluated,0.024207198229012628
crossover_event,trend_crossover,QQQ,equity,bearish,,,,,,,,,,,,,,,,,,,,,,,,,,,2019-08-19T04:00:00+00:00,34,evaluated,-0.005267107138760441,evaluated,-0.016705678216049846,evaluated,0.024686099297239972
crossover_event,trend_crossover,QQQ,equity,bullish,,,,,,,,,,,,,,,,,,,,,,,,,,,2019-09-20T04:00:00+00:00,23,evaluated,0.0007354454150008127,evaluated,-0.017493180397025077,evaluated,0.006986771521277024
crossover_event,trend_crossover,QQQ,equity,bearish,,,,,,,,,,,,,,,,,,,,,,,,,,,2020-03-10T04:00:00+00:00,117,evaluated,-0.020717355186174014,evaluated,-0.08633060540229243,evaluated,-0.014798154585956791
crossover_event,trend_crossover,QQQ,equity,bullish,,,,,,,,,,,,,,,,,,,,,,,,,,,2020-04-27T04:00:00+00:00,33,evaluated,-0.02678081689706513,evaluated,-0.009663197279312752,evaluated,0.053929622524027776
crossover_event,trend_crossover,QQQ,equity,bearish,,,,,,,,,,,,,,,,,,,,,,,,,,,2020-10-01T04:00:00+00:00,110,evaluated,-0.006195172535107374,evaluated,0.019527624313362857,evaluated,0.0013405754999407105
crossover_event,trend_crossover,QQQ,equity,bullish,,,,,,,,,,,,,,,,,,,,,,,,,,,2020-10-16T04:00:00+00:00,11,evaluated,-0.02303006184828804,evaluated,-0.019794141599718262,evaluated,0.0015146905442464664
crossover_event,trend_crossover,QQQ,equity,bearish,,,,,,,,,,,,,,,,,,,,,,,,,,,2021-03-11T05:00:00+00:00,99,evaluated,0.005097833996657419,evaluated,-0.005798690153515529,evaluated,0.07407761768024401
crossover_event,trend_crossover,QQQ,equity,bullish,,,,,,,,,,,,,,,,,,,,,,,,,,,2021-04-13T04:00:00+00:00,22,evaluated,-0.012732862726053673,evaluated,-0.01302626481414182,evaluated,-0.04559192684949642
crossover_event,trend_crossover,QQQ,equity,bearish,,,,,,,,,,,,,,,,,,,,,,,,,,,2021-05-26T04:00:00+00:00,31,evaluated,-0.0023676342288185825,evaluated,-0.010998930919901895,evaluated,0.048610904690169265
crossover_event,trend_crossover,QQQ,equity,bullish,,,,,,,,,,,,,,,,,,,,,,,,,,,2021-06-16T04:00:00+00:00,14,evaluated,0.015795496949454035,evaluated,0.022854925392748804,evaluated,0.06044647386293356
crossover_event,trend_crossover,QQQ,equity,bearish,,,,,,,,,,,,,,,,,,,,,,,,,,,2021-10-05T04:00:00+00:00,77,evaluated,0.015787469124092457,evaluated,0.00864219439735936,evaluated,0.098762998607282
crossover_event,trend_crossover,QQQ,equity,bullish,,,,,,,,,,,,,,,,,,,,,,,,,,,2021-11-02T04:00:00+00:00,20,evaluated,0.009318457185375939,evaluated,0.014812013122989853,evaluated,-0.006237948278598582
crossover_event,trend_crossover,QQQ,equity,bearish,,,,,,,,,,,,,,,,,,,,,,,,,,,2022-01-07T05:00:00+00:00,46,evaluated,0.014113382220730664,evaluated,0.013846652633238143,evaluated,-0.05253188745704929
crossover_event,trend_crossover,QQQ,equity,bullish,,,,,,,,,,,,,,,,,,,,,,,,,,,2022-04-05T04:00:00+00:00,60,evaluated,-0.006720045471320879,evaluated,-0.04555034997179919,evaluated,-0.07324613592022411
crossover_event,trend_crossover,QQQ,equity,bearish,,,,,,,,,,,,,,,,,,,,,,,,,,,2022-04-28T04:00:00+00:00,16,evaluated,-0.032283014559627676,evaluated,-0.03305533457993126,evaluated,-0.07528583477216277
crossover_event,trend_crossover,QQQ,equity,bullish,,,,,,,,,,,,,,,,,,,,,,,,,,,2022-07-28T04:00:00+00:00,62,evaluated,0.013070351055526563,evaluated,0.041780335386589984,evaluated,0.02951273801828136
crossover_event,trend_crossover,QQQ,equity,bearish,,,,,,,,,,,,,,,,,,,,,,,,,,,2022-09-14T04:00:00+00:00,33,evaluated,-0.01009964004057251,evaluated,-0.035739822164310264,evaluated,-0.10681131322406212
crossover_event,trend_crossover,QQQ,equity,bullish,,,,,,,,,,,,,,,,,,,,,,,,,,,2022-11-21T05:00:00+00:00,48,evaluated,0.011711001227872497,evaluated,-0.007323829666487702,evaluated,-0.04634873133519368
crossover_event,trend_crossover,QQQ,equity,bearish,,,,,,,,,,,,,,,,,,,,,,,,,,,2022-12-29T05:00:00+00:00,26,evaluated,0.010090295544262107,evaluated,0.01964946806663348,evaluated,0.10109246032205421
crossover_event,trend_crossover,QQQ,equity,bullish,,,,,,,,,,,,,,,,,,,,,,,,,,,2023-01-31T05:00:00+00:00,21,evaluated,0.022112053546578636,evaluated,0.0525457729977743,evaluated,-0.01090313309721025
crossover_event,trend_crossover,QQQ,equity,bearish,,,,,,,,,,,,,,,,,,,,,,,,,,,2023-08-23T04:00:00+00:00,141,evaluated,-0.030646234915239656,evaluated,0.011324523768887929,evaluated,-0.03966302253079024
crossover_event,trend_crossover,QQQ,equity,bullish,,,,,,,,,,,,,,,,,,,,,,,,,,,2023-11-17T05:00:00+00:00,61,evaluated,0.012148692111658477,evaluated,0.008081921340297615,evaluated,0.054474807523047675
crossover_event,trend_crossover,QQQ,equity,bearish,,,,,,,,,,,,,,,,,,,,,,,,,,,2024-04-22T04:00:00+00:00,105,evaluated,0.010219403528817672,evaluated,0.028471638422717715,evaluated,0.08113700011843816
crossover_event,trend_crossover,QQQ,equity,bullish,,,,,,,,,,,,,,,,,,,,,,,,,,,2024-05-21T04:00:00+00:00,21,evaluated,-0.000767456267572908,evaluated,0.0008332344096100286,evaluated,0.055716361439581696
crossover_event,trend_crossover,QQQ,equity,bearish,,,,,,,,,,,,,,,,,,,,,,,,,,,2024-08-06T04:00:00+00:00,52,evaluated,-0.026249191419836726,evaluated,0.03603663394434564,evaluated,0.03162443823158401
crossover_event,trend_crossover,QQQ,equity,bullish,,,,,,,,,,,,,,,,,,,,,,,,,,,2024-09-16T04:00:00+00:00,28,evaluated,-0.005878809675434971,evaluated,0.014172037789794034,evaluated,0.044531674136678134
crossover_event,trend_crossover,IWM,equity,bearish,,,,,,,,,,,,,,,,,,,,,,,,,,,2015-01-30T05:00:00+00:00,,evaluated,0.005511534399849749,evaluated,0.031777426151674115,evaluated,0.06329657509707087
crossover_event,trend_crossover,IWM,equity,bullish,,,,,,,,,,,,,,,,,,,,,,,,,,,2015-02-06T05:00:00+00:00,5,evaluated,-0.004522620675262767,evaluated,0.017839172748723264,evaluated,0.019262942989701548
crossover_event,trend_crossover,IWM,equity,bearish,,,,,,,,,,,,,,,,,,,,,,,,,,,2015-05-13T04:00:00+00:00,66,evaluated,0.005768598260562641,evaluated,0.016493327503223076,evaluated,0.026243058819358067
crossover_event,trend_crossover,IWM,equity,bullish,,,,,,,,,,,,,,,,,,,,,,,,,,,2015-06-09T04:00:00+00:00,18,evaluated,0.008484731897898223,evaluated,0.011926661811652917,evaluated,-0.023533198064712102
crossover_event,trend_crossover,IWM,equity,bearish,,,,,,,,,,,,,,,,,,,,,,,,,,,2015-07-22T04:00:00+00:00,30,evaluated,-0.011360894417271838,evaluated,-0.024401915949207154,evaluated,-0.04464352585830078
crossover_event,trend_crossover,IWM,equity,bullish,,,,,,,,,,,,,,,,,,,,,,,,,,,2015-10-28T04:00:00+00:00,69,evaluated,-0.007452416764670011,evaluated,0.013277394895677475,evaluated,0.020815490402967818
crossover_event,trend_crossover,IWM,equity,bearish,,,,,,,,,,,,,,,,,,,,,,,,,,,2015-12-18T05:00:00+00:00,36,evaluated,0.0013372695758895325,evaluated,0.016047098877961297,evaluated,-0.11580634818416058
crossover_event,trend_crossover,IWM,equity,bullish,,,,,,,,,,,,,,,,,,,,,,,,,,,2016-03-10T05:00:00+00:00,55,evaluated,0.013203446208696734,evaluated,0.017230043282292717,evaluated,0.021724877562828926
crossover_event,trend_crossover,IWM,equity,bearish,,,,,,,,,,,,,,,,,,,,,,,,,,,2016-10-20T04:00:00+00:00,156,evaluated,0.006735386198282178,evaluated,-0.015799114353304167,evaluated,0.08348578693815445
crossover_event,trend_crossover,IWM,equity,bullish,,,,,,,,,,,,,,,,,,,,,,,,,,,2016-11-21T05:00:00+00:00,22,evaluated,0.005146896455507477,evaluated,0.001059638168501742,evaluated,0.04420232979496963
crossover_event,trend_crossover,IWM,equity,bearish,,,,,,,,,,,,,,,,,,,,,,,,,,,2017-02-09T05:00:00+00:00,54,evaluated,0.001088679603619136,evaluated,0.010232990280951482,evaluated,-0.013280983100605104
crossover_event,trend_crossover,IWM,equity,bullish,,,,,,,,,,,,,,,,,,,,,,,,,,,2017-02-14T05:00:00+00:00,3,evaluated,0.010130934740217423,evaluated,0.010058610355968556,evaluated,-0.0033287987968755317
crossover_event,trend_crossover,IWM,equity,bearish,,,,,,,,,,,,,,,,,,,,,,,,,,,2017-03-27T04:00:00+00:00,28,evaluated,0.011245118562428491,evaluated,0.013032469585260387,evaluated,0.044608322517259325
crossover_event,trend_crossover,IWM,equity,bullish,,,,,,,,,,,,,,,,,,,,,,,,,,,2017-05-02T04:00:00+00:00,25,evaluated,-0.0014442356783725963,evaluated,-0.0010108988670329833,evaluated,-0.015668987528868472
crossover_event,trend_crossover,IWM,equity,bearish,,,,,,,,,,,,,,,,,,,,,,,,,,,2017-08-15T04:00:00+00:00,73,evaluated,-0.0016706307154651379,evaluated,-0.010024005964749061,evaluated,0.03116153557042467
crossover_event,trend_crossover,IWM,equity,bullish,,,,,,,,,,,,,,,,,,,,,,,,,,,2017-09-21T04:00:00+00:00,26,evaluated,0.004385083112979915,evaluated,0.028955270516656695,evaluated,0.039117388381802565
crossover_event,trend_crossover,IWM,equity,bearish,,,,,,,,,,,,,,,,,,,,,,,,,,,2018-02-16T05:00:00+00:00,102,evaluated,-0.0030809650036104363,evaluated,0.01599477150176387,evaluated,0.024450971176143144
crossover_event,trend_crossover,IWM,equity,bullish,,,,,,,,,,,,,,,,,,,,,,,,,,,2018-03-16T04:00:00+00:00,19,evaluated,-0.005662654450703464,evaluated,-0.04530123560562793,evaluated,-0.011452586834180378
crossover_event,trend_crossover,IWM,equity,bearish,,,,,,,,,,,,,,,,,,,,,,,,,,,2018-04-13T04:00:00+00:00,19,evaluated,0.0034228803399110053,evaluated,0.004585421923659849,evaluated,0.03229139833540828
crossover_event,trend_crossover,IWM,equity,bullish,,,,,,,,,,,,,,,,,,,,,,,,,,,2018-05-01T04:00:00+00:00,12,evaluated,0.005657400989033112,evaluated,0.026336344673602907,evaluated,0.06697882126101629
crossover_event,trend_crossover,IWM,equity,bearish,,,,,,,,,,,,,,,,,,,,,,,,,,,2018-08-17T04:00:00+00:00,76,evaluated,5.929604744836503e-05,evaluated,0.016468211714367964,evaluated,0.0044428648234513535
crossover_event,trend_crossover,IWM,equity,bullish,,,,,,,,,,,,,,,,,,,,,,,,,,,2018-08-21T04:00:00+00:00,2,evaluated,0.003458563518121016,evaluated,0.008265453381665733,evaluated,-0.005510302254443822
crossover_event,trend_crossover,IWM,equity,bearish,,,,,,,,,,,,,,,,,,,,,,,,,,,2018-10-05T04:00:00+00:00,32,evaluated,0.00030909965035053055,evaluated,-0.05050378904104502,evaluated,-0.0480311804861816
crossover_event,trend_crossover,IWM,equity,bullish,,,,,,,,,,,,,,,,,,,,,,,,,,,2019-01-30T05:00:00+00:00,78,evaluated,0.009823161996115548,evaluated,0.02249164725765107,evaluated,0.06212314972582034
crossover_event,trend_crossover,IWM,equity,bearish,,,,,,,,,,,,,,,,,,,,,,,,,,,2019-05-28T04:00:00+00:00,81,evaluated,-0.0033593120955534017,evaluated,0.008868633140934223,evaluated,0.01552000547856558
crossover_event,trend_crossover,IWM,equity,bullish,,,,,,,,,,,,,,,,,,,,,,,,,,,2019-07-08T04:00:00+00:00,28,evaluated,0.0055649064819049965,evaluated,0.00485311267363242,evaluated,-0.042319099069869415
crossover_event,trend_crossover,IWM,equity,bearish,,,,,,,,,,,,,,,,,,,,,,,,,,,2019-08-13T04:00:00+00:00,26,evaluated,-0.012706925737086205,evaluated,0.008110827799895137,evaluated,0.06116933584610895
crossover_event,trend_crossover,IWM,equity,bullish,,,,,,,,,,,,,,,,,,,,,,,,,,,2019-09-23T04:00:00+00:00,28,evaluated,-0.017531429762851936,evaluated,-0.02455686566855919,evaluated,-0.007154370957256684
crossover_event,trend_crossover,IWM,equity,bearish,,,,,,,,,,,,,,,,,,,,,,,,,,,2019-10-17T04:00:00+00:00,18,evaluated,-0.0020924088194268498,evaluated,0.00817367462149865,evaluated,0.033806406037663495
crossover_event,trend_crossover,IWM,equity,bullish,,,,,,,,,,,,,,,,,,,,,,,,,,,2019-10-30T04:00:00+00:00,9,evaluated,-0.0041640559247793085,evaluated,0.013645032291740966,evaluated,0.04311335979753994
crossover_event,trend_crossover,IWM,equity,bearish,,,,,,,,,,,,,,,,,,,,,,,,,,,2020-02-24T05:00:00+00:00,78,evaluated,-0.03821072206875076,evaluated,-0.07069902283476037,evaluated,-0.3853064305954673
crossover_event,trend_crossover,IWM,equity,bullish,,,,,,,,,,,,,,,,,,,,,,,,,,,2020-05-06T04:00:00+00:00,51,evaluated,0.00039251944420581886,evaluated,-0.036659064222625215,evaluated,0.13501842397873376
crossover_event,trend_crossover,IWM,equity,bearish,,,,,,,,,,,,,,,,,,,,,,,,,,,2020-09-24T04:00:00+00:00,98,evaluated,0.020705529630176578,evaluated,0.060931330769777414,evaluated,0.1302983974016656
crossover_event,trend_crossover,IWM,equity,bullish,,,,,,,,,,,,,,,,,,,,,,,,,,,2020-10-19T04:00:00+00:00,17,evaluated,-0.004951739687094725,evaluated,-0.01244116450365107,evaluated,0.09946773685974186
crossover_event,trend_crossover,IWM,equity,bearish,,,,,,,,,,,,,,,,,,,,,,,,,,,2021-04-13T04:00:00+00:00,120,evaluated,0.006535413705964999,evaluated,-0.02109340054435649,evaluated,-0.013115736545553647
crossover_event,trend_crossover,IWM,equity,bullish,,,,,,,,,,,,,,,,,,,,,,,,,,,2021-04-28T04:00:00+00:00,11,evaluated,-0.01238899950069361,evaluated,-0.03660390722815132,evaluated,-0.03248862812088005
crossover_event,trend_crossover,IWM,equity,bearish,,,,,,,,,,,,,,,,,,,,,,,,,,,2021-05-13T04:00:00+00:00,11,evaluated,0.014132338242414999,evaluated,0.006699052210346945,evaluated,0.06313661720057717
crossover_event,trend_crossover,IWM,equity,bullish,,,,,,,,,,,,,,,,,,,,,,,,,,,2021-06-09T04:00:00+00:00,18,evaluated,-0.010359090004992355,evaluated,-0.0078124897091425005,evaluated,-0.043076640379151376
crossover_event,trend_crossover,IWM,equity,bearish,,,,,,,,,,,,,,,,,,,,,,,,,,,2021-07-21T04:00:00+00:00,29,evaluated,-0.013274946607673588,evaluated,-0.002934907178858248,evaluated,-0.03142640843231537
crossover_event,trend_crossover,IWM,equity,bullish,,,,,,,,,,,,,,,,,,,,,,,,,,,2021-09-08T04:00:00+00:00,34,evaluated,0.001207856672498453,evaluated,-0.006754918816263555,evaluated,-0.016417635676707287
crossover_event,trend_crossover,IWM,equity,bearish,,,,,,,,,,,,,,,,,,,,,,,,,,,2021-10-06T04:00:00+00:00,20,evaluated,0.007809306807529115,evaluated,0.004694662351160783,evaluated,0.07723559204005448
crossover_event,trend_crossover,IWM,equity,bullish,,,,,,,,,,,,,,,,,,,,,,,,,,,2021-10-18T04:00:00+00:00,8,evaluated,-0.00048677145070918915,evaluated,0.015886413242560238,evaluated,0.05562442500164577
crossover_event,trend_crossover,IWM,equity,bearish,,,,,,,,,,,,,,,,,,,,,,,,,,,2021-12-09T05:00:00+00:00,37,evaluated,-0.010306000529181958,evaluated,-0.04059407919146818,evaluated,-0.0275877124582109
crossover_event,trend_crossover,IWM,equity,bullish,,,,,,,,,,,,,,,,,,,,,,,,,,,2022-03-28T04:00:00+00:00,74,evaluated,0.017836570739746094,evaluated,-0.00043267470139718434,evaluated,-0.0974038197444036
crossover_event,trend_crossover,IWM,equity,bearish,,,,,,,,,,,,,,,,,,,,,,,,,,,2022-04-26T04:00:00+00:00,20,evaluated,-0.0037831910374879207,evaluated,0.004369410839342391,evaluated,-0.06447482795749715
crossover_event,trend_crossover,IWM,equity,bullish,,,,,,,,,,,,,,,,,,,,,,,,,,,2022-08-01T04:00:00+00:00,66,evaluated,0.002842273694574571,evaluated,0.034053767694246284,evaluated,0.0041293734510656765
crossover_event,trend_crossover,IWM,equity,bearish,,,,,,,,,,,,,,,,,,,,,,,,,,,2022-09-19T04:00:00+00:00,34,evaluated,-0.003971621060013364,evaluated,-0.08166921605743183,evaluated,-0.037142693018726525
crossover_event,trend_crossover,IWM,equity,bullish,,,,,,,,,,,,,,,,,,,,,,,,,,,2022-11-09T05:00:00+00:00,37,evaluated,0.019411595605267618,evaluated,0.013197656397757829,evaluated,-0.0055540815602176385
crossover_event,trend_crossover,IWM,equity,bearish,,,,,,,,,,,,,,,,,,,,,,,,,,,2022-12-23T05:00:00+00:00,31,evaluated,-0.0065381933107240275,evaluated,-0.005505888452091434,evaluated,0.07507453711899958
crossover_event,trend_crossover,IWM,equity,bullish,,,,,,,,,,,,,,,,,,,,,,,,,,,2023-01-26T05:00:00+00:00,21,evaluated,0.008511576443669622,evaluated,0.05500591462756832,evaluated,-0.0025002725363626466
crossover_event,trend_crossover,IWM,equity,bearish,,,,,,,,,,,,,,,,,,,,,,,,,,,2023-03-15T04:00:00+00:00,33,evaluated,0.026301944799259847,evaluated,0.0009914163861612924,evaluated,0.03907387240067983
crossover_event,trend_crossover,IWM,equity,bullish,,,,,,,,,,,,,,,,,,,,,,,,,,,2023-06-02T04:00:00+00:00,55,evaluated,-0.009268414027883476,evaluated,0.020798876678321587,evaluated,0.03525322510923634
crossover_event,trend_crossover,IWM,equity,bearish,,,,,,,,,,,,,,,,,,,,,,,,,,,2023-08-28T04:00:00+00:00,59,evaluated,0.014498235090791622,evaluated,0.0069527249735990004,evaluated,-0.06025651115843189
crossover_event,trend_crossover,IWM,equity,bullish,,,,,,,,,,,,,,,,,,,,,,,,,,,2023-11-27T05:00:00+00:00,63,evaluated,-0.0028563974063733344,evaluated,0.046709583843989266,evaluated,0.1430971863066921
crossover_event,trend_crossover,IWM,equity,bearish,,,,,,,,,,,,,,,,,,,,,,,,,,,2024-04-19T04:00:00+00:00,99,evaluated,0.005612462284173336,evaluated,0.021368589429063833,evaluated,0.07141751010606989
crossover_event,trend_crossover,IWM,equity,bullish,,,,,,,,,,,,,,,,,,,,,,,,,,,2024-05-20T04:00:00+00:00,21,evaluated,0.0024539022390546172,evaluated,-0.012847029521347753,evaluated,-0.03406631270113747
crossover_event,trend_crossover,IWM,equity,bearish,,,,,,,,,,,,,,,,,,,,,,,,,,,2024-06-27T04:00:00+00:00,26,evaluated,-0.004855824354787042,evaluated,-0.01476363396869207,evaluated,0.09976454704119608
crossover_event,trend_crossover,IWM,equity,bullish,,,,,,,,,,,,,,,,,,,,,,,,,,,2024-07-17T04:00:00+00:00,13,evaluated,-0.015627147177809775,evaluated,-0.016078756604090083,evaluated,-0.06652820894582245
crossover_event,trend_crossover,IWM,equity,bearish,,,,,,,,,,,,,,,,,,,,,,,,,,,2024-12-31T05:00:00+00:00,116,evaluated,-0.008029396424625967,evaluated,-0.005472507073950972,evaluated,0.015924295376983144
crossover_event,trend_crossover,TLT,treasury,bearish,,,,,,,,,,,,,,,,,,,,,,,,,,,2015-03-02T05:00:00+00:00,,evaluated,-0.0037827703510747712,evaluated,-0.017731893851546165,evaluated,0.027740596496118375
crossover_event,trend_crossover,TLT,treasury,bullish,,,,,,,,,,,,,,,,,,,,,,,,,,,2015-04-08T04:00:00+00:00,26,evaluated,-0.011003304769109268,evaluated,-0.0019866624630276997,evaluated,-0.07878045345200524
crossover_event,trend_crossover,TLT,treasury,bearish,,,,,,,,,,,,,,,,,,,,,,,,,,,2015-05-04T04:00:00+00:00,18,evaluated,-0.0016278442719244168,evaluated,-0.027104035605662546,evaluated,-0.027836546898544978
crossover_event,trend_crossover,TLT,treasury,bullish,,,,,,,,,,,,,,,,,,,,,,,,,,,2015-07-29T04:00:00+00:00,60,evaluated,0.0034650455582678763,evaluated,0.003630083695484565,evaluated,0.005940114067663149
crossover_event,trend_crossover,TLT,treasury,bearish,,,,,,,,,,,,,,,,,,,,,,,,,,,2015-09-21T04:00:00+00:00,37,evaluated,0.00279970628339421,evaluated,0.017951253798990985,evaluated,0.01770416545834408
crossover_event,trend_crossover,TLT,treasury,bullish,,,,,,,,,,,,,,,,,,,,,,,,,,,2015-10-15T04:00:00+00:00,18,evaluated,-0.0025754502601547102,evaluated,8.050009038607087e-05,evaluated,-0.04225352112676062
crossover_event,trend_crossover,TLT,treasury,bearish,,,,,,,,,,,,,,,,,,,,,,,,,,,2015-11-11T05:00:00+00:00,19,evaluated,0.002105263157894832,evaluated,0.01069470857319077,evaluated,0.02602102179276322
crossover_event,trend_crossover,TLT,treasury,bullish,,,,,,,,,,,,,,,,,,,,,,,,,,,2015-12-21T05:00:00+00:00,27,evaluated,-0.002772148088505455,evaluated,-0.020301653752887616,evaluated,0.0258458877252965
crossover_event,trend_crossover,TLT,treasury,bearish,,,,,,,,,,,,,,,,,,,,,,,,,,,2016-03-29T04:00:00+00:00,66,evaluated,-0.002614753065311559,evaluated,0.016611579500016793,evaluated,-0.021379672424787444
crossover_event,trend_crossover,TLT,treasury,bullish,,,,,,,,,,,,,,,,,,,,,,,,,,,2016-04-11T04:00:00+00:00,9,evaluated,-0.0011444091637012876,evaluated,0.0017546210278169827,evaluated,-0.0016783736468563015
crossover_event,trend_crossover,TLT,treasury,bearish,,,,,,,,,,,,,,,,,,,,,,,,,,,2016-05-12T04:00:00+00:00,23,evaluated,0.006084599009385627,evaluated,-0.010876123533990478,evaluated,0.025098898379919854
crossover_event,trend_crossover,TLT,treasury,bullish,,,,,,,,,,,,,,,,,,,,,,,,,,,2016-05-23T04:00:00+00:00,7,evaluated,-0.0008463538456444653,evaluated,0.0014618945881488266,evaluated,0.02746781589520375
crossover_event,trend_crossover,TLT,treasury,bearish,,,,,,,,,,,,,,,,,,,,,,,,,,,2016-08-31T04:00:00+00:00,70,evaluated,0.008296127512493756,evaluated,-0.005987605398146356,evaluated,0.000937850868502732
crossover_event,trend_crossover,TLT,treasury,bullish,,,,,,,,,,,,,,,,,,,,,,,,,,,2017-01-23T05:00:00+00:00,98,evaluated,-0.0038088854621084467,evaluated,-0.012420303400630384,evaluated,-0.005464900646353854
crossover_event,trend_crossover,TLT,treasury,bearish,,,,,,,,,,,,,,,,,,,,,,,,,,,2017-03-08T05:00:00+00:00,31,evaluated,-0.004261121660172895,evaluated,0.009885833460988369,evaluated,0.03442987081654425
crossover_event,trend_crossover,TLT,treasury,bullish,,,,,,,,,,,,,,,,,,,,,,,,,,,2017-04-06T04:00:00+00:00,21,evaluated,-0.009274436042202572,evaluated,0.013378241396955648,evaluated,-0.0045140794393822015
crossover_event,trend_crossover,TLT,treasury,bearish,,,,,,,,,,,,,,,,,,,,,,,,,,,2017-07-25T04:00:00+00:00,75,evaluated,0.004056137045641117,evaluated,0.01111383778608288,evaluated,0.025715955907086974
crossover_event,trend_crossover,TLT,treasury,bullish,,,,,,,,,,,,,,,,,,,,,,,,,,,2017-08-22T04:00:00+00:00,20,evaluated,0.002046616296888626,evaluated,0.004801642049398147,evaluated,-0.008894814588118138
crossover_event,trend_crossover,TLT,treasury,bearish,,,,,,,,,,,,,,,,,,,,,,,,,,,2017-10-05T04:00:00+00:00,31,evaluated,0.0024332502241510845,evaluated,0.013464157842388191,evaluated,0.01630304259311055
crossover_event,trend_crossover,TLT,treasury,bullish,,,,,,,,,,,,,,,,,,,,,,,,,,,2017-11-22T05:00:00+00:00,34,evaluated,-0.0010241649185016577,evaluated,-0.014259808983234867,evaluated,-0.018356588871446422
crossover_event,trend_crossover,TLT,treasury,bearish,,,,,,,,,,,,,,,,,,,,,,,,,,,2018-01-10T05:00:00+00:00,32,evaluated,0.006477171148300043,evaluated,0.0016192773442071928,evaluated,-0.03902517700151764
crossover_event,trend_crossover,TLT,treasury,bullish,,,,,,,,,,,,,,,,,,,,,,,,,,,2018-04-04T04:00:00+00:00,57,evaluated,-0.0025811620527251833,evaluated,0.011740247127590031,evaluated,-0.01515403595293463
crossover_event,trend_crossover,TLT,treasury,bearish,,,,,,,,,,,,,,,,,,,,,,,,,,,2018-05-04T04:00:00+00:00,22,evaluated,-0.0014289162578887682,evaluated,0.002185442830652251,evaluated,0.003866513236553626
crossover_event,trend_crossover,TLT,treasury,bullish,,,,,,,,,,,,,,,,,,,,,,,,,,,2018-06-14T04:00:00+00:00,28,evaluated,-0.003724278497205691,evaluated,-0.002400073749339371,evaluated,0.01564180552021388
crossover_event,trend_crossover,TLT,treasury,bearish,,,,,,,,,,,,,,,,,,,,,,,,,,,2018-08-06T04:00:00+00:00,36,evaluated,-0.003024452776976605,evaluated,0.01159375701054377,evaluated,0.008401243470179232
crossover_event,trend_crossover,TLT,treasury,bullish,,,,,,,,,,,,,,,,,,,,,,,,,,,2018-09-05T04:00:00+00:00,21,evaluated,0.0032565078715078855,evaluated,-0.006847024717747119,evaluated,-0.041165666476590146
crossover_event,trend_crossover,TLT,treasury,bearish,,,,,,,,,,,,,,,,,,,,,,,,,,,2018-09-17T04:00:00+00:00,8,evaluated,-0.006352702147293998,evaluated,-0.010672493078873746,evaluated,-0.03083177591835784
crossover_event,trend_crossover,TLT,treasury,bullish,,,,,,,,,,,,,,,,,,,,,,,,,,,2018-12-06T05:00:00+00:00,56,evaluated,0.005092998183088948,evaluated,0.0022069615619944027,evaluated,0.033443701918817625
crossover_event,trend_crossover,TLT,treasury,bearish,,,,,,,,,,,,,,,,,,,,,,,,,,,2019-03-12T04:00:00+00:00,64,evaluated,0.0013973217477245559,evaluated,-0.002054907056343147,evaluated,0.019069534974432756
crossover_event,trend_crossover,TLT,treasury,bullish,,,,,,,,,,,,,,,,,,,,,,,,,,,2019-03-18T04:00:00+00:00,4,evaluated,0.0026427230481187447,evaluated,0.03278554249539489,evaluated,0.01560828372452061
crossover_event,trend_crossover,TLT,treasury,bearish,,,,,,,,,,,,,,,,,,,,,,,,,,,2019-03-19T04:00:00+00:00,1,evaluated,0.007721393608517646,evaluated,0.026531981383374648,evaluated,0.003860696804258712
crossover_event,trend_crossover,TLT,treasury,bullish,,,,,,,,,,,,,,,,,,,,,,,,,,,2019-03-21T04:00:00+00:00,2,evaluated,0.005233085344738209,evaluated,0.01891955954788238,evaluated,-0.01054663528097155
crossover_event,trend_crossover,TLT,treasury,bearish,,,,,,,,,,,,,,,,,,,,,,,,,,,2019-10-03T04:00:00+00:00,136,evaluated,0.004403160390599847,evaluated,-0.021671888703121645,evaluated,-0.02827657679920903
crossover_event,trend_crossover,TLT,treasury,bullish,,,,,,,,,,,,,,,,,,,,,,,,,,,2019-12-16T05:00:00+00:00,51,evaluated,-0.004413577749217801,evaluated,-0.012734315028785859,evaluated,0.010418834474108296
crossover_event,trend_crossover,TLT,treasury,bearish,,,,,,,,,,,,,,,,,,,,,,,,,,,2019-12-26T05:00:00+00:00,7,evaluated,-0.000873072723049928,evaluated,0.012223462208518665,evaluated,0.049839862653137335
crossover_event,trend_crossover,TLT,treasury,bullish,,,,,,,,,,,,,,,,,,,,,,,,,,,2020-01-27T05:00:00+00:00,20,evaluated,-0.005349746771726505,evaluated,0.011185998000974529,evaluated,0.049468566235636446
crossover_event,trend_crossover,TLT,treasury,bearish,,,,,,,,,,,,,,,,,,,,,,,,,,,2020-05-28T04:00:00+00:00,85,evaluated,0.005408331311613335,evaluated,-0.033679618709407166,evaluated,0.004855222503444834
crossover_event,trend_crossover,TLT,treasury,bullish,,,,,,,,,,,,,,,,,,,,,,,,,,,2020-07-10T04:00:00+00:00,30,evaluated,0.008338398083459264,evaluated,0.007734131596959903,evaluated,0.026465286300981772
crossover_event,trend_crossover,TLT,treasury,bearish,,,,,,,,,,,,,,,,,,,,,,,,,,,2020-08-28T04:00:00+00:00,35,evaluated,0.003650967299547503,evaluated,0.007054451402175088,evaluated,0.018873686124832423
crossover_event,trend_crossover,TLT,treasury,bullish,,,,,,,,,,,,,,,,,,,,,,,,,,,2021-04-29T04:00:00+00:00,167,evaluated,0.0009385956823937391,evaluated,0.0101797972567228,evaluated,0.0010830204405649635
crossover_event,trend_crossover,TLT,treasury,bearish,,,,,,,,,,,,,,,,,,,,,,,,,,,2021-05-28T04:00:00+00:00,21,evaluated,0.002829773392269308,evaluated,0.011972092648368626,evaluated,0.04099545491383472
crossover_event,trend_crossover,TLT,treasury,bullish,,,,,,,,,,,,,,,,,,,,,,,,,,,2021-06-10T04:00:00+00:00,8,evaluated,0.0,evaluated,0.005129616612062016,evaluated,0.02965358227179804
crossover_event,trend_crossover,TLT,treasury,bearish,,,,,,,,,,,,,,,,,,,,,,,,,,,2021-09-28T04:00:00+00:00,76,evaluated,-0.0031768418796425113,evaluated,-0.008425422617339584,evaluated,0.0020718442364298095
crossover_event,trend_crossover,TLT,treasury,bullish,,,,,,,,,,,,,,,,,,,,,,,,,,,2021-11-17T05:00:00+00:00,36,evaluated,0.0056167685086365715,evaluated,0.0056853332407988955,evaluated,0.021576777710525352
crossover_event,trend_crossover,TLT,treasury,bearish,,,,,,,,,,,,,,,,,,,,,,,,,,,2022-01-05T05:00:00+00:00,33,evaluated,0.00490915889066601,evaluated,0.002945495334399695,evaluated,-0.010519672056414797
crossover_event,trend_crossover,TLT,treasury,bullish,,,,,,,,,,,,,,,,,,,,,,,,,,,2022-07-25T04:00:00+00:00,137,evaluated,-0.011610274662053,evaluated,0.009927648486592888,evaluated,-0.0521621816961545
crossover_event,trend_crossover,TLT,treasury,bearish,,,,,,,,,,,,,,,,,,,,,,,,,,,2022-08-30T04:00:00+00:00,26,evaluated,-0.007187906384237164,evaluated,-0.031058655818379632,evaluated,-0.07418582331381518
crossover_event,trend_crossover,TLT,treasury,bullish,,,,,,,,,,,,,,,,,,,,,,,,,,,2022-12-02T05:00:00+00:00,66,evaluated,-0.0023620560152126657,evaluated,0.004629681690461629,evaluated,-0.04138319543620328
crossover_event,trend_crossover,TLT,treasury,bearish,,,,,,,,,,,,,,,,,,,,,,,,,,,2023-02-23T05:00:00+00:00,55,evaluated,-0.0046332926793314355,evaluated,-0.019321757071179002,evaluated,0.04889588885151741
crossover_event,trend_crossover,TLT,treasury,bullish,,,,,,,,,,,,,,,,,,,,,,,,,,,2023-03-30T04:00:00+00:00,25,evaluated,0.009682053034974603,evaluated,0.030185100628709938,evaluated,0.01053631349244144
crossover_event,trend_crossover,TLT,treasury,bearish,,,,,,,,,,,,,,,,,,,,,,,,,,,2023-05-10T04:00:00+00:00,28,evaluated,-0.001424515873994614,evaluated,-0.02583097000829304,evaluated,-0.030769282044289303
crossover_event,trend_crossover,TLT,treasury,bullish,,,,,,,,,,,,,,,,,,,,,,,,,,,2023-11-24T05:00:00+00:00,137,evaluated,0.011074196746447829,evaluated,0.029789531795141544,evaluated,0.09058693276551932
crossover_event,trend_crossover,TLT,treasury,bearish,,,,,,,,,,,,,,,,,,,,,,,,,,,2024-02-01T05:00:00+00:00,46,evaluated,-0.0020774587640601805,evaluated,-0.02316397429416206,evaluated,-0.018697366626457823
crossover_event,trend_crossover,TLT,treasury,bullish,,,,,,,,,,,,,,,,,,,,,,,,,,,2024-03-26T04:00:00+00:00,37,evaluated,0.007553985536862484,evaluated,-0.02095969002529896,evaluated,-0.059474374560502086
crossover_event,trend_crossover,TLT,treasury,bearish,,,,,,,,,,,,,,,,,,,,,,,,,,,2024-04-02T04:00:00+00:00,4,evaluated,0.00832779409430029,evaluated,0.010628985294731219,evaluated,-0.03331142717911961
crossover_event,trend_crossover,TLT,treasury,bullish,,,,,,,,,,,,,,,,,,,,,,,,,,,2024-05-31T04:00:00+00:00,42,evaluated,0.010591340367796853,evaluated,0.009488091528493392,evaluated,-0.008053792282156969
crossover_event,trend_crossover,TLT,treasury,bearish,,,,,,,,,,,,,,,,,,,,,,,,,,,2024-10-10T04:00:00+00:00,91,evaluated,0.0023533759457474712,evaluated,0.00342318873911851,evaluated,-0.02299958759810461
crossover_event,trend_crossover,GLD,gold,bearish,,,,,,,,,,,,,,,,,,,,,,,,,,,2015-03-02T05:00:00+00:00,,evaluated,-0.004912096607437633,evaluated,-0.03507410946839806,evaluated,-0.019734582018784863
crossover_event,trend_crossover,GLD,gold,bullish,,,,,,,,,,,,,,,,,,,,,,,,,,,2015-04-17T04:00:00+00:00,33,evaluated,-0.0008709151226865552,evaluated,-0.015415403655903326,evaluated,0.02360215199159965
crossover_event,trend_crossover,GLD,gold,bearish,,,,,,,,,,,,,,,,,,,,,,,,,,,2015-06-10T04:00:00+00:00,37,evaluated,-8.8236136065456e-05,evaluated,0.005120524836619955,evaluated,-0.01686232973709334
crossover_event,trend_crossover,GLD,gold,bullish,,,,,,,,,,,,,,,,,,,,,,,,,,,2015-09-04T04:00:00+00:00,61,evaluated,-0.0007435114515724761,evaluated,-0.012825253466428932,evaluated,0.010873589084917201
crossover_event,trend_crossover,GLD,gold,bearish,,,,,,,,,,,,,,,,,,,,,,,,,,,2015-11-12T05:00:00+00:00,48,evaluated,0.00019312963965223418,evaluated,0.00019312963965223418,evaluated,-0.0041529872645702515
crossover_event,trend_crossover,GLD,gold,bullish,,,,,,,,,,,,,,,,,,,,,,,,,,,2016-01-14T05:00:00+00:00,42,evaluated,-0.008006065121522798,evaluated,0.0007625031686129269,evaluated,0.12809762367479993
crossover_event,trend_crossover,GLD,gold,bearish,,,,,,,,,,,,,,,,,,,,,,,,,,,2016-04-18T04:00:00+00:00,64,evaluated,-0.0024192951437603805,evaluated,-0.013681482873705852,evaluated,0.016100778017466233
crossover_event,trend_crossover,GLD,gold,bullish,,,,,,,,,,,,,,,,,,,,,,,,,,,2016-04-29T04:00:00+00:00,9,evaluated,-0.004362586208214281,evaluated,-0.004847297463549838,evaluated,-0.06592338110508744
crossover_event,trend_crossover,GLD,gold,bearish,,,,,,,,,,,,,,,,,,,,,,,,,,,2016-06-06T04:00:00+00:00,25,evaluated,0.0027004193656052777,evaluated,0.03493670371011337,evaluated,0.09257384996373941
crossover_event,trend_crossover,GLD,gold,bullish,,,,,,,,,,,,,,,,,,,,,,,,,,,2016-06-24T04:00:00+00:00,14,evaluated,0.0018981165701950076,evaluated,0.01558052184961034,evaluated,-0.007671632410420348
crossover_event,trend_crossover,GLD,gold,bearish,,,,,,,,,,,,,,,,,,,,,,,,,,,2016-09-01T04:00:00+00:00,48,evaluated,0.002217109646583726,evaluated,0.003642403049631371,evaluated,-0.005146896200544648
crossover_event,trend_crossover,GLD,gold,bullish,,,,,,,,,,,,,,,,,,,,,,,,,,,2017-01-24T05:00:00+00:00,98,evaluated,0.0015770133707579959,evaluated,0.012353282544675048,evaluated,0.033029650364645446
crossover_event,trend_crossover,GLD,gold,bearish,,,,,,,,,,,,,,,,,,,,,,,,,,,2017-05-18T04:00:00+00:00,80,evaluated,8.377700210737693e-05,evaluated,0.0007538652127085932,evaluated,-0.00041882110740798506
crossover_event,trend_crossover,GLD,gold,bullish,,,,,,,,,,,,,,,,,,,,,,,,,,,2017-06-08T04:00:00+00:00,14,evaluated,0.0006641360755663683,evaluated,-0.00946371740256291,evaluated,-0.04300182919263762
crossover_event,trend_crossover,GLD,gold,bearish,,,,,,,,,,,,,,,,,,,,,,,,,,,2017-07-05T04:00:00+00:00,18,evaluated,-0.0009435632923644466,evaluated,-0.004717816461822233,evaluated,0.032767195357914725
crossover_event,trend_crossover,GLD,gold,bullish,,,,,,,,,,,,,,,,,,,,,,,,,,,2017-08-09T04:00:00+00:00,25,evaluated,0.0010648529772949722,evaluated,-0.0017201759610331324,evaluated,0.0495576913582485
crossover_event,trend_crossover,GLD,gold,bearish,,,,,,,,,,,,,,,,,,,,,,,,,,,2017-10-10T04:00:00+00:00,43,evaluated,0.0017949026780688104,evaluated,-0.00358980535613751,evaluated,-0.01109570542333116
crossover_event,trend_crossover,GLD,gold,bullish,,,,,,,,,,,,,,,,,,,,,,,,,,,2017-12-04T05:00:00+00:00,38,evaluated,0.0018318170149729252,evaluated,-0.01740213459154183,evaluated,0.03930059351099979
crossover_event,trend_crossover,GLD,gold,bearish,,,,,,,,,,,,,,,,,,,,,,,,,,,2017-12-07T05:00:00+00:00,3,evaluated,-8.434894941455884e-05,evaluated,0.0037134142065908815,evaluated,0.05755759825960438
crossover_event,trend_crossover,GLD,gold,bullish,,,,,,,,,,,,,,,,,,,,,,,,,,,2018-01-08T05:00:00+00:00,20,evaluated,0.0019279098504501047,evaluated,0.021527836381751264,evaluated,0.007149163827782967
crossover_event,trend_crossover,GLD,gold,bearish,,,,,,,,,,,,,,,,,,,,,,,,,,,2018-03-12T04:00:00+00:00,43,evaluated,0.0008753132167924615,evaluated,-0.006365842556055434,evaluated,0.011538192080558396
crossover_event,trend_crossover,GLD,gold,bullish,,,,,,,,,,,,,,,,,,,,,,,,,,,2018-04-10T04:00:00+00:00,20,evaluated,0.00015617357352537553,evaluated,-0.0026543551222668604,evaluated,-0.027324538215828253
crossover_event,trend_crossover,GLD,gold,bearish,,,,,,,,,,,,,,,,,,,,,,,,,,,2018-05-08T04:00:00+00:00,20,evaluated,-0.0009642034562475921,evaluated,-0.01582959935409156,evaluated,-0.0122940845063515
crossover_event,trend_crossover,GLD,gold,bullish,,,,,,,,,,,,,,,,,,,,,,,,,,,2018-10-12T04:00:00+00:00,110,evaluated,-0.0010334373384740525,evaluated,-0.0009473011345997318,evaluated,-0.01412331511244913
crossover_event,trend_crossover,GLD,gold,bearish,,,,,,,,,,,,,,,,,,,,,,,,,,,2019-03-21T04:00:00+00:00,108,evaluated,0.000322770236656611,evaluated,-0.016380204747018734,evaluated,-0.028725873879022923
crossover_event,trend_crossover,GLD,gold,bullish,,,,,,,,,,,,,,,,,,,,,,,,,,,2019-06-04T04:00:00+00:00,51,evaluated,-0.005626874962398665,evaluated,-0.007925186222708991,evaluated,0.05729912299451012
crossover_event,trend_crossover,GLD,gold,bearish,,,,,,,,,,,,,,,,,,,,,,,,,,,2019-10-07T04:00:00+00:00,87,evaluated,-0.0007744885678869773,evaluated,-0.010138720367405596,evaluated,0.0008448575527622015
crossover_event,trend_crossover,GLD,gold,bullish,,,,,,,,,,,,,,,,,,,,,,,,,,,2019-12-30T05:00:00+00:00,58,evaluated,-0.0028609564517070307,evaluated,0.03251694746700484,evaluated,0.0359361471147035
crossover_event,trend_crossover,GLD,gold,bearish,,,,,,,,,,,,,,,,,,,,,,,,,,,2020-03-31T04:00:00+00:00,63,evaluated,0.008434548081917681,evaluated,0.05290146085919756,evaluated,0.09129554020181341
crossover_event,trend_crossover,GLD,gold,bullish,,,,,,,,,,,,,,,,,,,,,,,,,,,2020-04-14T04:00:00+00:00,9,evaluated,0.00030904234125261887,evaluated,-0.01971571311025133,evaluated,-0.010877686850611412
crossover_event,trend_crossover,GLD,gold,bearish,,,,,,,,,,,,,,,,,,,,,,,,,,,2020-09-24T04:00:00+00:00,114,evaluated,0.0030388095187685593,evaluated,0.024597174451323145,evaluated,0.02534257253676997
crossover_event,trend_crossover,GLD,gold,bullish,,,,,,,,,,,,,,,,,,,,,,,,,,,2021-01-05T05:00:00+00:00,70,evaluated,-0.008760876899855385,evaluated,-0.04060835391982043,evaluated,-0.05311586918218225
crossover_event,trend_crossover,GLD,gold,bearish,,,,,,,,,,,,,,,,,,,,,,,,,,,2021-02-03T05:00:00+00:00,20,evaluated,-0.0008318937265058279,evaluated,0.026264267657431617,evaluated,-0.05496464655668987
crossover_event,trend_crossover,GLD,gold,bullish,,,,,,,,,,,,,,,,,,,,,,,,,,,2021-04-26T04:00:00+00:00,56,evaluated,-0.0029954469535395933,evaluated,0.00533189192074901,evaluated,0.05649417707892557
crossover_event,trend_crossover,GLD,gold,bearish,,,,,,,,,,,,,,,,,,,,,,,,,,,2021-06-30T04:00:00+00:00,46,evaluated,-0.0027002518135206266,evaluated,0.012001200559553116,evaluated,0.027122738901920185
crossover_event,trend_crossover,GLD,gold,bullish,,,,,,,,,,,,,,,,,,,,,,,,,,,2021-09-10T04:00:00+00:00,50,evaluated,0.0017319113180487289,evaluated,-0.021976666126298672,evaluated,-0.0192296284227369
crossover_event,trend_crossover,GLD,gold,bearish,,,,,,,,,,,,,,,,,,,,,,,,,,,2021-09-21T04:00:00+00:00,7,evaluated,-0.002833210093630578,evaluated,-0.023147847079504236,evaluated,-0.002652374724366302
crossover_event,trend_crossover,GLD,gold,bullish,,,,,,,,,,,,,,,,,,,,,,,,,,,2021-11-03T04:00:00+00:00,31,evaluated,0.0008357673824812561,evaluated,0.033669629124238654,evaluated,-0.013551364623674678
crossover_event,trend_crossover,GLD,gold,bearish,,,,,,,,,,,,,,,,,,,,,,,,,,,2021-12-15T05:00:00+00:00,29,evaluated,0.006885870265844307,evaluated,0.00946052262153696,evaluated,0.01886120147824144
crossover_event,trend_crossover,GLD,gold,bullish,,,,,,,,,,,,,,,,,,,,,,,,,,,2022-01-18T05:00:00+00:00,22,evaluated,0.009918436806502617,evaluated,0.012852881326668397,evaluated,0.015787325846834177
crossover_event,trend_crossover,GLD,gold,bearish,,,,,,,,,,,,,,,,,,,,,,,,,,,2022-04-28T04:00:00+00:00,70,evaluated,-0.0065143124299271715,evaluated,-0.016510374125235372,evaluated,-0.02981980456548572
crossover_event,trend_crossover,GLD,gold,bullish,,,,,,,,,,,,,,,,,,,,,,,,,,,2022-08-24T04:00:00+00:00,81,evaluated,-0.0013417162838647023,evaluated,-0.028663761134672505,evaluated,-0.050436081056860704
crossover_event,trend_crossover,GLD,gold,bearish,,,,,,,,,,,,,,,,,,,,,,,,,,,2022-09-06T04:00:00+00:00,8,evaluated,0.011318423104673014,evaluated,0.0024660095143835825,evaluated,0.016123952893902116
crossover_event,trend_crossover,GLD,gold,bullish,,,,,,,,,,,,,,,,,,,,,,,,,,,2022-11-15T05:00:00+00:00,50,evaluated,-0.0017532708935446006,evaluated,-0.020192226975058847,evaluated,0.0162626345556538
crossover_event,trend_crossover,GLD,gold,bearish,,,,,,,,,,,,,,,,,,,,,,,,,,,2023-02-28T05:00:00+00:00,70,evaluated,-0.0011114503936714426,evaluated,-0.0136297272456819,evaluated,0.07306233235526527
crossover_event,trend_crossover,GLD,gold,bullish,,,,,,,,,,,,,,,,,,,,,,,,,,,2023-03-24T04:00:00+00:00,18,evaluated,0.0044162466393178335,evaluated,0.011427035020501464,evaluated,0.0202042715176729
crossover_event,trend_crossover,GLD,gold,bearish,,,,,,,,,,,,,,,,,,,,,,,,,,,2023-05-31T04:00:00+00:00,46,evaluated,0.005196635637707336,evaluated,-0.014550646559998937,evaluated,-0.031289323872288555
crossover_event,trend_crossover,GLD,gold,bullish,,,,,,,,,,,,,,,,,,,,,,,,,,,2023-07-31T04:00:00+00:00,41,evaluated,-0.0021564798257469597,evaluated,-0.005916545690389907,evaluated,-0.015040094713329677
crossover_event,trend_crossover,GLD,gold,bearish,,,,,,,,,,,,,,,,,,,,,,,,,,,2023-08-16T04:00:00+00:00,12,evaluated,-0.006967630068795527,evaluated,0.007704076472871302,evaluated,0.003625442667388068
crossover_event,trend_crossover,GLD,gold,bullish,,,,,,,,,,,,,,,,,,,,,,,,,,,2023-10-30T04:00:00+00:00,52,evaluated,-0.0053490678807522896,evaluated,-0.00934728609478963,evaluated,0.02258478838571043
crossover_event,trend_crossover,GLD,gold,bearish,,,,,,,,,,,,,,,,,,,,,,,,,,,2024-01-31T05:00:00+00:00,63,evaluated,0.0036898261739981564,evaluated,-0.0063781912974796295,evaluated,-0.0021085295509833957
crossover_event,trend_crossover,GLD,gold,bullish,,,,,,,,,,,,,,,,,,,,,,,,,,,2024-03-06T05:00:00+00:00,24,evaluated,0.0020046565537357175,evaluated,0.008269064903231538,evaluated,0.06003814467984481
crossover_event,trend_crossover,GLD,gold,bearish,,,,,,,,,,,,,,,,,,,,,,,,,,,2024-06-17T04:00:00+00:00,71,evaluated,0.005084412319546594,evaluated,0.0008395963787743987,evaluated,0.059940248866729995
crossover_event,trend_crossover,GLD,gold,bullish,,,,,,,,,,,,,,,,,,,,,,,,,,,2024-07-15T04:00:00+00:00,18,evaluated,0.012597012092852689,evaluated,-0.016189815683707143,evaluated,0.013129326919204765
crossover_event,trend_crossover,GLD,gold,bearish,,,,,,,,,,,,,,,,,,,,,,,,,,,2024-11-26T05:00:00+00:00,95,evaluated,-0.005554423428425825,evaluated,-0.0007351763532087441,evaluated,-0.007269751827346682
