hypothesis_id,hypothesis_version,hypothesis_fingerprint,symbol,state,reason_signature,episode_index,start_timestamp,end_timestamp,length,start_status_h1,start_return_h1,start_status_h5,start_return_h5,start_status_h20,start_return_h20
trend_alignment,1,650add07184f8440,SPY,bullish,fast_above_slow,0,2015-01-02T05:00:00+00:00,2015-01-06T05:00:00+00:00,3,evaluated,-0.011999789245307646,evaluated,0.000391839309262787,evaluated,-0.011020228340004157
trend_alignment,1,650add07184f8440,SPY,neutral,trend_margin_below_threshold,1,2015-01-07T05:00:00+00:00,2015-01-09T05:00:00+00:00,3,evaluated,0.00926424901004097,evaluated,-0.015440390085294742,evaluated,0.010342633533480416
trend_alignment,1,650add07184f8440,SPY,bearish,fast_below_slow,2,2015-01-12T05:00:00+00:00,2015-01-13T05:00:00+00:00,2,evaluated,-0.00999408845253813,evaluated,-0.010092090965469036,evaluated,0.013178534713671253
trend_alignment,1,650add07184f8440,SPY,neutral,trend_margin_below_threshold,3,2015-01-14T05:00:00+00:00,2015-01-16T05:00:00+00:00,3,evaluated,-0.012944505019818364,evaluated,0.02216932555896678,evaluated,0.036155299854155
trend_alignment,1,650add07184f8440,SPY,bearish,fast_below_slow,4,2015-01-20T05:00:00+00:00,2015-02-12T05:00:00+00:00,18,evaluated,0.00784120015411749,evaluated,0.006153873415206235,evaluated,0.04282880835142677
trend_alignment,1,650add07184f8440,SPY,neutral,trend_margin_below_threshold,5,2015-02-13T05:00:00+00:00,2015-02-13T05:00:00+00:00,1,evaluated,0.003390672084824242,evaluated,0.00864380549255217,evaluated,-0.0039159125564972586
trend_alignment,1,650add07184f8440,SPY,bullish,fast_above_slow,6,2015-02-17T05:00:00+00:00,2015-04-01T04:00:00+00:00,32,evaluated,0.00224173048027132,evaluated,0.010254668791999766,evaluated,-0.00810835122841036
trend_alignment,1,650add07184f8440,SPY,neutral,trend_margin_below_threshold,7,2015-04-02T04:00:00+00:00,2015-04-15T04:00:00+00:00,9,evaluated,0.011978413460366877,evaluated,0.022739437502934834,evaluated,0.02605057326150706
trend_alignment,1,650add07184f8440,SPY,bearish,fast_below_slow,8,2015-04-16T04:00:00+00:00,2015-04-24T04:00:00+00:00,7,evaluated,-0.004738228590007276,evaluated,0.010625065543998335,evaluated,0.015650446225001557
trend_alignment,1,650add07184f8440,SPY,neutral,trend_margin_below_threshold,9,2015-04-27T04:00:00+00:00,2015-04-28T04:00:00+00:00,2,evaluated,0.003321613979292204,evaluated,0.0027522151273433604,evaluated,-0.00018984788781917228
trend_alignment,1,650add07184f8440,SPY,bullish,fast_above_slow,10,2015-04-29T04:00:00+00:00,2015-06-18T04:00:00+00:00,36,evaluated,-0.006765762035016998,evaluated,-0.008766969477188025,evaluated,0.012292747146138261
trend_alignment,1,650add07184f8440,SPY,neutral,trend_margin_below_threshold,11,2015-06-19T04:00:00+00:00,2015-06-25T04:00:00+00:00,5,evaluated,-9.439984953629743e-05,evaluated,-0.009862660099912657,evaluated,0.0032088748243594978
trend_alignment,1,650add07184f8440,SPY,bearish,fast_below_slow,12,2015-06-26T04:00:00+00:00,2015-08-03T04:00:00+00:00,26,evaluated,-0.012641215305140951,evaluated,-0.006392702771188197,evaluated,-0.006056283331615897
trend_alignment,1,650add07184f8440,SPY,neutral,trend_margin_below_threshold,13,2015-08-04T04:00:00+00:00,2015-08-05T04:00:00+00:00,2,evaluated,-0.001805605272196309,evaluated,-0.008458060371151488,evaluated,-0.088762142773399
trend_alignment,1,650add07184f8440,SPY,bullish,fast_above_slow,14,2015-08-06T04:00:00+00:00,2015-08-13T04:00:00+00:00,6,evaluated,-0.0010088715899913003,evaluated,0.0024019984204632916,evaluated,-0.060578403096208766
trend_alignment,1,650add07184f8440,SPY,neutral,trend_margin_below_threshold,15,2015-08-14T04:00:00+00:00,2015-08-19T04:00:00+00:00,4,evaluated,0.0090076640484269,evaluated,-0.052129771131331215,evaluated,-0.060850039760874775
trend_alignment,1,650add07184f8440,SPY,bearish,fast_below_slow,16,2015-08-20T04:00:00+00:00,2015-10-21T04:00:00+00:00,44,evaluated,-0.01933274167988286,evaluated,-0.01219447532433715,evaluated,-0.03113071388639088
trend_alignment,1,650add07184f8440,SPY,neutral,trend_margin_below_threshold,17,2015-10-22T04:00:00+00:00,2015-10-22T04:00:00+00:00,1,evaluated,0.0012544970173025138,evaluated,0.0076236517783097035,evaluated,0.006272632336587813
trend_alignment,1,650add07184f8440,SPY,bullish,fast_above_slow,18,2015-10-23T04:00:00+00:00,2015-12-18T05:00:00+00:00,40,evaluated,-0.0014471927030454967,evaluated,0.0030390237083892657,evaluated,0.00969606597803141
trend_alignment,1,650add07184f8440,SPY,neutral,trend_margin_below_threshold,19,2015-12-21T05:00:00+00:00,2015-12-22T05:00:00+00:00,2,evaluated,0.003847665620560381,evaluated,0.02308599372336273,evaluated,-0.07907457913758031
trend_alignment,1,650add07184f8440,SPY,bearish,fast_below_slow,20,2015-12-23T05:00:00+00:00,2016-03-07T05:00:00+00:00,50,evaluated,-0.0001944805788667292,evaluated,-0.008992835371077423,evaluated,-0.08788645597788947
trend_alignment,1,650add07184f8440,SPY,neutral,trend_margin_below_threshold,21,2016-03-08T05:00:00+00:00,2016-03-08T05:00:00+00:00,1,evaluated,0.0001003424578636114,evaluated,0.014095092044496438,evaluated,0.035413310277784715
trend_alignment,1,650add07184f8440,SPY,bullish,fast_above_slow,22,2016-03-09T05:00:00+00:00,2016-05-23T04:00:00+00:00,53,evaluated,-0.002100487165593079,evaluated,0.016903328218327296,evaluated,0.019953941290292487
trend_alignment,1,650add07184f8440,SPY,neutral,trend_margin_below_threshold,23,2016-05-24T04:00:00+00:00,2016-06-01T04:00:00+00:00,6,evaluated,0.0029232789366187006,evaluated,0.0076676384605141035,evaluated,-0.002731547756895103
trend_alignment,1,650add07184f8440,SPY,bullish,fast_above_slow,24,2016-06-02T04:00:00+00:00,2016-07-06T04:00:00+00:00,24,evaluated,0.0001426814710909774,evaluated,0.008703932609059217,evaluated,-0.003662327098506224
trend_alignment,1,650add07184f8440,SPY,neutral,trend_margin_below_threshold,25,2016-07-07T04:00:00+00:00,2016-07-11T04:00:00+00:00,3,evaluated,0.007581098420236465,evaluated,0.02402270548267338,evaluated,0.02539682792156639
trend_alignment,1,650add07184f8440,SPY,bullish,fast_above_slow,26,2016-07-12T04:00:00+00:00,2016-09-15T04:00:00+00:00,47,evaluated,-0.002413684861530596,evaluated,0.0034812476397181324,evaluated,0.012718112715024654
trend_alignment,1,650add07184f8440,SPY,neutral,trend_margin_below_threshold,27,2016-09-16T04:00:00+00:00,2016-09-19T04:00:00+00:00,2,evaluated,-0.0033624489996026963,evaluated,0.00868631470572967,evaluated,-0.004716806344714497
trend_alignment,1,650add07184f8440,SPY,bearish,fast_below_slow,28,2016-09-20T04:00:00+00:00,2016-11-17T05:00:00+00:00,43,evaluated,0.007374915004402016,evaluated,0.00620799942565875,evaluated,-0.002473855329105601
trend_alignment,1,650add07184f8440,SPY,neutral,trend_margin_below_threshold,29,2016-11-18T05:00:00+00:00,2016-11-22T05:00:00+00:00,3,evaluated,0.00447139542695818,evaluated,0.005977084316001857,evaluated,0.029018573087038257
trend_alignment,1,650add07184f8440,SPY,bullish,fast_above_slow,30,2016-11-23T05:00:00+00:00,2017-04-12T04:00:00+00:00,96,evaluated,0.001899584610362659,evaluated,-0.006919940013843995,evaluated,0.019357750615769165
trend_alignment,1,650add07184f8440,SPY,neutral,trend_margin_below_threshold,31,2017-04-13T04:00:00+00:00,2017-04-13T04:00:00+00:00,1,evaluated,0.006263166359420147,evaluated,0.006348915634953434,evaluated,0.025181223893518512
trend_alignment,1,650add07184f8440,SPY,bearish,fast_below_slow,32,2017-04-17T04:00:00+00:00,2017-05-03T04:00:00+00:00,13,evaluated,0.0006417674811782792,evaluated,0.01476123964668452,evaluated,0.02815335357131521
trend_alignment,1,650add07184f8440,SPY,neutral,trend_margin_below_threshold,33,2017-05-04T04:00:00+00:00,2017-05-08T04:00:00+00:00,3,evaluated,0.0021321731745911343,evaluated,0.0007943577886486697,evaluated,0.020820250331152534
trend_alignment,1,650add07184f8440,SPY,bullish,fast_above_slow,34,2017-05-09T04:00:00+00:00,2017-09-01T04:00:00+00:00,82,evaluated,0.002005078444224262,evaluated,0.0028823361174881157,evaluated,0.017837020273811843
trend_alignment,1,650add07184f8440,SPY,neutral,trend_margin_below_threshold,35,2017-09-05T04:00:00+00:00,2017-09-14T04:00:00+00:00,8,evaluated,0.00024306254854922216,evaluated,0.013004402696040973,evaluated,0.024388285374224328
trend_alignment,1,650add07184f8440,SPY,bullish,fast_above_slow,36,2017-09-15T04:00:00+00:00,2018-02-22T05:00:00+00:00,110,evaluated,0.0004406899166002898,evaluated,-0.0006810551201058557,evaluated,0.02139335893927785
trend_alignment,1,650add07184f8440,SPY,bearish,fast_below_slow,37,2018-02-23T05:00:00+00:00,2018-05-11T04:00:00+00:00,55,evaluated,0.007139496513588028,evaluated,-0.024825159588810708,evaluated,-0.06479906265145152
trend_alignment,1,650add07184f8440,SPY,neutral,trend_margin_below_threshold,38,2018-05-14T04:00:00+00:00,2018-05-17T04:00:00+00:00,4,evaluated,-0.0018041542066423721,evaluated,0.006553992427181798,evaluated,0.026989274968450383
trend_alignment,1,650add07184f8440,SPY,bullish,fast_above_slow,39,2018-05-18T04:00:00+00:00,2018-10-12T04:00:00+00:00,103,evaluated,0.001318579314624868,evaluated,-0.0031501257769960267,evaluated,0.013003141518570516
trend_alignment,1,650add07184f8440,SPY,neutral,trend_margin_below_threshold,40,2018-10-15T04:00:00+00:00,2018-10-15T04:00:00+00:00,1,evaluated,0.013738205745182253,evaluated,-0.005748359735377573,evaluated,-0.014569771114859131
trend_alignment,1,650add07184f8440,SPY,bearish,fast_below_slow,41,2018-10-16T04:00:00+00:00,2019-01-30T05:00:00+00:00,72,evaluated,3.569307351969364e-05,evaluated,-0.024354646378491496,evaluated,-0.02988163175673686
trend_alignment,1,650add07184f8440,SPY,neutral,trend_margin_below_threshold,42,2019-01-31T05:00:00+00:00,2019-01-31T05:00:00+00:00,1,evaluated,-0.0003331347026611642,evaluated,-3.693965675488631e-05,evaluated,0.03801599023979718
trend_alignment,1,650add07184f8440,SPY,bullish,fast_above_slow,43,2019-02-01T05:00:00+00:00,2019-05-24T04:00:00+00:00,79,evaluated,0.006849084461308497,evaluated,0.0013328491676161125,evaluated,0.03439342878357654
trend_alignment,1,650add07184f8440,SPY,neutral,trend_margin_below_threshold,44,2019-05-28T04:00:00+00:00,2019-05-28T04:00:00+00:00,1,evaluated,-0.0022946995089242472,evaluated,0.005808307683184077,evaluated,0.04248684503217581
trend_alignment,1,650add07184f8440,SPY,bearish,fast_below_slow,45,2019-05-29T04:00:00+00:00,2019-06-26T04:00:00+00:00,21,evaluated,-0.00028657725077396723,evaluated,0.013793867312436703,evaluated,0.04070085796046219
trend_alignment,1,650add07184f8440,SPY,neutral,trend_margin_below_threshold,46,2019-06-27T04:00:00+00:00,2019-06-27T04:00:00+00:00,1,evaluated,0.0014355507793102351,evaluated,0.020097085079878285,evaluated,0.03223058181059213
trend_alignment,1,650add07184f8440,SPY,bullish,fast_above_slow,47,2019-06-28T04:00:00+00:00,2019-08-14T04:00:00+00:00,33,evaluated,-0.0034380107821646577,evaluated,0.0004719382900568725,evaluated,0.016111631715322927
trend_alignment,1,650add07184f8440,SPY,neutral,trend_margin_below_threshold,48,2019-08-15T04:00:00+00:00,2019-08-15T04:00:00+00:00,1,evaluated,0.008272811457343154,evaluated,0.020524902749724516,evaluated,0.05099827140211799
trend_alignment,1,650add07184f8440,SPY,bearish,fast_below_slow,49,2019-08-16T04:00:00+00:00,2019-09-17T04:00:00+00:00,22,evaluated,0.00047908597039514333,evaluated,-0.0251206279357985,evaluated,0.027276775913307905
trend_alignment,1,650add07184f8440,SPY,neutral,trend_margin_below_threshold,50,2019-09-18T04:00:00+00:00,2019-09-18T04:00:00+00:00,1,evaluated,-0.0014924293067126726,evaluated,-0.012967212807808437,evaluated,-0.010380409562842474
trend_alignment,1,650add07184f8440,SPY,bullish,fast_above_slow,51,2019-09-19T04:00:00+00:00,2020-03-02T05:00:00+00:00,113,evaluated,-0.006924978937627335,evaluated,-0.011186527884630593,evaluated,-0.00359564064767659
trend_alignment,1,650add07184f8440,SPY,neutral,trend_margin_below_threshold,52,2020-03-03T05:00:00+00:00,2020-03-03T05:00:00+00:00,1,evaluated,0.02201747792330533,evaluated,-0.0578204036710418,evaluated,-0.1580099173158248
trend_alignment,1,650add07184f8440,SPY,bearish,fast_below_slow,53,2020-03-04T05:00:00+00:00,2020-04-29T04:00:00+00:00,40,evaluated,-0.008262900650767513,evaluated,-0.1004001066684278,evaluated,-0.19289794403109595
trend_alignment,1,650add07184f8440,SPY,bullish,fast_above_slow,54,2020-04-30T04:00:00+00:00,2020-09-29T04:00:00+00:00,106,evaluated,-0.008832459553592575,evaluated,0.008306737014011523,evaluated,0.06662931523008031
trend_alignment,1,650add07184f8440,SPY,neutral,trend_margin_below_threshold,55,2020-09-30T04:00:00+00:00,2020-09-30T04:00:00+00:00,1,evaluated,-0.0019248242227637435,evaluated,0.00909119992307561,evaluated,-0.03266308951865027
trend_alignment,1,650add07184f8440,SPY,bearish,fast_below_slow,56,2020-10-01T04:00:00+00:00,2020-10-20T04:00:00+00:00,14,evaluated,0.0064515648239520385,evaluated,0.036418408585182416,evaluated,-0.005185411990969668
trend_alignment,1,650add07184f8440,SPY,bullish,fast_above_slow,57,2020-10-21T04:00:00+00:00,2021-09-29T04:00:00+00:00,237,evaluated,0.004811039006281659,evaluated,-0.04752737403512497,evaluated,0.038838370819015644
trend_alignment,1,650add07184f8440,SPY,neutral,trend_margin_below_threshold,58,2021-09-30T04:00:00+00:00,2021-09-30T04:00:00+00:00,1,evaluated,0.0075641077658943345,evaluated,0.01781983498075701,evaluated,0.0634368082995802
trend_alignment,1,650add07184f8440,SPY,bearish,fast_below_slow,59,2021-10-01T04:00:00+00:00,2021-10-28T04:00:00+00:00,20,evaluated,-0.010069250234555405,evaluated,0.011223984645640783,evaluated,0.06062355658198615
trend_alignment,1,650add07184f8440,SPY,neutral,trend_margin_below_threshold,60,2021-10-29T04:00:00+00:00,2021-10-29T04:00:00+00:00,1,evaluated,-0.0005648039429534402,evaluated,0.017879668052543485,evaluated,0.009341773679300891
trend_alignment,1,650add07184f8440,SPY,bullish,fast_above_slow,61,2021-11-01T04:00:00+00:00,2022-01-24T05:00:00+00:00,58,evaluated,0.003650412131861236,evaluated,0.01892571255481168,evaluated,-0.01012560003856644
trend_alignment,1,650add07184f8440,SPY,bearish,fast_below_slow,62,2022-01-25T05:00:00+00:00,2022-03-31T04:00:00+00:00,47,evaluated,-0.016654556901344097,evaluated,0.027750070231560953,evaluated,-0.042589374118902956
trend_alignment,1,650add07184f8440,SPY,neutral,trend_margin_below_threshold,63,2022-04-01T04:00:00+00:00,2022-04-01T04:00:00+00:00,1,evaluated,0.008099183171737634,evaluated,-0.012270203912079669,evaluated,-0.0852955961423918
trend_alignment,1,650add07184f8440,SPY,bullish,fast_above_slow,64,2022-04-04T04:00:00+00:00,2022-04-29T04:00:00+00:00,19,evaluated,-0.009204346096767457,evaluated,-0.03361009567229212,evaluated,-0.08532137479403046
trend_alignment,1,650add07184f8440,SPY,bearish,fast_below_slow,65,2022-05-02T04:00:00+00:00,2022-07-29T04:00:00+00:00,62,evaluated,0.003301113430881353,evaluated,-0.04057732570691708,evaluated,-0.005011968484852747
trend_alignment,1,650add07184f8440,SPY,neutral,trend_margin_below_threshold,66,2022-08-01T04:00:00+00:00,2022-08-01T04:00:00+00:00,1,evaluated,-0.0025909209308876413,evaluated,0.009459315514703581,evaluated,-0.015863292705886933
trend_alignment,1,650add07184f8440,SPY,bullish,fast_above_slow,67,2022-08-02T04:00:00+00:00,2022-09-15T04:00:00+00:00,32,evaluated,0.010114610132907265,evaluated,0.0025591477986508515,evaluated,-0.02946623616277333
trend_alignment,1,650add07184f8440,SPY,bearish,fast_below_slow,68,2022-09-16T04:00:00+00:00,2022-11-10T05:00:00+00:00,40,evaluated,0.016454711104099795,evaluated,-0.03743524614925753,evaluated,-0.06443259627894082
trend_alignment,1,650add07184f8440,SPY,bullish,fast_above_slow,69,2022-11-11T05:00:00+00:00,2022-12-30T05:00:00+00:00,34,evaluated,-0.003882439698240203,evaluated,-0.001588274282751101,evaluated,0.0057732277612556615
trend_alignment,1,650add07184f8440,SPY,bearish,fast_below_slow,70,2023-01-03T05:00:00+00:00,2023-01-27T05:00:00+00:00,18,evaluated,0.0015136935668103035,evaluated,0.019312057095699497,evaluated,0.07208099495047882
trend_alignment,1,650add07184f8440,SPY,neutral,trend_margin_below_threshold,71,2023-01-30T05:00:00+00:00,2023-01-30T05:00:00+00:00,1,evaluated,0.013337337118619619,evaluated,0.021688683428193745,evaluated,-0.01214069019496622
trend_alignment,1,650add07184f8440,SPY,bullish,fast_above_slow,72,2023-01-31T05:00:00+00:00,2023-03-13T04:00:00+00:00,29,evaluated,0.013795307262334244,evaluated,0.024629232242005417,evaluated,-0.025838457692284766
trend_alignment,1,650add07184f8440,SPY,neutral,trend_margin_below_threshold,73,2023-03-14T04:00:00+00:00,2023-03-14T04:00:00+00:00,1,evaluated,0.00878484542790714,evaluated,0.03374015527593688,evaluated,0.05742561948569702
trend_alignment,1,650add07184f8440,SPY,bearish,fast_below_slow,74,2023-03-15T04:00:00+00:00,2023-04-12T04:00:00+00:00,20,evaluated,0.024016281090541547,evaluated,0.013675554333232531,evaluated,0.06889507624187408
trend_alignment,1,650add07184f8440,SPY,neutral,trend_margin_below_threshold,75,2023-04-13T04:00:00+00:00,2023-04-13T04:00:00+00:00,1,evaluated,-0.0008478624684130631,evaluated,-0.0022528346728066806,evaluated,-0.0016472291848618204
trend_alignment,1,650add07184f8440,SPY,bullish,fast_above_slow,76,2023-04-14T04:00:00+00:00,2023-08-24T04:00:00+00:00,92,evaluated,0.0038072782763269863,evaluated,-0.0004122096955864185,evaluated,-0.0018915022638230639
trend_alignment,1,650add07184f8440,SPY,neutral,trend_margin_below_threshold,77,2023-08-25T04:00:00+00:00,2023-08-25T04:00:00+00:00,1,evaluated,0.0011758763176854536,evaluated,0.020237907933852828,evaluated,-0.022634722026702914
trend_alignment,1,650add07184f8440,SPY,bearish,fast_below_slow,78,2023-08-28T04:00:00+00:00,2023-11-17T05:00:00+00:00,59,evaluated,0.014706901288577434,evaluated,0.01488760065233774,evaluated,-0.03788543825800572
trend_alignment,1,650add07184f8440,SPY,neutral,trend_margin_below_threshold,79,2023-11-20T05:00:00+00:00,2023-11-20T05:00:00+00:00,1,evaluated,0.0001985885064326176,evaluated,0.0038616003095528484,evaluated,0.047795586769439735
trend_alignment,1,650add07184f8440,SPY,bullish,fast_above_slow,80,2023-11-21T05:00:00+00:00,2024-04-24T04:00:00+00:00,106,evaluated,8.786765655277584e-05,evaluated,-0.0008132788822160508,evaluated,0.02918809279226986
trend_alignment,1,650add07184f8440,SPY,neutral,trend_margin_below_threshold,81,2024-04-25T04:00:00+00:00,2024-04-25T04:00:00+00:00,1,evaluated,0.0037721015880050057,evaluated,-0.002606906898997674,evaluated,0.03872818333714334
trend_alignment,1,650add07184f8440,SPY,bearish,fast_below_slow,82,2024-04-26T04:00:00+00:00,2024-05-16T04:00:00+00:00,15,evaluated,-5.8810757929461666e-05,evaluated,0.002352549972841178,evaluated,0.037934494388119466
trend_alignment,1,650add07184f8440,SPY,neutral,trend_margin_below_threshold,83,2024-05-17T04:00:00+00:00,2024-05-17T04:00:00+00:00,1,evaluated,0.0009252605464777908,evaluated,-0.0002454914005975972,evaluated,0.03310226791410109
trend_alignment,1,650add07184f8440,SPY,bullish,fast_above_slow,84,2024-05-20T04:00:00+00:00,2024-08-08T04:00:00+00:00,56,evaluated,0.0039297837431173654,evaluated,0.001001300318137499,evaluated,0.03629451306337694
trend_alignment,1,650add07184f8440,SPY,bearish,fast_below_slow,85,2024-08-09T04:00:00+00:00,2024-08-30T04:00:00+00:00,16,evaluated,-0.0017596121426833866,evaluated,0.03762560558432648,evaluated,0.022837368581788642
trend_alignment,1,650add07184f8440,SPY,neutral,trend_margin_below_threshold,86,2024-09-03T04:00:00+00:00,2024-09-03T04:00:00+00:00,1,evaluated,0.0013631406458745055,evaluated,-0.002562766536538974,evaluated,0.033478703201528015
trend_alignment,1,650add07184f8440,SPY,bullish,fast_above_slow,87,2024-09-04T04:00:00+00:00,2024-12-31T05:00:00+00:00,83,evaluated,-0.0023235659802108843,evaluated,0.006407755028871698,evaluated,0.03261988822685935
momentum_in_trend_context,1,6589cb8021b76574,SPY,neutral,momentum_midrange,0,2015-01-02T05:00:00+00:00,2015-01-12T05:00:00+00:00,7,evaluated,-0.011999789245307646,evaluated,0.000391839309262787,evaluated,-0.011020228340004157
momentum_in_trend_context,1,6589cb8021b76574,SPY,bearish,"fast_below_slow,momentum_depressed,momentum_confirms_trend",1,2015-01-13T05:00:00+00:00,2015-01-15T05:00:00+00:00,3,evaluated,0.006060639874071683,evaluated,0.01718010538156456,evaluated,0.03646380667094551
momentum_in_trend_context,1,6589cb8021b76574,SPY,neutral,momentum_midrange,2,2015-01-16T05:00:00+00:00,2015-01-27T05:00:00+00:00,7,evaluated,-0.0016798238544637467,evaluated,0.015069185492751158,evaluated,0.03809291969549378
momentum_in_trend_context,1,6589cb8021b76574,SPY,bearish,"fast_below_slow,momentum_depressed,momentum_confirms_trend",3,2015-01-28T05:00:00+00:00,2015-01-28T05:00:00+00:00,1,evaluated,0.008034736855571767,evaluated,0.018365069298872383,evaluated,0.05489569683578499
momentum_in_trend_context,1,6589cb8021b76574,SPY,neutral,momentum_midrange,4,2015-01-29T05:00:00+00:00,2015-01-29T05:00:00+00:00,1,evaluated,-0.005584136885262603,evaluated,0.027671075386646704,evaluated,0.050306606020013245
momentum_in_trend_context,1,6589cb8021b76574,SPY,bearish,"fast_below_slow,momentum_depressed,momentum_confirms_trend",5,2015-01-30T05:00:00+00:00,2015-01-30T05:00:00+00:00,1,evaluated,0.009347638533670377,evaluated,0.02749312629891354,evaluated,0.05968509002380307
momentum_in_trend_context,1,6589cb8021b76574,SPY,neutral,momentum_midrange,6,2015-02-02T05:00:00+00:00,2015-02-13T05:00:00+00:00,10,evaluated,0.009064021368919262,evaluated,0.008029580703509787,evaluated,0.03999997594673643
momentum_in_trend_context,1,6589cb8021b76574,SPY,bullish,"fast_above_slow,momentum_elevated,momentum_confirms_trend",7,2015-02-17T05:00:00+00:00,2015-03-05T05:00:00+00:00,13,evaluated,0.00224173048027132,evaluated,0.010254668791999766,evaluated,-0.00810835122841036
momentum_in_trend_context,1,6589cb8021b76574,SPY,neutral,momentum_midrange,8,2015-03-06T05:00:00+00:00,2015-03-17T04:00:00+00:00,8,evaluated,0.0029844762722310847,evaluated,-0.009194202424203879,evaluated,0.0004332162102189674
momentum_in_trend_context,1,6589cb8021b76574,SPY,bullish,"fast_above_slow,momentum_elevated,momentum_confirms_trend",9,2015-03-18T04:00:00+00:00,2015-03-18T04:00:00+00:00,1,evaluated,-0.0021909254103524844,evaluated,-0.020003867749704418,evaluated,0.0019526976100694426
momentum_in_trend_context,1,6589cb8021b76574,SPY,neutral,momentum_midrange,10,2015-03-19T04:00:00+00:00,2015-03-19T04:00:00+00:00,1,evaluated,0.0033379282143521927,evaluated,-0.021172105761573357,evaluated,-0.008392588380517263
momentum_in_trend_context,1,6589cb8021b76574,SPY,bullish,"fast_above_slow,momentum_elevated,momentum_confirms_trend",11,2015-03-20T04:00:00+00:00,2015-03-20T04:00:00+00:00,1,evaluated,-0.0019959992994966758,evaluated,-0.022241197207994,evaluated,-0.0027088302936494335
momentum_in_trend_context,1,6589cb8021b76574,SPY,neutral,momentum_midrange,12,2015-03-23T04:00:00+00:00,2015-04-09T04:00:00+00:00,13,evaluated,-0.004908261850556261,evaluated,-0.007624522549341095,evaluated,-0.0011913271037823359
momentum_in_trend_context,1,6589cb8021b76574,SPY,bullish,"fast_above_slow,momentum_elevated,momentum_confirms_trend",13,2015-04-10T04:00:00+00:00,2015-04-10T04:00:00+00:00,1,evaluated,-0.0037165807282805163,evaluated,-0.00914851200083755,evaluated,0.008338495452972383
momentum_in_trend_context,1,6589cb8021b76574,SPY,neutral,momentum_midrange,14,2015-04-13T04:00:00+00:00,2015-04-27T04:00:00+00:00,11,evaluated,0.0030643972752926185,evaluated,0.004788125308956781,evaluated,0.008427074241805776
momentum_in_trend_context,1,6589cb8021b76574,SPY,bullish,"fast_above_slow,momentum_elevated,momentum_confirms_trend",15,2015-04-28T04:00:00+00:00,2015-04-28T04:00:00+00:00,1,evaluated,0.0009507639476808993,evaluated,-0.00698769432344315,evaluated,0.011075732685912554
momentum_in_trend_context,1,6589cb8021b76574,SPY,neutral,momentum_midrange,16,2015-04-29T04:00:00+00:00,2015-05-01T04:00:00+00:00,3,evaluated,-0.006765762035016998,evaluated,-0.008766969477188025,evaluated,0.012292747146138261
momentum_in_trend_context,1,6589cb8021b76574,SPY,bullish,"fast_above_slow,momentum_elevated,momentum_confirms_trend",17,2015-05-04T04:00:00+00:00,2015-05-04T04:00:00+00:00,1,evaluated,-0.010093374852549464,evaluated,-0.0019902296894981353,evaluated,0.001563767393089055
momentum_in_trend_context,1,6589cb8021b76574,SPY,neutral,momentum_midrange,18,2015-05-05T04:00:00+00:00,2015-05-07T04:00:00+00:00,3,evaluated,-0.007253313085365587,evaluated,0.002004190560404462,evaluated,0.01126169420617451
momentum_in_trend_context,1,6589cb8021b76574,SPY,bullish,"fast_above_slow,momentum_elevated,momentum_confirms_trend",19,2015-05-08T04:00:00+00:00,2015-05-08T04:00:00+00:00,1,evaluated,-0.0045375368938567195,evaluated,0.004112090972584248,evaluated,-0.014605149547234353
momentum_in_trend_context,1,6589cb8021b76574,SPY,neutral,momentum_midrange,20,2015-05-11T04:00:00+00:00,2015-05-13T04:00:00+00:00,3,evaluated,0.001765159658938753,evaluated,0.016649995148140473,evaluated,-0.005534104569112297
momentum_in_trend_context,1,6589cb8021b76574,SPY,bullish,"fast_above_slow,momentum_elevated,momentum_confirms_trend",21,2015-05-14T04:00:00+00:00,2015-05-22T04:00:00+00:00,7,evaluated,0.0,evaluated,0.004989632585257198,evaluated,-0.011438561036735684
momentum_in_trend_context,1,6589cb8021b76574,SPY,neutral,momentum_midrange,22,2015-05-26T04:00:00+00:00,2015-05-26T04:00:00+00:00,1,evaluated,0.006863890879252876,evaluated,0.0005207129484097184,evaluated,0.003739613188794344
momentum_in_trend_context,1,6589cb8021b76574,SPY,bullish,"fast_above_slow,momentum_elevated,momentum_confirms_trend",23,2015-05-27T04:00:00+00:00,2015-05-27T04:00:00+00:00,1,evaluated,0.0006122775005481529,evaluated,-0.0019309737605315291,evaluated,-0.00861866818289192
momentum_in_trend_context,1,6589cb8021b76574,SPY,neutral,momentum_midrange,24,2015-05-28T04:00:00+00:00,2015-06-17T04:00:00+00:00,15,evaluated,-0.005838616934999541,evaluated,-0.010594217667720174,evaluated,-0.011865543904904907
momentum_in_trend_context,1,6589cb8021b76574,SPY,bullish,"fast_above_slow,momentum_elevated,momentum_confirms_trend",25,2015-06-18T04:00:00+00:00,2015-06-18T04:00:00+00:00,1,evaluated,-0.0030739105960257973,evaluated,-0.007566471449519274,evaluated,0.004823555193829376
momentum_in_trend_context,1,6589cb8021b76574,SPY,neutral,momentum_midrange,26,2015-06-19T04:00:00+00:00,2015-06-26T04:00:00+00:00,6,evaluated,-9.439984953629743e-05,evaluated,-0.009862660099912657,evaluated,0.0032088748243594978
momentum_in_trend_context,1,6589cb8021b76574,SPY,bearish,"fast_below_slow,momentum_depressed,momentum_confirms_trend",27,2015-06-29T04:00:00+00:00,2015-07-06T04:00:00+00:00,5,evaluated,-0.006802993538021163,evaluated,0.0036669390416292913,evaluated,0.009987490973085489
momentum_in_trend_context,1,6589cb8021b76574,SPY,neutral,momentum_midrange,28,2015-07-07T04:00:00+00:00,2015-07-07T04:00:00+00:00,1,evaluated,-0.009156086650584871,evaluated,0.020637508694042905,evaluated,0.014339728418389708
momentum_in_trend_context,1,6589cb8021b76574,SPY,bearish,"fast_below_slow,momentum_depressed,momentum_confirms_trend",29,2015-07-08T04:00:00+00:00,2015-07-09T04:00:00+00:00,2,evaluated,-0.010336164311457119,evaluated,0.01724308075727632,evaluated,0.014634921446787352
momentum_in_trend_context,1,6589cb8021b76574,SPY,neutral,momentum_midrange,30,2015-07-10T04:00:00+00:00,2015-07-23T04:00:00+00:00,10,evaluated,0.0037322300530893138,evaluated,0.016699316439269474,evaluated,-0.004976355412153355
momentum_in_trend_context,1,6589cb8021b76574,SPY,bearish,"fast_below_slow,momentum_depressed,momentum_confirms_trend",31,2015-07-24T04:00:00+00:00,2015-07-27T04:00:00+00:00,2,evaluated,-0.0007248920146113447,evaluated,0.017203042024713122,evaluated,-0.04402242438810733
momentum_in_trend_context,1,6589cb8021b76574,SPY,neutral,momentum_midrange,32,2015-07-28T04:00:00+00:00,2015-08-19T04:00:00+00:00,17,evaluated,0.0061581467024647285,evaluated,-0.0004773288465053094,evaluated,-0.10602440284544223
momentum_in_trend_context,1,6589cb8021b76574,SPY,bearish,"fast_below_slow,momentum_depressed,momentum_confirms_trend",33,2015-08-20T04:00:00+00:00,2015-09-04T04:00:00+00:00,12,evaluated,-0.01933274167988286,evaluated,-0.01219447532433715,evaluated,-0.03113071388639088
momentum_in_trend_context,1,6589cb8021b76574,SPY,neutral,momentum_midrange,34,2015-09-08T04:00:00+00:00,2015-09-08T04:00:00+00:00,1,evaluated,-0.022727342322024446,evaluated,-0.004314672781205897,evaluated,-0.007676168883523959
momentum_in_trend_context,1,6589cb8021b76574,SPY,bearish,"fast_below_slow,momentum_depressed,momentum_confirms_trend",35,2015-09-09T04:00:00+00:00,2015-09-10T04:00:00+00:00,2,evaluated,0.006630389397149106,evaluated,0.02888566605524856,evaluated,0.02492807444682965
momentum_in_trend_context,1,6589cb8021b76574,SPY,neutral,momentum_midrange,36,2015-09-11T04:00:00+00:00,2015-09-11T04:00:00+00:00,1,evaluated,-0.004772797440831034,evaluated,-0.007616146348020436,evaluated,0.022239172128362794
momentum_in_trend_context,1,6589cb8021b76574,SPY,bearish,"fast_below_slow,momentum_depressed,momentum_confirms_trend",37,2015-09-14T04:00:00+00:00,2015-09-14T04:00:00+00:00,1,evaluated,0.009409521884810035,evaluated,-0.0007629006460441179,evaluated,0.024973315939509133
momentum_in_trend_context,1,6589cb8021b76574,SPY,neutral,momentum_midrange,38,2015-09-15T04:00:00+00:00,2015-09-17T04:00:00+00:00,3,evaluated,0.006840284183999401,evaluated,-0.024695722166947487,evaluated,0.007192398265277955
momentum_in_trend_context,1,6589cb8021b76574,SPY,bearish,"fast_below_slow,momentum_depressed,momentum_confirms_trend",39,2015-09-18T04:00:00+00:00,2015-09-18T04:00:00+00:00,1,evaluated,0.00010183400637497897,evaluated,-0.018275281476650584,evaluated,0.03476889506296921
momentum_in_trend_context,1,6589cb8021b76574,SPY,neutral,momentum_midrange,40,2015-09-21T04:00:00+00:00,2015-09-21T04:00:00+00:00,1,evaluated,0.00015472858748388774,evaluated,-0.030276512420786217,evaluated,0.048947751162431885
momentum_in_trend_context,1,6589cb8021b76574,SPY,bearish,"fast_below_slow,momentum_depressed,momentum_confirms_trend",41,2015-09-22T04:00:00+00:00,2015-10-01T04:00:00+00:00,8,evaluated,-0.002627347922478651,evaluated,-0.030858819609135724,evaluated,0.04636546273608144
momentum_in_trend_context,1,6589cb8021b76574,SPY,neutral,momentum_midrange,42,2015-10-02T04:00:00+00:00,2015-10-21T04:00:00+00:00,14,evaluated,0.01023106198791579,evaluated,0.024788735369842385,evaluated,0.0583833124805877
momentum_in_trend_context,1,6589cb8021b76574,SPY,bullish,"fast_above_slow,momentum_elevated,momentum_confirms_trend",43,2015-10-22T04:00:00+00:00,2015-11-11T05:00:00+00:00,15,evaluated,0.0012544970173025138,evaluated,0.0076236517783097035,evaluated,0.006272632336587813
momentum_in_trend_context,1,6589cb8021b76574,SPY,neutral,momentum_midrange,44,2015-11-12T05:00:00+00:00,2015-11-17T05:00:00+00:00,4,evaluated,-0.008857415039498107,evaluated,0.02055295729286466,evaluated,-0.012087111068897705
momentum_in_trend_context,1,6589cb8021b76574,SPY,bullish,"fast_above_slow,momentum_elevated,momentum_confirms_trend",45,2015-11-18T05:00:00+00:00,2015-12-01T05:00:00+00:00,9,evaluated,-0.00019173156352148002,evaluated,0.0034997411148403046,evaluated,-0.01788194924504871
momentum_in_trend_context,1,6589cb8021b76574,SPY,neutral,momentum_midrange,46,2015-12-02T05:00:00+00:00,2015-12-03T05:00:00+00:00,2,evaluated,-0.015419246240816142,evaluated,-0.016712184372758454,evaluated,-0.023751408659565487
momentum_in_trend_context,1,6589cb8021b76574,SPY,bullish,"fast_above_slow,momentum_elevated,momentum_confirms_trend",47,2015-12-04T05:00:00+00:00,2015-12-04T05:00:00+00:00,1,evaluated,-0.0042058483104371325,evaluated,-0.0351287625809531,evaluated,-0.037614086306419825
momentum_in_trend_context,1,6589cb8021b76574,SPY,neutral,momentum_midrange,48,2015-12-07T05:00:00+00:00,2015-12-31T05:00:00+00:00,18,evaluated,0.0022276693439933215,evaluated,-0.017385885520733058,evaluated,-0.03714464605987544
momentum_in_trend_context,1,6589cb8021b76574,SPY,bearish,"fast_below_slow,momentum_depressed,momentum_confirms_trend",49,2016-01-04T05:00:00+00:00,2016-01-28T05:00:00+00:00,18,evaluated,-0.0001985764019107883,evaluated,-0.04612707829031859,evaluated,-0.05580928786001915
momentum_in_trend_context,1,6589cb8021b76574,SPY,neutral,momentum_midrange,50,2016-01-29T05:00:00+00:00,2016-02-01T05:00:00+00:00,2,evaluated,0.005817249905410327,evaluated,-0.02378851015474681,evaluated,0.005349809306743891
momentum_in_trend_context,1,6589cb8021b76574,SPY,bearish,"fast_below_slow,momentum_depressed,momentum_confirms_trend",51,2016-02-02T05:00:00+00:00,2016-02-02T05:00:00+00:00,1,evaluated,-0.0005746857961810292,evaluated,-0.031241893693730205,evaluated,0.039653080783013994
momentum_in_trend_context,1,6589cb8021b76574,SPY,neutral,momentum_midrange,52,2016-02-03T05:00:00+00:00,2016-02-04T05:00:00+00:00,2,evaluated,0.004666768173228419,evaluated,-0.028524997377658234,evaluated,0.0475590778990318
momentum_in_trend_context,1,6589cb8021b76574,SPY,bearish,"fast_below_slow,momentum_depressed,momentum_confirms_trend",53,2016-02-05T05:00:00+00:00,2016-02-12T05:00:00+00:00,6,evaluated,-0.0018840829814606996,evaluated,0.004629383595697423,evaluated,0.07977602263330863
momentum_in_trend_context,1,6589cb8021b76574,SPY,neutral,momentum_midrange,54,2016-02-16T05:00:00+00:00,2016-03-08T05:00:00+00:00,16,evaluated,0.008997704476629842,evaluated,0.006068234148811635,evaluated,0.05759570148521753
momentum_in_trend_context,1,6589cb8021b76574,SPY,bullish,"fast_above_slow,momentum_elevated,momentum_confirms_trend",55,2016-03-09T05:00:00+00:00,2016-04-06T04:00:00+00:00,20,evaluated,-0.002100487165593079,evaluated,0.016903328218327296,evaluated,0.019953941290292487
momentum_in_trend_context,1,6589cb8021b76574,SPY,neutral,momentum_midrange,56,2016-04-07T04:00:00+00:00,2016-04-07T04:00:00+00:00,1,evaluated,-0.004090758512084514,evaluated,0.013002815898329745,evaluated,-0.0018018658020168
momentum_in_trend_context,1,6589cb8021b76574,SPY,bullish,"fast_above_slow,momentum_elevated,momentum_confirms_trend",57,2016-04-08T04:00:00+00:00,2016-04-08T04:00:00+00:00,1,evaluated,-0.005992671023332785,evaluated,0.012326425234089555,evaluated,0.0022898963249846638
momentum_in_trend_context,1,6589cb8021b76574,SPY,neutral,momentum_midrange,58,2016-04-11T04:00:00+00:00,2016-04-11T04:00:00+00:00,1,evaluated,0.008324341093333798,evaluated,0.02458135462958766,evaluated,0.008177446670076804
momentum_in_trend_context,1,6589cb8021b76574,SPY,bullish,"fast_above_slow,momentum_elevated,momentum_confirms_trend",59,2016-04-12T04:00:00+00:00,2016-04-27T04:00:00+00:00,12,evaluated,0.004830917874396157,evaluated,0.014009632350166168,evaluated,0.007004816175083084
momentum_in_trend_context,1,6589cb8021b76574,SPY,neutral,momentum_midrange,60,2016-04-28T04:00:00+00:00,2016-04-29T04:00:00+00:00,2,evaluated,-0.0018866069434280153,evaluated,-0.008465557225551756,evaluated,0.012674124911552509
momentum_in_trend_context,1,6589cb8021b76574,SPY,bullish,"fast_above_slow,momentum_elevated,momentum_confirms_trend",61,2016-05-02T04:00:00+00:00,2016-05-02T04:00:00+00:00,1,evaluated,-0.001743175493433613,evaluated,-0.0030505755848296845,evaluated,0.016075886096969194
momentum_in_trend_context,1,6589cb8021b76574,SPY,neutral,momentum_midrange,62,2016-05-03T04:00:00+00:00,2016-05-09T04:00:00+00:00,5,evaluated,9.751213784192636e-05,evaluated,0.016878830003219436,evaluated,0.025757347372103778
momentum_in_trend_context,1,6589cb8021b76574,SPY,bullish,"fast_above_slow,momentum_elevated,momentum_confirms_trend",63,2016-05-10T04:00:00+00:00,2016-05-10T04:00:00+00:00,1,evaluated,-0.006781798072597267,evaluated,-0.014717894784739616,evaluated,0.021451548153144095
momentum_in_trend_context,1,6589cb8021b76574,SPY,neutral,momentum_midrange,64,2016-05-11T04:00:00+00:00,2016-05-23T04:00:00+00:00,9,evaluated,-0.0035216158578934564,evaluated,-0.01148144966524367,evaluated,0.02310776544968074
momentum_in_trend_context,1,6589cb8021b76574,SPY,bullish,"fast_above_slow,momentum_elevated,momentum_confirms_trend",65,2016-05-24T04:00:00+00:00,2016-05-24T04:00:00+00:00,1,evaluated,0.0029232789366187006,evaluated,0.0076676384605141035,evaluated,-0.002731547756895103
momentum_in_trend_context,1,6589cb8021b76574,SPY,neutral,"fast_below_slow,momentum_elevated,momentum_contradicts_trend",66,2016-05-25T04:00:00+00:00,2016-05-26T04:00:00+00:00,2,evaluated,-0.00047749284926412727,evaluated,0.007018722324138471,evaluated,0.006541229474874344
momentum_in_trend_context,1,6589cb8021b76574,SPY,bullish,"fast_above_slow,momentum_elevated,momentum_confirms_trend",67,2016-05-27T04:00:00+00:00,2016-06-10T04:00:00+00:00,10,evaluated,-0.0034194587245982566,evaluated,0.0037519403214374414,evaluated,-0.052051631754166494
momentum_in_trend_context,1,6589cb8021b76574,SPY,neutral,momentum_midrange,68,2016-06-13T04:00:00+00:00,2016-06-22T04:00:00+00:00,8,evaluated,0.00019227541410016258,evaluated,-0.0007211245023287516,evaluated,0.03341344686654901
momentum_in_trend_context,1,6589cb8021b76574,SPY,bullish,"fast_above_slow,momentum_elevated,momentum_confirms_trend",69,2016-06-23T04:00:00+00:00,2016-06-23T04:00:00+00:00,1,evaluated,-0.0019152353793483456,evaluated,0.028728530690225185,evaluated,0.06683691147669535
momentum_in_trend_context,1,6589cb8021b76574,SPY,neutral,"fast_above_slow,momentum_depressed,momentum_contradicts_trend",70,2016-06-24T04:00:00+00:00,2016-07-07T04:00:00+00:00,9,evaluated,-0.009871473141154885,evaluated,0.04132150395544687,evaluated,0.0747060758578082
momentum_in_trend_context,1,6589cb8021b76574,SPY,bullish,"fast_above_slow,momentum_elevated,momentum_confirms_trend",71,2016-07-08T04:00:00+00:00,2016-08-23T04:00:00+00:00,33,evaluated,0.000984996729083587,evaluated,0.012383317038396457,evaluated,0.02340630506698571
momentum_in_trend_context,1,6589cb8021b76574,SPY,neutral,momentum_midrange,72,2016-08-24T04:00:00+00:00,2016-08-26T04:00:00+00:00,3,evaluated,0.0013799588784748629,evaluated,-9.194578764060157e-05,evaluated,-0.0010119651650398742
momentum_in_trend_context,1,6589cb8021b76574,SPY,bullish,"fast_above_slow,momentum_elevated,momentum_confirms_trend",73,2016-08-29T04:00:00+00:00,2016-08-29T04:00:00+00:00,1,evaluated,-0.001191214667733309,evaluated,0.0035279221654924697,evaluated,-0.01232469188270291
momentum_in_trend_context,1,6589cb8021b76574,SPY,neutral,momentum_midrange,74,2016-08-30T04:00:00+00:00,2016-09-01T04:00:00+00:00,3,evaluated,-0.0010569170851246756,evaluated,0.006433499804961551,evaluated,-0.004457521336255099
momentum_in_trend_context,1,6589cb8021b76574,SPY,bullish,"fast_above_slow,momentum_elevated,momentum_confirms_trend",75,2016-09-02T04:00:00+00:00,2016-09-08T04:00:00+00:00,4,evaluated,0.001508924717236182,evaluated,-0.010791040892927373,evaluated,-0.013351615042026532
momentum_in_trend_context,1,6589cb8021b76574,SPY,neutral,"fast_above_slow,momentum_depressed,momentum_contradicts_trend",76,2016-09-09T04:00:00+00:00,2016-09-16T04:00:00+00:00,6,evaluated,0.01859784810769538,evaluated,0.004614133105868001,evaluated,0.012477018240499849
momentum_in_trend_context,1,6589cb8021b76574,SPY,bearish,"fast_below_slow,momentum_depressed,momentum_confirms_trend",77,2016-09-19T04:00:00+00:00,2016-09-20T04:00:00+00:00,2,evaluated,-0.0046173474943091986,evaluated,-0.0007928649132118437,evaluated,-0.009467836129959495
momentum_in_trend_context,1,6589cb8021b76574,SPY,neutral,momentum_midrange,78,2016-09-21T04:00:00+00:00,2016-09-23T04:00:00+00:00,3,evaluated,0.0008294593353974644,evaluated,-0.0016589889877952624,evaluated,-0.012534567837341637
momentum_in_trend_context,1,6589cb8021b76574,SPY,bearish,"fast_below_slow,momentum_depressed,momentum_confirms_trend",79,2016-09-26T04:00:00+00:00,2016-09-26T04:00:00+00:00,1,evaluated,0.007101164451249309,evaluated,0.008082203704153912,evaluated,0.003924299583810464
momentum_in_trend_context,1,6589cb8021b76574,SPY,neutral,momentum_midrange,80,2016-09-27T04:00:00+00:00,2016-10-10T04:00:00+00:00,10,evaluated,0.0037529423700222164,evaluated,-0.005328309991738944,evaluated,-0.0076912553770387415
momentum_in_trend_context,1,6589cb8021b76574,SPY,bearish,"fast_below_slow,momentum_depressed,momentum_confirms_trend",81,2016-10-11T04:00:00+00:00,2016-10-17T04:00:00+00:00,5,evaluated,0.0005618726440104194,evaluated,0.0005618726440104194,evaluated,0.002434590951714277
momentum_in_trend_context,1,6589cb8021b76574,SPY,neutral,momentum_midrange,82,2016-10-18T04:00:00+00:00,2016-10-26T04:00:00+00:00,7,evaluated,0.0012148140437608923,evaluated,0.0007008405452297861,evaluated,0.019904655741491695
momentum_in_trend_context,1,6589cb8021b76574,SPY,bearish,"fast_below_slow,momentum_depressed,momentum_confirms_trend",83,2016-10-27T04:00:00+00:00,2016-11-04T04:00:00+00:00,7,evaluated,-0.002815079784338037,evaluated,-0.02045604120689193,evaluated,0.039316903944870196
momentum_in_trend_context,1,6589cb8021b76574,SPY,neutral,momentum_midrange,84,2016-11-07T05:00:00+00:00,2016-11-21T05:00:00+00:00,11,evaluated,0.006676374783231687,evaluated,0.018336517239726735,evaluated,0.04236209696465676
momentum_in_trend_context,1,6589cb8021b76574,SPY,bullish,"fast_above_slow,momentum_elevated,momentum_confirms_trend",85,2016-11-22T05:00:00+00:00,2016-12-27T05:00:00+00:00,24,evaluated,0.003273030433162294,evaluated,0.0018183887764453566,evaluated,0.026320613952976135
momentum_in_trend_context,1,6589cb8021b76574,SPY,neutral,momentum_midrange,86,2016-12-28T05:00:00+00:00,2016-12-30T05:00:00+00:00,3,evaluated,-0.000579069968360213,evaluated,0.008553092504847148,evaluated,0.0200018067472425
momentum_in_trend_context,1,6589cb8021b76574,SPY,bullish,"fast_above_slow,momentum_elevated,momentum_confirms_trend",87,2017-01-03T05:00:00+00:00,2017-01-18T05:00:00+00:00,11,evaluated,0.004254971787267969,evaluated,0.0037231256752903175,evaluated,0.00886446256219986
momentum_in_trend_context,1,6589cb8021b76574,SPY,neutral,momentum_midrange,88,2017-01-19T05:00:00+00:00,2017-01-19T05:00:00+00:00,1,evaluated,0.0001764823355114853,evaluated,0.011601256807308058,evaluated,0.03537716974161231
momentum_in_trend_context,1,6589cb8021b76574,SPY,bullish,"fast_above_slow,momentum_elevated,momentum_confirms_trend",89,2017-01-20T05:00:00+00:00,2017-01-20T05:00:00+00:00,1,evaluated,-0.00260215040304157,evaluated,0.009835034283821154,evaluated,0.03682627962615226
momentum_in_trend_context,1,6589cb8021b76574,SPY,neutral,momentum_midrange,90,2017-01-23T05:00:00+00:00,2017-01-23T05:00:00+00:00,1,evaluated,0.005300407417766717,evaluated,0.005079545875779745,evaluated,0.044567190232757126
momentum_in_trend_context,1,6589cb8021b76574,SPY,bullish,"fast_above_slow,momentum_elevated,momentum_confirms_trend",91,2017-01-24T05:00:00+00:00,2017-03-17T04:00:00+00:00,38,evaluated,0.0038041556081587213,evaluated,-0.0051158643837240225,evaluated,0.033143865029303665
momentum_in_trend_context,1,6589cb8021b76574,SPY,neutral,momentum_midrange,92,2017-03-20T04:00:00+00:00,2017-04-12T04:00:00+00:00,18,evaluated,-0.015749380864693463,evaluated,-0.016212599838821173,evaluated,-0.015159835284498935
momentum_in_trend_context,1,6589cb8021b76574,SPY,bearish,"fast_below_slow,momentum_depressed,momentum_confirms_trend",93,2017-04-13T04:00:00+00:00,2017-04-13T04:00:00+00:00,1,evaluated,0.006263166359420147,evaluated,0.006348915634953434,evaluated,0.025181223893518512
momentum_in_trend_context,1,6589cb8021b76574,SPY,neutral,momentum_midrange,94,2017-04-17T04:00:00+00:00,2017-04-18T04:00:00+00:00,2,evaluated,0.0006417674811782792,evaluated,0.01476123964668452,evaluated,0.02815335357131521
momentum_in_trend_context,1,6589cb8021b76574,SPY,bearish,"fast_below_slow,momentum_depressed,momentum_confirms_trend",95,2017-04-19T04:00:00+00:00,2017-04-19T04:00:00+00:00,1,evaluated,0.005082222816253257,evaluated,0.018150758534202227,evaluated,0.0071322377589839725
momentum_in_trend_context,1,6589cb8021b76574,SPY,neutral,momentum_midrange,96,2017-04-20T04:00:00+00:00,2017-05-04T04:00:00+00:00,11,evaluated,-0.0028055416030153824,evaluated,0.014240195976687131,evaluated,0.006461229638516253
momentum_in_trend_context,1,6589cb8021b76574,SPY,bullish,"fast_above_slow,momentum_elevated,momentum_confirms_trend",97,2017-05-05T04:00:00+00:00,2017-05-16T04:00:00+00:00,8,evaluated,-0.0003753757576251404,evaluated,-0.0032116966526003488,evaluated,0.01768511154604413
momentum_in_trend_context,1,6589cb8021b76574,SPY,neutral,"fast_above_slow,momentum_depressed,momentum_contradicts_trend",98,2017-05-17T04:00:00+00:00,2017-05-19T04:00:00+00:00,3,evaluated,0.004411863419044648,evaluated,0.02070167128180378,evaluated,0.03410685398821567
momentum_in_trend_context,1,6589cb8021b76574,SPY,bullish,"fast_above_slow,momentum_elevated,momentum_confirms_trend",99,2017-05-22T04:00:00+00:00,2017-06-15T04:00:00+00:00,18,evaluated,0.00041677893222558104,evaluated,0.0064596919002759545,evaluated,0.01275264679104704
momentum_in_trend_context,1,6589cb8021b76574,SPY,neutral,momentum_midrange,100,2017-06-16T04:00:00+00:00,2017-06-16T04:00:00+00:00,1,evaluated,0.004392657088982066,evaluated,-0.0018883840140957453,evaluated,0.00796421228528299
momentum_in_trend_context,1,6589cb8021b76574,SPY,bullish,"fast_above_slow,momentum_elevated,momentum_confirms_trend",101,2017-06-19T04:00:00+00:00,2017-06-19T04:00:00+00:00,1,evaluated,-0.005076788098931639,evaluated,-0.003930426668852349,evaluated,0.005772788790621819
momentum_in_trend_context,1,6589cb8021b76574,SPY,neutral,momentum_midrange,102,2017-06-20T04:00:00+00:00,2017-06-23T04:00:00+00:00,4,evaluated,-0.0020948400211966423,evaluated,-0.008748890265643738,evaluated,0.014499296319520738
momentum_in_trend_context,1,6589cb8021b76574,SPY,bullish,"fast_above_slow,momentum_elevated,momentum_confirms_trend",103,2017-06-26T04:00:00+00:00,2017-06-26T04:00:00+00:00,1,evaluated,-0.007035843903537842,evaluated,-0.0034150205529691613,evaluated,0.018021745407373668
momentum_in_trend_context,1,6589cb8021b76574,SPY,neutral,momentum_midrange,104,2017-06-27T04:00:00+00:00,2017-06-27T04:00:00+00:00,1,evaluated,0.004082496879026953,evaluated,0.0011134196802513596,evaluated,0.02032986670425263
momentum_in_trend_context,1,6589cb8021b76574,SPY,bullish,"fast_above_slow,momentum_elevated,momentum_confirms_trend",105,2017-06-28T04:00:00+00:00,2017-06-28T04:00:00+00:00,1,evaluated,-0.0094804133787878,evaluated,-0.012763689418080704,evaluated,0.014528413498022585
momentum_in_trend_context,1,6589cb8021b76574,SPY,neutral,momentum_midrange,106,2017-06-29T04:00:00+00:00,2017-07-11T04:00:00+00:00,8,evaluated,-0.0019811611769748882,evaluated,-0.0007016599380956778,evaluated,0.019110140771587902
momentum_in_trend_context,1,6589cb8021b76574,SPY,bullish,"fast_above_slow,momentum_elevated,momentum_confirms_trend",107,2017-07-12T04:00:00+00:00,2017-08-09T04:00:00+00:00,21,evaluated,0.0016391848597698822,evaluated,0.012171138303017859,evaluated,0.01323660220877887
momentum_in_trend_context,1,6589cb8021b76574,SPY,neutral,"fast_above_slow,momentum_depressed,momentum_contradicts_trend",108,2017-08-10T04:00:00+00:00,2017-08-15T04:00:00+00:00,4,evaluated,0.00040976494949540587,evaluated,-0.003811195468761297,evaluated,0.01049093317667249
momentum_in_trend_context,1,6589cb8021b76574,SPY,bullish,"fast_above_slow,momentum_elevated,momentum_confirms_trend",109,2017-08-16T04:00:00+00:00,2017-08-16T04:00:00+00:00,1,evaluated,-0.012792434555728094,evaluated,-0.006822644156483149,evaluated,0.015635115167480063
momentum_in_trend_context,1,6589cb8021b76574,SPY,neutral,"fast_above_slow,momentum_depressed,momentum_contradicts_trend",110,2017-08-17T04:00:00+00:00,2017-08-30T04:00:00+00:00,10,evaluated,-0.0007821621547596802,evaluated,0.00448749124771175,evaluated,0.02589546604765447
momentum_in_trend_context,1,6589cb8021b76574,SPY,bullish,"fast_above_slow,momentum_elevated,momentum_confirms_trend",111,2017-08-31T04:00:00+00:00,2017-09-01T04:00:00+00:00,2,evaluated,-0.00032269212506275124,evaluated,-0.005404954613534185,evaluated,0.013351071244918966
momentum_in_trend_context,1,6589cb8021b76574,SPY,neutral,momentum_midrange,112,2017-09-05T04:00:00+00:00,2017-09-05T04:00:00+00:00,1,evaluated,0.00024306254854922216,evaluated,0.013004402696040973,evaluated,0.024388285374224328
momentum_in_trend_context,1,6589cb8021b76574,SPY,bullish,"fast_above_slow,momentum_elevated,momentum_confirms_trend",113,2017-09-06T04:00:00+00:00,2017-09-06T04:00:00+00:00,1,evaluated,-0.0015369257141051307,evaluated,0.011809901593307526,evaluated,0.02390294706616536
momentum_in_trend_context,1,6589cb8021b76574,SPY,neutral,"fast_below_slow,momentum_elevated,momentum_contradicts_trend",114,2017-09-07T04:00:00+00:00,2017-09-08T04:00:00+00:00,2,evaluated,0.00016228014119978873,evaluated,0.014399298890374057,evaluated,0.032935874896989015
momentum_in_trend_context,1,6589cb8021b76574,SPY,bullish,"fast_above_slow,momentum_elevated,momentum_confirms_trend",115,2017-09-11T04:00:00+00:00,2017-11-14T05:00:00+00:00,47,evaluated,0.0016824827173418377,evaluated,0.00036051891251154267,evaluated,0.017305580182389146
momentum_in_trend_context,1,6589cb8021b76574,SPY,neutral,momentum_midrange,116,2017-11-15T05:00:00+00:00,2017-11-15T05:00:00+00:00,1,evaluated,0.004271536775567464,evaluated,0.008698434480882922,evaluated,0.03160925363353195
momentum_in_trend_context,1,6589cb8021b76574,SPY,bullish,"fast_above_slow,momentum_elevated,momentum_confirms_trend",117,2017-11-16T05:00:00+00:00,2018-02-01T05:00:00+00:00,52,evaluated,-0.0013942214678905884,evaluated,0.00828744528209624,evaluated,0.03210444003459023
momentum_in_trend_context,1,6589cb8021b76574,SPY,neutral,momentum_midrange,118,2018-02-02T05:00:00+00:00,2018-02-28T05:00:00+00:00,18,evaluated,-0.034814478355343126,evaluated,-0.043700902079257586,evaluated,-0.004607824865156873
momentum_in_trend_context,1,6589cb8021b76574,SPY,bearish,"fast_below_slow,momentum_depressed,momentum_confirms_trend",119,2018-03-01T05:00:00+00:00,2018-03-01T05:00:00+00:00,1,evaluated,0.012340101316526964,evaluated,0.031226556402296657,evaluated,-0.009969879677152016
momentum_in_trend_context,1,6589cb8021b76574,SPY,neutral,momentum_midrange,120,2018-03-02T05:00:00+00:00,2018-03-16T04:00:00+00:00,11,evaluated,0.016658541336652233,evaluated,0.04160902279807632,evaluated,-0.038322225169403756
momentum_in_trend_context,1,6589cb8021b76574,SPY,bearish,"fast_below_slow,momentum_depressed,momentum_confirms_trend",121,2018-03-19T04:00:00+00:00,2018-03-19T04:00:00+00:00,1,evaluated,3.694458380021359e-05,evaluated,-0.02151774207319035,evaluated,-0.0027681405227794054
momentum_in_trend_context,1,6589cb8021b76574,SPY,neutral,momentum_midrange,122,2018-03-20T04:00:00+00:00,2018-03-20T04:00:00+00:00,1,evaluated,-0.0017349620941029542,evaluated,-0.038021365910050786,evaluated,-0.0018825369491951571
momentum_in_trend_context,1,6589cb8021b76574,SPY,bearish,"fast_below_slow,momentum_depressed,momentum_confirms_trend",123,2018-03-21T04:00:00+00:00,2018-04-03T04:00:00+00:00,9,evaluated,-0.01582617362703076,evaluated,-0.03015944525921599,evaluated,0.0036579857897509616
momentum_in_trend_context,1,6589cb8021b76574,SPY,neutral,momentum_midrange,124,2018-04-04T04:00:00+00:00,2018-04-05T04:00:00+00:00,2,evaluated,0.00033902037133182183,evaluated,-0.006740644359356063,evaluated,-0.008849465991200178
momentum_in_trend_context,1,6589cb8021b76574,SPY,bearish,"fast_below_slow,momentum_depressed,momentum_confirms_trend",125,2018-04-06T04:00:00+00:00,2018-04-09T04:00:00+00:00,2,evaluated,-0.001415599051534655,evaluated,0.014462252170919898,evaluated,0.01779084815913734
momentum_in_trend_context,1,6589cb8021b76574,SPY,neutral,momentum_midrange,126,2018-04-10T04:00:00+00:00,2018-04-23T04:00:00+00:00,10,evaluated,0.0011007270033711603,evaluated,0.025505754695290372,evaluated,0.013094516229729125
momentum_in_trend_context,1,6589cb8021b76574,SPY,bearish,"fast_below_slow,momentum_depressed,momentum_confirms_trend",127,2018-04-24T04:00:00+00:00,2018-04-24T04:00:00+00:00,1,evaluated,0.0027385843470166815,evaluated,0.007873444507189964,evaluated,0.03689468469948176
momentum_in_trend_context,1,6589cb8021b76574,SPY,neutral,momentum_midrange,128,2018-04-25T04:00:00+00:00,2018-05-01T04:00:00+00:00,5,evaluated,0.005740356375319999,evaluated,-0.0060047444638413605,evaluated,0.03236518195582416
momentum_in_trend_context,1,6589cb8021b76574,SPY,bearish,"fast_below_slow,momentum_depressed,momentum_confirms_trend",129,2018-05-02T04:00:00+00:00,2018-05-03T04:00:00+00:00,2,evaluated,0.0013726276906806945,evaluated,0.027606154063843702,evaluated,0.03309689755421852
momentum_in_trend_context,1,6589cb8021b76574,SPY,neutral,momentum_midrange,130,2018-05-04T04:00:00+00:00,2018-05-16T04:00:00+00:00,9,evaluated,0.00011240128011680284,evaluated,0.022331264296002074,evaluated,0.030012285242660974
momentum_in_trend_context,1,6589cb8021b76574,SPY,bullish,"fast_above_slow,momentum_elevated,momentum_confirms_trend",131,2018-05-17T04:00:00+00:00,2018-05-25T04:00:00+00:00,7,evaluated,-0.0010676995439777848,evaluated,0.0043442776562607754,evaluated,0.020285729565850952
momentum_in_trend_context,1,6589cb8021b76574,SPY,neutral,momentum_midrange,132,2018-05-29T04:00:00+00:00,2018-05-29T04:00:00+00:00,1,evaluated,0.007800315532578539,evaluated,0.017005567850335135,evaluated,0.004066566001906136
momentum_in_trend_context,1,6589cb8021b76574,SPY,bullish,"fast_above_slow,momentum_elevated,momentum_confirms_trend",133,2018-05-30T04:00:00+00:00,2018-05-30T04:00:00+00:00,1,evaluated,-0.004446046232646106,evaluated,0.019290832694256466,evaluated,-0.010288399249546831
momentum_in_trend_context,1,6589cb8021b76574,SPY,neutral,momentum_midrange,134,2018-05-31T04:00:00+00:00,2018-05-31T04:00:00+00:00,1,evaluated,0.004368424159937545,evaluated,0.01820781685106687,evaluated,-0.005579784124070675
momentum_in_trend_context,1,6589cb8021b76574,SPY,bullish,"fast_above_slow,momentum_elevated,momentum_confirms_trend",135,2018-06-01T04:00:00+00:00,2018-06-18T04:00:00+00:00,12,evaluated,0.0013477402062895827,evaluated,0.013331889696512889,evaluated,-0.011838414797840646
momentum_in_trend_context,1,6589cb8021b76574,SPY,neutral,momentum_midrange,136,2018-06-19T04:00:00+00:00,2018-07-05T04:00:00+00:00,12,evaluated,-0.0010858500919327385,evaluated,-0.01690369238739553,evaluated,0.017338142887046715
momentum_in_trend_context,1,6589cb8021b76574,SPY,bullish,"fast_above_slow,momentum_elevated,momentum_confirms_trend",137,2018-07-06T04:00:00+00:00,2018-07-27T04:00:00+00:00,16,evaluated,0.004881598854114877,evaluated,0.010992618619089178,evaluated,0.02549274497102738
momentum_in_trend_context,1,6589cb8021b76574,SPY,neutral,momentum_midrange,138,2018-07-30T04:00:00+00:00,2018-07-30T04:00:00+00:00,1,evaluated,0.0018517467974528135,evaluated,0.013639176393798413,evaluated,0.031943311487089954
momentum_in_trend_context,1,6589cb8021b76574,SPY,bullish,"fast_above_slow,momentum_elevated,momentum_confirms_trend",139,2018-07-31T04:00:00+00:00,2018-08-10T04:00:00+00:00,9,evaluated,-0.0024861919772022345,evaluated,0.014277557353776116,evaluated,0.029691774192464493
momentum_in_trend_context,1,6589cb8021b76574,SPY,neutral,momentum_midrange,140,2018-08-13T04:00:00+00:00,2018-08-13T04:00:00+00:00,1,evaluated,0.003463807515336148,evaluated,0.009720061747071851,evaluated,0.021666810668380387
momentum_in_trend_context,1,6589cb8021b76574,SPY,bullish,"fast_above_slow,momentum_elevated,momentum_confirms_trend",141,2018-08-14T04:00:00+00:00,2018-08-14T04:00:00+00:00,1,evaluated,-0.002124817951485669,evaluated,0.01402362556343717,evaluated,0.023868510935014964
momentum_in_trend_context,1,6589cb8021b76574,SPY,neutral,momentum_midrange,142,2018-08-15T04:00:00+00:00,2018-08-15T04:00:00+00:00,1,evaluated,0.002328876768961541,evaluated,0.009774239911458205,evaluated,0.026217335341563786
momentum_in_trend_context,1,6589cb8021b76574,SPY,bullish,"fast_above_slow,momentum_elevated,momentum_confirms_trend",143,2018-08-16T04:00:00+00:00,2018-09-25T04:00:00+00:00,28,evaluated,0.004333618872278455,evaluated,0.0069056197913648365,evaluated,0.024838877652386016
momentum_in_trend_context,1,6589cb8021b76574,SPY,neutral,momentum_midrange,144,2018-09-26T04:00:00+00:00,2018-09-26T04:00:00+00:00,1,evaluated,0.0009641499113874907,evaluated,0.004510855487326548,evaluated,-0.08639508288799413
momentum_in_trend_context,1,6589cb8021b76574,SPY,bullish,"fast_above_slow,momentum_elevated,momentum_confirms_trend",145,2018-09-27T04:00:00+00:00,2018-10-03T04:00:00+00:00,5,evaluated,0.0025173661537010172,evaluated,-0.0018965750939342607,evaluated,-0.0686575548556616
momentum_in_trend_context,1,6589cb8021b76574,SPY,neutral,momentum_midrange,146,2018-10-04T04:00:00+00:00,2018-10-15T04:00:00+00:00,8,evaluated,-0.006455159313154879,evaluated,-0.060478404038867506,evaluated,-0.055852782420594105
momentum_in_trend_context,1,6589cb8021b76574,SPY,bearish,"fast_below_slow,momentum_depressed,momentum_confirms_trend",147,2018-10-16T04:00:00+00:00,2018-10-31T04:00:00+00:00,12,evaluated,3.569307351969364e-05,evaluated,-0.024354646378491496,evaluated,-0.02988163175673686
momentum_in_trend_context,1,6589cb8021b76574,SPY,neutral,momentum_midrange,148,2018-11-01T04:00:00+00:00,2018-11-01T04:00:00+00:00,1,evaluated,-0.010409409832802585,evaluated,0.020928116469517644,evaluated,0.0032756829717357494
momentum_in_trend_context,1,6589cb8021b76574,SPY,bearish,"fast_below_slow,momentum_depressed,momentum_confirms_trend",149,2018-11-02T04:00:00+00:00,2018-11-02T04:00:00+00:00,1,evaluated,0.0034870510883788786,evaluated,0.019527262063370854,evaluated,0.025179802121892525
momentum_in_trend_context,1,6589cb8021b76574,SPY,neutral,momentum_midrange,150,2018-11-05T05:00:00+00:00,2018-11-09T05:00:00+00:00,5,evaluated,0.006585642268162051,evaluated,-0.002744036220920787,evaluated,-0.011232281728197901
momentum_in_trend_context,1,6589cb8021b76574,SPY,bearish,"fast_below_slow,momentum_depressed,momentum_confirms_trend",151,2018-11-12T05:00:00+00:00,2018-11-14T05:00:00+00:00,3,evaluated,-0.003771645952283298,evaluated,-0.014610532380828212,evaluated,-0.02793952537672595
momentum_in_trend_context,1,6589cb8021b76574,SPY,neutral,momentum_midrange,152,2018-11-15T05:00:00+00:00,2018-11-16T05:00:00+00:00,2,evaluated,0.007137872550180946,evaluated,-0.03142134838084154,evaluated,-0.060451110850363476
momentum_in_trend_context,1,6589cb8021b76574,SPY,bearish,"fast_below_slow,momentum_depressed,momentum_confirms_trend",153,2018-11-19T05:00:00+00:00,2018-11-27T05:00:00+00:00,6,evaluated,-0.004672860652792821,evaluated,0.011456167895450786,evaluated,-0.05313533171192397
momentum_in_trend_context,1,6589cb8021b76574,SPY,neutral,momentum_midrange,154,2018-11-28T05:00:00+00:00,2018-12-06T05:00:00+00:00,6,evaluated,0.0009865168962759352,evaluated,-0.014139034883652202,evaluated,-0.09484488058719165
momentum_in_trend_context,1,6589cb8021b76574,SPY,bearish,"fast_below_slow,momentum_depressed,momentum_confirms_trend",155,2018-12-07T05:00:00+00:00,2019-01-03T05:00:00+00:00,18,evaluated,0.0026579041652781132,evaluated,-0.01101110206268563,evaluated,-0.025059825439032735
momentum_in_trend_context,1,6589cb8021b76574,SPY,neutral,momentum_midrange,156,2019-01-04T05:00:00+00:00,2019-01-31T05:00:00+00:00,19,evaluated,0.006688046321888574,evaluated,0.02489219392991382,evaluated,0.07625940412161825
momentum_in_trend_context,1,6589cb8021b76574,SPY,bullish,"fast_above_slow,momentum_elevated,momentum_confirms_trend",157,2019-02-01T05:00:00+00:00,2019-03-06T05:00:00+00:00,23,evaluated,0.006849084461308497,evaluated,0.0013328491676161125,evaluated,0.03439342878357654
momentum_in_trend_context,1,6589cb8021b76574,SPY,neutral,momentum_midrange,158,2019-03-07T05:00:00+00:00,2019-03-08T05:00:00+00:00,2,evaluated,0.005568949219886488,evaluated,0.03011651332591958,evaluated,0.05217260242910715
momentum_in_trend_context,1,6589cb8021b76574,SPY,bullish,"fast_above_slow,momentum_elevated,momentum_confirms_trend",159,2019-03-11T04:00:00+00:00,2019-03-21T04:00:00+00:00,9,evaluated,0.0015408610318323746,evaluated,0.011717870860316726,evaluated,0.03486709335430693
momentum_in_trend_context,1,6589cb8021b76574,SPY,neutral,momentum_midrange,160,2019-03-22T04:00:00+00:00,2019-03-25T04:00:00+00:00,2,evaluated,0.000609651202033934,evaluated,0.01294515699913723,evaluated,0.04087924156807854
momentum_in_trend_context,1,6589cb8021b76574,SPY,bullish,"fast_above_slow,momentum_elevated,momentum_confirms_trend",161,2019-03-26T04:00:00+00:00,2019-03-26T04:00:00+00:00,1,evaluated,-0.005193666291335108,evaluated,0.01728866323642886,evaluated,0.03955756185913728
momentum_in_trend_context,1,6589cb8021b76574,SPY,neutral,momentum_midrange,162,2019-03-27T04:00:00+00:00,2019-03-27T04:00:00+00:00,1,evaluated,0.0012840568707874755,evaluated,0.021651532698656162,evaluated,0.04173348112977404
momentum_in_trend_context,1,6589cb8021b76574,SPY,bullish,"fast_above_slow,momentum_elevated,momentum_confirms_trend",163,2019-03-28T04:00:00+00:00,2019-05-06T04:00:00+00:00,27,evaluated,0.00031869518475247105,evaluated,0.01696227833447672,evaluated,0.03902400383169091
momentum_in_trend_context,1,6589cb8021b76574,SPY,neutral,momentum_midrange,164,2019-05-07T04:00:00+00:00,2019-05-28T04:00:00+00:00,15,evaluated,0.0,evaluated,-0.014363735611401807,evaluated,-0.01589401921058886
momentum_in_trend_context,1,6589cb8021b76574,SPY,bearish,"fast_below_slow,momentum_depressed,momentum_confirms_trend",165,2019-05-29T04:00:00+00:00,2019-06-04T04:00:00+00:00,5,evaluated,-0.00028657725077396723,evaluated,0.013793867312436703,evaluated,0.04070085796046219
momentum_in_trend_context,1,6589cb8021b76574,SPY,neutral,momentum_midrange,166,2019-06-05T04:00:00+00:00,2019-06-26T04:00:00+00:00,16,evaluated,0.0053301535617251705,evaluated,0.018002774364373364,evaluated,0.05474947502635774
momentum_in_trend_context,1,6589cb8021b76574,SPY,bullish,"fast_above_slow,momentum_elevated,momentum_confirms_trend",167,2019-06-27T04:00:00+00:00,2019-07-30T04:00:00+00:00,23,evaluated,0.0014355507793102351,evaluated,0.020097085079878285,evaluated,0.03223058181059213
momentum_in_trend_context,1,6589cb8021b76574,SPY,neutral,momentum_midrange,168,2019-07-31T04:00:00+00:00,2019-08-14T04:00:00+00:00,11,evaluated,-0.009274226172780953,evaluated,-0.032358886711389534,evaluated,-0.02926744380525481
momentum_in_trend_context,1,6589cb8021b76574,SPY,bearish,"fast_below_slow,momentum_depressed,momentum_confirms_trend",169,2019-08-15T04:00:00+00:00,2019-08-15T04:00:00+00:00,1,evaluated,0.008272811457343154,evaluated,0.020524902749724516,evaluated,0.05099827140211799
momentum_in_trend_context,1,6589cb8021b76574,SPY,neutral,momentum_midrange,170,2019-08-16T04:00:00+00:00,2019-08-22T04:00:00+00:00,5,evaluated,0.00047908597039514333,evaluated,-0.0251206279357985,evaluated,0.027276775913307905
momentum_in_trend_context,1,6589cb8021b76574,SPY,bearish,"fast_below_slow,momentum_depressed,momentum_confirms_trend",171,2019-08-23T04:00:00+00:00,2019-08-23T04:00:00+00:00,1,evaluated,0.002541201706570906,evaluated,0.018031898184508455,evaluated,0.03808264998013966
momentum_in_trend_context,1,6589cb8021b76574,SPY,neutral,momentum_midrange,172,2019-08-26T04:00:00+00:00,2019-08-26T04:00:00+00:00,1,evaluated,-0.009221569900313531,evaluated,0.004144441714579061,evaluated,0.021862217259980277
momentum_in_trend_context,1,6589cb8021b76574,SPY,bearish,"fast_below_slow,momentum_depressed,momentum_confirms_trend",173,2019-08-27T04:00:00+00:00,2019-08-27T04:00:00+00:00,1,evaluated,0.00961067959466888,evaluated,0.02760884005052766,evaluated,0.040120150559350254
momentum_in_trend_context,1,6589cb8021b76574,SPY,neutral,momentum_midrange,174,2019-08-28T04:00:00+00:00,2019-09-17T04:00:00+00:00,14,evaluated,0.002947982133428839,evaluated,0.020910482921946194,evaluated,0.018099543251071992
momentum_in_trend_context,1,6589cb8021b76574,SPY,bullish,"fast_above_slow,momentum_elevated,momentum_confirms_trend",175,2019-09-18T04:00:00+00:00,2019-09-19T04:00:00+00:00,2,evaluated,-0.0014924293067126726,evaluated,-0.012967212807808437,evaluated,-0.010380409562842474
momentum_in_trend_context,1,6589cb8021b76574,SPY,neutral,momentum_midrange,176,2019-09-20T04:00:00+00:00,2019-10-14T04:00:00+00:00,17,evaluated,0.002218127001129666,evaluated,-0.00722565614077697,evaluated,0.0014115726599410738
momentum_in_trend_context,1,6589cb8021b76574,SPY,bullish,"fast_above_slow,momentum_elevated,momentum_confirms_trend",177,2019-10-15T04:00:00+00:00,2019-10-17T04:00:00+00:00,3,evaluated,0.00010054221197774993,evaluated,0.002145036896843866,evaluated,0.035626923138291744
momentum_in_trend_context,1,6589cb8021b76574,SPY,neutral,momentum_midrange,178,2019-10-18T04:00:00+00:00,2019-10-18T04:00:00+00:00,1,evaluated,0.0019036029025434331,evaluated,0.0072807179814899925,evaluated,0.04131318737039935
momentum_in_trend_context,1,6589cb8021b76574,SPY,bullish,"fast_above_slow,momentum_elevated,momentum_confirms_trend",179,2019-10-21T04:00:00+00:00,2019-12-02T05:00:00+00:00,30,evaluated,-0.005223158150162388,evaluated,0.009049176066980635,evaluated,0.03805976097033281
momentum_in_trend_context,1,6589cb8021b76574,SPY,neutral,momentum_midrange,180,2019-12-03T05:00:00+00:00,2019-12-03T05:00:00+00:00,1,evaluated,0.0024460225883109477,evaluated,0.009108421181457382,evaluated,0.045606637764514346
momentum_in_trend_context,1,6589cb8021b76574,SPY,bullish,"fast_above_slow,momentum_elevated,momentum_confirms_trend",181,2019-12-04T05:00:00+00:00,2020-01-24T05:00:00+00:00,35,evaluated,-0.0006726514597132915,evaluated,0.007014067720422235,evaluated,0.032604145397884254
momentum_in_trend_context,1,6589cb8021b76574,SPY,neutral,momentum_midrange,182,2020-01-27T05:00:00+00:00,2020-01-29T05:00:00+00:00,3,evaluated,0.005629782512730941,evaluated,-0.0028917813587222563,evaluated,-0.03817757877104644
momentum_in_trend_context,1,6589cb8021b76574,SPY,bullish,"fast_above_slow,momentum_elevated,momentum_confirms_trend",183,2020-01-30T05:00:00+00:00,2020-01-30T05:00:00+00:00,1,evaluated,-0.01611617435373658,evaluated,0.02134559934656921,evaluated,-0.09400608634365448
momentum_in_trend_context,1,6589cb8021b76574,SPY,neutral,"fast_above_slow,momentum_depressed,momentum_contradicts_trend",184,2020-01-31T05:00:00+00:00,2020-02-03T05:00:00+00:00,2,evaluated,0.0023812865289551954,evaluated,0.027369741569395423,evaluated,-0.04410084891434907
momentum_in_trend_context,1,6589cb8021b76574,SPY,bullish,"fast_above_slow,momentum_elevated,momentum_confirms_trend",185,2020-02-04T05:00:00+00:00,2020-02-20T05:00:00+00:00,12,evaluated,0.001775653406562494,evaluated,0.00899876862436133,evaluated,-0.058416361103592496
momentum_in_trend_context,1,6589cb8021b76574,SPY,neutral,momentum_midrange,186,2020-02-21T05:00:00+00:00,2020-03-02T05:00:00+00:00,7,evaluated,-0.002228140088086805,evaluated,-0.0831837707009353,evaluated,-0.2919477852327189
momentum_in_trend_context,1,6589cb8021b76574,SPY,bearish,"fast_below_slow,momentum_depressed,momentum_confirms_trend",187,2020-03-03T05:00:00+00:00,2020-03-25T04:00:00+00:00,17,evaluated,0.02201747792330533,evaluated,-0.0578204036710418,evaluated,-0.1580099173158248
momentum_in_trend_context,1,6589cb8021b76574,SPY,neutral,momentum_midrange,188,2020-03-26T04:00:00+00:00,2020-03-26T04:00:00+00:00,1,evaluated,0.0005922292176494537,evaluated,-0.005685641477926939,evaluated,0.11726614461731422
momentum_in_trend_context,1,6589cb8021b76574,SPY,bearish,"fast_below_slow,momentum_depressed,momentum_confirms_trend",189,2020-03-27T04:00:00+00:00,2020-03-27T04:00:00+00:00,1,evaluated,0.023269444737015643,evaluated,-0.029370334753488825,evaluated,0.1226045804414786
momentum_in_trend_context,1,6589cb8021b76574,SPY,neutral,momentum_midrange,190,2020-03-30T04:00:00+00:00,2020-03-31T04:00:00+00:00,2,evaluated,-0.010784454962093126,evaluated,0.01650287010001139,evaluated,0.09659968400204733
momentum_in_trend_context,1,6589cb8021b76574,SPY,bearish,"fast_below_slow,momentum_depressed,momentum_confirms_trend",191,2020-04-01T04:00:00+00:00,2020-04-03T04:00:00+00:00,3,evaluated,0.02708103643514259,evaluated,0.11762305171795329,evaluated,0.18471392835743772
momentum_in_trend_context,1,6589cb8021b76574,SPY,neutral,momentum_midrange,192,2020-04-06T04:00:00+00:00,2020-04-29T04:00:00+00:00,17,evaluated,-0.033113259382283045,evaluated,0.03493679073839728,evaluated,0.043689184784102775
momentum_in_trend_context,1,6589cb8021b76574,SPY,bullish,"fast_above_slow,momentum_elevated,momentum_confirms_trend",193,2020-04-30T04:00:00+00:00,2020-04-30T04:00:00+00:00,1,evaluated,-0.008832459553592575,evaluated,0.008306737014011523,evaluated,0.06662931523008031
momentum_in_trend_context,1,6589cb8021b76574,SPY,neutral,momentum_midrange,194,2020-05-01T04:00:00+00:00,2020-05-06T04:00:00+00:00,4,evaluated,0.010080562756595857,evaluated,0.04167561663467878,evaluated,0.08837357847694305
momentum_in_trend_context,1,6589cb8021b76574,SPY,bullish,"fast_above_slow,momentum_elevated,momentum_confirms_trend",195,2020-05-07T04:00:00+00:00,2020-05-11T04:00:00+00:00,3,evaluated,0.004637761931016504,evaluated,-0.021024408925697124,evaluated,0.09704902385998881
momentum_in_trend_context,1,6589cb8021b76574,SPY,neutral,momentum_midrange,196,2020-05-12T04:00:00+00:00,2020-05-15T04:00:00+00:00,4,evaluated,-0.015591104988961546,evaluated,0.020660014376525426,evaluated,0.11515067720945193
momentum_in_trend_context,1,6589cb8021b76574,SPY,bullish,"fast_above_slow,momentum_elevated,momentum_confirms_trend",197,2020-05-18T04:00:00+00:00,2020-06-10T04:00:00+00:00,17,evaluated,-0.00808562878702812,evaluated,0.01606923856181819,evaluated,0.06322400192177269
momentum_in_trend_context,1,6589cb8021b76574,SPY,neutral,momentum_midrange,198,2020-06-11T04:00:00+00:00,2020-06-15T04:00:00+00:00,3,evaluated,-0.013074224328363804,evaluated,0.011484585573176886,evaluated,0.030333527120884662
momentum_in_trend_context,1,6589cb8021b76574,SPY,bullish,"fast_above_slow,momentum_elevated,momentum_confirms_trend",199,2020-06-16T04:00:00+00:00,2020-06-18T04:00:00+00:00,3,evaluated,-0.007673460075484084,evaluated,-0.006431749241068707,evaluated,0.024771543279729524
momentum_in_trend_context,1,6589cb8021b76574,SPY,neutral,momentum_midrange,200,2020-06-19T04:00:00+00:00,2020-06-19T04:00:00+00:00,1,evaluated,0.008539254411518815,evaluated,-0.025780066538409363,evaluated,0.05302125915656175
momentum_in_trend_context,1,6589cb8021b76574,SPY,bullish,"fast_above_slow,momentum_elevated,momentum_confirms_trend",201,2020-06-22T04:00:00+00:00,2020-06-23T04:00:00+00:00,2,evaluated,-0.004593455887792919,evaluated,-0.028804743566280266,evaluated,0.036747647102343795
momentum_in_trend_context,1,6589cb8021b76574,SPY,neutral,momentum_midrange,202,2020-06-24T04:00:00+00:00,2020-07-01T04:00:00+00:00,6,evaluated,0.012785464353001208,evaluated,0.023231251077900028,evaluated,0.06422377881166774
momentum_in_trend_context,1,6589cb8021b76574,SPY,bullish,"fast_above_slow,momentum_elevated,momentum_confirms_trend",203,2020-07-02T04:00:00+00:00,2020-09-03T04:00:00+00:00,45,evaluated,0.0021493589350323195,evaluated,0.0038562481889321543,evaluated,0.032082669194734015
momentum_in_trend_context,1,6589cb8021b76574,SPY,neutral,momentum_midrange,204,2020-09-04T04:00:00+00:00,2020-10-22T04:00:00+00:00,34,evaluated,-0.010394701935855566,evaluated,0.0051973509679277274,evaluated,0.009058294639153308
momentum_in_trend_context,1,6589cb8021b76574,SPY,bullish,"fast_above_slow,momentum_elevated,momentum_confirms_trend",205,2020-10-23T04:00:00+00:00,2020-10-23T04:00:00+00:00,1,evaluated,-0.008008623024202466,evaluated,-0.045567462997671226,evaluated,0.03858177155194098
momentum_in_trend_context,1,6589cb8021b76574,SPY,neutral,momentum_midrange,206,2020-10-26T04:00:00+00:00,2020-11-03T05:00:00+00:00,7,evaluated,-0.004532636274599322,evaluated,-0.028137500835335172,evaluated,0.052095541501964826
momentum_in_trend_context,1,6589cb8021b76574,SPY,bullish,"fast_above_slow,momentum_elevated,momentum_confirms_trend",207,2020-11-04T05:00:00+00:00,2020-12-31T05:00:00+00:00,40,evaluated,0.002863360519878899,evaluated,0.0212748350736498,evaluated,0.049965676025018
momentum_in_trend_context,1,6589cb8021b76574,SPY,neutral,momentum_midrange,208,2021-01-04T05:00:00+00:00,2021-01-04T05:00:00+00:00,1,evaluated,0.008774736254260507,evaluated,0.02876934572751022,evaluated,0.03653893362248617
momentum_in_trend_context,1,6589cb8021b76574,SPY,bullish,"fast_above_slow,momentum_elevated,momentum_confirms_trend",209,2021-01-05T05:00:00+00:00,2021-01-26T05:00:00+00:00,15,evaluated,0.010386509498370389,evaluated,0.024505687614597704,evaluated,0.03283658794466904
momentum_in_trend_context,1,6589cb8021b76574,SPY,neutral,momentum_midrange,210,2021-01-27T05:00:00+00:00,2021-02-01T05:00:00+00:00,4,evaluated,0.0033744807649083164,evaluated,0.01458715316620296,evaluated,0.015862475962014067
momentum_in_trend_context,1,6589cb8021b76574,SPY,bullish,"fast_above_slow,momentum_elevated,momentum_confirms_trend",211,2021-02-02T05:00:00+00:00,2021-02-19T05:00:00+00:00,13,evaluated,-0.001542716070819572,evaluated,0.020421497512646658,evaluated,-0.002667056288987779
momentum_in_trend_context,1,6589cb8021b76574,SPY,neutral,momentum_midrange,212,2021-02-22T05:00:00+00:00,2021-02-22T05:00:00+00:00,1,evaluated,0.007383133964677269,evaluated,0.012790471749899002,evaluated,0.020615589352375396
momentum_in_trend_context,1,6589cb8021b76574,SPY,bullish,"fast_above_slow,momentum_elevated,momentum_confirms_trend",213,2021-02-23T05:00:00+00:00,2021-02-24T05:00:00+00:00,2,evaluated,0.014081232703867963,evaluated,0.0005436336291668731,evaluated,0.008205455278945673
momentum_in_trend_context,1,6589cb8021b76574,SPY,neutral,momentum_midrange,214,2021-02-25T05:00:00+00:00,2021-02-26T05:00:00+00:00,2,evaluated,-0.010381216829949746,evaluated,-0.019903717379996633,evaluated,0.013919620186176651
momentum_in_trend_context,1,6589cb8021b76574,SPY,bullish,"fast_above_slow,momentum_elevated,momentum_confirms_trend",215,2021-03-01T05:00:00+00:00,2021-03-01T05:00:00+00:00,1,evaluated,-0.008414136569878106,evaluated,-0.020778836261163836,evaluated,0.015289085585905138
momentum_in_trend_context,1,6589cb8021b76574,SPY,neutral,momentum_midrange,216,2021-03-02T05:00:00+00:00,2021-03-09T05:00:00+00:00,6,evaluated,-0.011327393194213942,evaluated,0.003577088188513322,evaluated,0.02317323477382205
momentum_in_trend_context,1,6589cb8021b76574,SPY,bullish,"fast_above_slow,momentum_elevated,momentum_confirms_trend",217,2021-03-10T05:00:00+00:00,2021-03-17T04:00:00+00:00,6,evaluated,0.003314350652821485,evaluated,0.012824104832386718,evaluated,0.04153169714469285
momentum_in_trend_context,1,6589cb8021b76574,SPY,neutral,momentum_midrange,218,2021-03-18T04:00:00+00:00,2021-03-25T04:00:00+00:00,6,evaluated,-0.0010259410369213295,evaluated,-0.0004616617254720179,evaluated,0.0702267480760963
momentum_in_trend_context,1,6589cb8021b76574,SPY,bullish,"fast_above_slow,momentum_elevated,momentum_confirms_trend",219,2021-03-26T04:00:00+00:00,2021-05-10T04:00:00+00:00,31,evaluated,0.003498998235721862,evaluated,0.030324522414209687,evaluated,0.058848863626427717
momentum_in_trend_context,1,6589cb8021b76574,SPY,neutral,momentum_midrange,220,2021-05-11T04:00:00+00:00,2021-05-21T04:00:00+00:00,9,evaluated,-0.014152681391758293,evaluated,0.0017265069088105989,evaluated,0.02533857605665535
momentum_in_trend_context,1,6589cb8021b76574,SPY,bullish,"fast_above_slow,momentum_elevated,momentum_confirms_trend",221,2021-05-24T04:00:00+00:00,2021-06-17T04:00:00+00:00,18,evaluated,-0.0049722751282492705,evaluated,-0.0015701310056730478,evaluated,0.006613848328945959
momentum_in_trend_context,1,6589cb8021b76574,SPY,neutral,"fast_above_slow,momentum_depressed,momentum_contradicts_trend",222,2021-06-18T04:00:00+00:00,2021-06-21T04:00:00+00:00,2,evaluated,0.009740877345251864,evaluated,0.0235364631619579,evaluated,0.019601760237556887
momentum_in_trend_context,1,6589cb8021b76574,SPY,bullish,"fast_above_slow,momentum_elevated,momentum_confirms_trend",223,2021-06-22T04:00:00+00:00,2021-06-22T04:00:00+00:00,1,evaluated,-0.001394164168545764,evaluated,0.010657174648754708,evaluated,0.02684369972359013
momentum_in_trend_context,1,6589cb8021b76574,SPY,neutral,momentum_midrange,224,2021-06-23T04:00:00+00:00,2021-06-23T04:00:00+00:00,1,evaluated,0.0004942254414990188,evaluated,0.007460714069214225,evaluated,0.02487697155082924
momentum_in_trend_context,1,6589cb8021b76574,SPY,bullish,"fast_above_slow,momentum_elevated,momentum_confirms_trend",225,2021-06-24T04:00:00+00:00,2021-07-15T04:00:00+00:00,15,evaluated,0.0016670379555128179,evaluated,0.010636296887099439,evaluated,0.03296550539123588
momentum_in_trend_context,1,6589cb8021b76574,SPY,neutral,momentum_midrange,226,2021-07-16T04:00:00+00:00,2021-07-20T04:00:00+00:00,3,evaluated,-0.0028625758786325894,evaluated,0.032262605695192015,evaluated,0.04629393198645171
momentum_in_trend_context,1,6589cb8021b76574,SPY,bullish,"fast_above_slow,momentum_elevated,momentum_confirms_trend",227,2021-07-21T04:00:00+00:00,2021-08-17T04:00:00+00:00,20,evaluated,0.001656165149000799,evaluated,0.009407913764007958,evaluated,0.010213006719286488
momentum_in_trend_context,1,6589cb8021b76574,SPY,neutral,momentum_midrange,228,2021-08-18T04:00:00+00:00,2021-08-19T04:00:00+00:00,2,evaluated,0.00822884092029108,evaluated,0.028972918070789833,evaluated,0.024984584520025166
momentum_in_trend_context,1,6589cb8021b76574,SPY,bullish,"fast_above_slow,momentum_elevated,momentum_confirms_trend",229,2021-08-20T04:00:00+00:00,2021-09-09T04:00:00+00:00,14,evaluated,0.004717418650013405,evaluated,0.011434082792743716,evaluated,-0.02497977137592966
momentum_in_trend_context,1,6589cb8021b76574,SPY,neutral,momentum_midrange,230,2021-09-10T04:00:00+00:00,2021-09-29T04:00:00+00:00,14,evaluated,-0.004591717209589841,evaluated,-0.016137706213357972,evaluated,-0.02402823855407199
momentum_in_trend_context,1,6589cb8021b76574,SPY,bearish,"fast_below_slow,momentum_depressed,momentum_confirms_trend",231,2021-09-30T04:00:00+00:00,2021-10-06T04:00:00+00:00,5,evaluated,0.0075641077658943345,evaluated,0.01781983498075701,evaluated,0.0634368082995802
momentum_in_trend_context,1,6589cb8021b76574,SPY,neutral,momentum_midrange,232,2021-10-07T04:00:00+00:00,2021-10-08T04:00:00+00:00,2,evaluated,-0.0036862328075623063,evaluated,0.006871732361374283,evaluated,0.062414653659036645
momentum_in_trend_context,1,6589cb8021b76574,SPY,bearish,"fast_below_slow,momentum_depressed,momentum_confirms_trend",233,2021-10-11T04:00:00+00:00,2021-10-12T04:00:00+00:00,2,evaluated,-0.00470543816963187,evaluated,0.026442005781016853,evaluated,0.07634213561398528
momentum_in_trend_context,1,6589cb8021b76574,SPY,neutral,momentum_midrange,234,2021-10-13T04:00:00+00:00,2021-10-28T04:00:00+00:00,12,evaluated,0.007789044211359286,evaluated,0.030358972163377906,evaluated,0.055889608489096965
momentum_in_trend_context,1,6589cb8021b76574,SPY,bullish,"fast_above_slow,momentum_elevated,momentum_confirms_trend",235,2021-10-29T04:00:00+00:00,2021-11-24T05:00:00+00:00,19,evaluated,-0.0005648039429534402,evaluated,0.017879668052543485,evaluated,0.009341773679300891
momentum_in_trend_context,1,6589cb8021b76574,SPY,neutral,momentum_midrange,236,2021-11-26T05:00:00+00:00,2021-12-06T05:00:00+00:00,7,evaluated,0.0011420664359518273,evaluated,-0.02294911054022042,evaluated,0.02842244108266878
momentum_in_trend_context,1,6589cb8021b76574,SPY,bullish,"fast_above_slow,momentum_elevated,momentum_confirms_trend",237,2021-12-07T05:00:00+00:00,2021-12-08T05:00:00+00:00,2,evaluated,0.0017494704187854815,evaluated,-0.011393272277343103,evaluated,-0.0006827551010973876
momentum_in_trend_context,1,6589cb8021b76574,SPY,neutral,momentum_midrange,238,2021-12-09T05:00:00+00:00,2021-12-09T05:00:00+00:00,1,evaluated,0.0032179937614664755,evaluated,-0.00592459713617477,evaluated,-0.006691845310228817
momentum_in_trend_context,1,6589cb8021b76574,SPY,bullish,"fast_above_slow,momentum_elevated,momentum_confirms_trend",239,2021-12-10T05:00:00+00:00,2021-12-10T05:00:00+00:00,1,evaluated,-0.0076990048669497435,evaluated,-0.021948589443912758,evaluated,-0.009953407455456142
momentum_in_trend_context,1,6589cb8021b76574,SPY,neutral,momentum_midrange,240,2021-12-13T05:00:00+00:00,2021-12-14T05:00:00+00:00,2,evaluated,0.0005830162944717721,evaluated,-0.017512762995737674,evaluated,0.014381661695948011
momentum_in_trend_context,1,6589cb8021b76574,SPY,bullish,"fast_above_slow,momentum_elevated,momentum_confirms_trend",241,2021-12-15T05:00:00+00:00,2021-12-15T05:00:00+00:00,1,evaluated,-0.012950451832184795,evaluated,-0.010326522646758818,evaluated,-0.017013370337330413
momentum_in_trend_context,1,6589cb8021b76574,SPY,neutral,momentum_midrange,242,2021-12-16T05:00:00+00:00,2021-12-22T05:00:00+00:00,5,evaluated,-0.0036398932297986297,evaluated,0.019607883327702025,evaluated,0.006868190903638993
momentum_in_trend_context,1,6589cb8021b76574,SPY,bullish,"fast_above_slow,momentum_elevated,momentum_confirms_trend",243,2021-12-23T05:00:00+00:00,2022-01-04T05:00:00+00:00,8,evaluated,0.011015574786943816,evaluated,0.006143273972551322,evaluated,-0.06825403844286526
momentum_in_trend_context,1,6589cb8021b76574,SPY,neutral,momentum_midrange,244,2022-01-05T05:00:00+00:00,2022-01-24T05:00:00+00:00,13,evaluated,0.00010683663126753729,evaluated,0.006689551533999305,evaluated,-0.0455021647788717
momentum_in_trend_context,1,6589cb8021b76574,SPY,bearish,"fast_below_slow,momentum_depressed,momentum_confirms_trend",245,2022-01-25T05:00:00+00:00,2022-01-28T05:00:00+00:00,4,evaluated,-0.016654556901344097,evaluated,0.027750070231560953,evaluated,-0.042589374118902956
momentum_in_trend_context,1,6589cb8021b76574,SPY,neutral,momentum_midrange,246,2022-01-31T05:00:00+00:00,2022-02-02T05:00:00+00:00,3,evaluated,0.005036876648933042,evaluated,-0.007588495086837788,evaluated,-0.045930553887145065
momentum_in_trend_context,1,6589cb8021b76574,SPY,bearish,"fast_below_slow,momentum_depressed,momentum_confirms_trend",247,2022-02-03T05:00:00+00:00,2022-02-03T05:00:00+00:00,1,evaluated,0.005264940229373849,evaluated,0.006653973742781538,evaluated,-0.03176877446371695
momentum_in_trend_context,1,6589cb8021b76574,SPY,neutral,momentum_midrange,248,2022-02-04T05:00:00+00:00,2022-02-04T05:00:00+00:00,1,evaluated,-0.00500545027055832,evaluated,-0.020133074044926258,evaluated,-0.06691734652478043
momentum_in_trend_context,1,6589cb8021b76574,SPY,bearish,"fast_below_slow,momentum_depressed,momentum_confirms_trend",249,2022-02-07T05:00:00+00:00,2022-02-07T05:00:00+00:00,1,evaluated,0.009424017530819118,evaluated,-0.01725879565519539,evaluated,-0.06822915460510881
momentum_in_trend_context,1,6589cb8021b76574,SPY,neutral,momentum_midrange,250,2022-02-08T05:00:00+00:00,2022-02-10T05:00:00+00:00,3,evaluated,0.00509645296339678,evaluated,-0.02003425836459649,evaluated,-0.06109133492381569
momentum_in_trend_context,1,6589cb8021b76574,SPY,bearish,"fast_below_slow,momentum_depressed,momentum_confirms_trend",251,2022-02-11T05:00:00+00:00,2022-02-14T05:00:00+00:00,2,evaluated,-0.002045881948060879,evaluated,-0.01293417500393157,evaluated,-0.05210041082047623
momentum_in_trend_context,1,6589cb8021b76574,SPY,neutral,momentum_midrange,252,2022-02-15T05:00:00+00:00,2022-02-16T05:00:00+00:00,2,evaluated,0.0060144920861078255,evaluated,-0.04951226732004743,evaluated,-0.018719162245617538
momentum_in_trend_context,1,6589cb8021b76574,SPY,bearish,"fast_below_slow,momentum_depressed,momentum_confirms_trend",253,2022-02-17T05:00:00+00:00,2022-02-24T05:00:00+00:00,5,evaluated,-0.007088413054487042,evaluated,0.000960403906959062,evaluated,0.016440680177822964
momentum_in_trend_context,1,6589cb8021b76574,SPY,neutral,momentum_midrange,254,2022-02-25T05:00:00+00:00,2022-02-28T05:00:00+00:00,2,evaluated,0.010647422902374748,evaluated,0.00032408547747397876,evaluated,0.04782076180007011
momentum_in_trend_context,1,6589cb8021b76574,SPY,bearish,"fast_below_slow,momentum_depressed,momentum_confirms_trend",255,2022-03-01T05:00:00+00:00,2022-03-01T05:00:00+00:00,1,evaluated,0.012766888529704534,evaluated,-0.037282871844098286,evaluated,0.06748847747372588
momentum_in_trend_context,1,6589cb8021b76574,SPY,neutral,momentum_midrange,256,2022-03-02T05:00:00+00:00,2022-03-03T05:00:00+00:00,2,evaluated,-0.010806660504536714,evaluated,-0.029650140809589165,evaluated,0.041387633518301215
momentum_in_trend_context,1,6589cb8021b76574,SPY,bearish,"fast_below_slow,momentum_depressed,momentum_confirms_trend",257,2022-03-04T05:00:00+00:00,2022-03-14T04:00:00+00:00,7,evaluated,-0.028084800046389802,evaluated,-0.026601739760116483,evaluated,0.04951923586895712
momentum_in_trend_context,1,6589cb8021b76574,SPY,neutral,momentum_midrange,258,2022-03-15T04:00:00+00:00,2022-04-01T04:00:00+00:00,14,evaluated,0.013328945249951873,evaluated,0.04582563218074198,evaluated,0.019539867431798585
momentum_in_trend_context,1,6589cb8021b76574,SPY,bullish,"fast_above_slow,momentum_elevated,momentum_confirms_trend",259,2022-04-04T04:00:00+00:00,2022-04-04T04:00:00+00:00,1,evaluated,-0.009204346096767457,evaluated,-0.03361009567229212,evaluated,-0.08532137479403046
momentum_in_trend_context,1,6589cb8021b76574,SPY,neutral,momentum_midrange,260,2022-04-05T04:00:00+00:00,2022-04-29T04:00:00+00:00,18,evaluated,-0.000828001572281134,evaluated,-0.019244122315601797,evaluated,-0.03989799840094965
momentum_in_trend_context,1,6589cb8021b76574,SPY,bearish,"fast_below_slow,momentum_depressed,momentum_confirms_trend",261,2022-05-02T04:00:00+00:00,2022-05-03T04:00:00+00:00,2,evaluated,0.003301113430881353,evaluated,-0.04057732570691708,evaluated,-0.005011968484852747
momentum_in_trend_context,1,6589cb8021b76574,SPY,neutral,momentum_midrange,262,2022-05-04T04:00:00+00:00,2022-05-04T04:00:00+00:00,1,evaluated,-0.02529735141486411,evaluated,-0.07490281170017599,evaluated,-0.016864853021790194
momentum_in_trend_context,1,6589cb8021b76574,SPY,bearish,"fast_below_slow,momentum_depressed,momentum_confirms_trend",263,2022-05-05T04:00:00+00:00,2022-05-25T04:00:00+00:00,15,evaluated,0.0005837757986182357,evaluated,-0.04563368885210184,evaluated,-0.0013621930194103182
momentum_in_trend_context,1,6589cb8021b76574,SPY,neutral,momentum_midrange,264,2022-05-26T04:00:00+00:00,2022-06-08T04:00:00+00:00,9,evaluated,0.0180186953924375,evaluated,0.006447512586602366,evaluated,-0.04736340651312487
momentum_in_trend_context,1,6589cb8021b76574,SPY,bearish,"fast_below_slow,momentum_depressed,momentum_confirms_trend",265,2022-06-09T04:00:00+00:00,2022-06-23T04:00:00+00:00,10,evaluated,-0.012864710866662743,evaluated,-0.07149009987149357,evaluated,-0.026970203010519445
momentum_in_trend_context,1,6589cb8021b76574,SPY,neutral,momentum_midrange,266,2022-06-24T04:00:00+00:00,2022-06-27T04:00:00+00:00,2,evaluated,-0.006290734002990184,evaluated,-0.025086300638851866,evaluated,0.01155867452332715
momentum_in_trend_context,1,6589cb8021b76574,SPY,bearish,"fast_below_slow,momentum_depressed,momentum_confirms_trend",267,2022-06-28T04:00:00+00:00,2022-07-05T04:00:00+00:00,5,evaluated,-0.002334587054505066,evaluated,0.0052986096463016885,evaluated,0.05196337378408589
momentum_in_trend_context,1,6589cb8021b76574,SPY,neutral,momentum_midrange,268,2022-07-06T04:00:00+00:00,2022-07-11T04:00:00+00:00,4,evaluated,0.010048803402196604,evaluated,-0.016332594060736616,evaluated,0.07615812593921278
momentum_in_trend_context,1,6589cb8021b76574,SPY,bearish,"fast_below_slow,momentum_depressed,momentum_confirms_trend",269,2022-07-12T04:00:00+00:00,2022-07-14T04:00:00+00:00,3,evaluated,0.00994396269809883,evaluated,0.04577441383836689,evaluated,0.09664089418861854
momentum_in_trend_context,1,6589cb8021b76574,SPY,neutral,momentum_midrange,270,2022-07-15T04:00:00+00:00,2022-08-01T04:00:00+00:00,12,evaluated,-0.016555931291368564,evaluated,0.017276871545183647,evaluated,0.09969617574001077
momentum_in_trend_context,1,6589cb8021b76574,SPY,bullish,"fast_above_slow,momentum_elevated,momentum_confirms_trend",271,2022-08-02T04:00:00+00:00,2022-08-19T04:00:00+00:00,14,evaluated,0.010114610132907265,evaluated,0.0025591477986508515,evaluated,-0.02946623616277333
momentum_in_trend_context,1,6589cb8021b76574,SPY,neutral,momentum_midrange,272,2022-08-22T04:00:00+00:00,2022-08-24T04:00:00+00:00,3,evaluated,-0.0013320121121305206,evaluated,-0.024872824329095544,evaluated,-0.06977475898393093
momentum_in_trend_context,1,6589cb8021b76574,SPY,bullish,"fast_above_slow,momentum_elevated,momentum_confirms_trend",273,2022-08-25T04:00:00+00:00,2022-08-25T04:00:00+00:00,1,evaluated,-0.033572609261206754,evaluated,-0.054770024126488126,evaluated,-0.12265433282794513
momentum_in_trend_context,1,6589cb8021b76574,SPY,neutral,"fast_above_slow,momentum_depressed,momentum_contradicts_trend",274,2022-08-26T04:00:00+00:00,2022-09-15T04:00:00+00:00,14,evaluated,0.0010691015980375251,evaluated,-0.02476385298449313,evaluated,-0.09420689581912223
momentum_in_trend_context,1,6589cb8021b76574,SPY,bearish,"fast_below_slow,momentum_depressed,momentum_confirms_trend",275,2022-09-16T04:00:00+00:00,2022-10-03T04:00:00+00:00,12,evaluated,0.016454711104099795,evaluated,-0.03743524614925753,evaluated,-0.06443259627894082
momentum_in_trend_context,1,6589cb8021b76574,SPY,neutral,momentum_midrange,276,2022-10-04T04:00:00+00:00,2022-10-05T04:00:00+00:00,2,evaluated,0.009909160781754744,evaluated,-0.041913344760431404,evaluated,0.02980790575161385
momentum_in_trend_context,1,6589cb8021b76574,SPY,bearish,"fast_below_slow,momentum_depressed,momentum_confirms_trend",277,2022-10-06T04:00:00+00:00,2022-10-14T04:00:00+00:00,7,evaluated,-0.01674930930789853,evaluated,-0.008130742309875538,evaluated,0.0055289279295680505
momentum_in_trend_context,1,6589cb8021b76574,SPY,neutral,momentum_midrange,278,2022-10-17T04:00:00+00:00,2022-10-19T04:00:00+00:00,3,evaluated,-0.010662970031548258,evaluated,0.009969850946855985,evaluated,0.0532881667000209
momentum_in_trend_context,1,6589cb8021b76574,SPY,bearish,"fast_below_slow,momentum_depressed,momentum_confirms_trend",279,2022-10-20T04:00:00+00:00,2022-10-20T04:00:00+00:00,1,evaluated,0.025115067786937395,evaluated,0.04069899229805585,evaluated,0.07975458892039389
momentum_in_trend_context,1,6589cb8021b76574,SPY,neutral,momentum_midrange,280,2022-10-21T04:00:00+00:00,2022-11-10T05:00:00+00:00,15,evaluated,0.00792779896411222,evaluated,0.034930362216497146,evaluated,0.05357946033681138
momentum_in_trend_context,1,6589cb8021b76574,SPY,bullish,"fast_above_slow,momentum_elevated,momentum_confirms_trend",281,2022-11-11T05:00:00+00:00,2022-12-05T05:00:00+00:00,16,evaluated,-0.003882439698240203,evaluated,-0.001588274282751101,evaluated,0.0057732277612556615
momentum_in_trend_context,1,6589cb8021b76574,SPY,neutral,momentum_midrange,282,2022-12-06T05:00:00+00:00,2022-12-12T05:00:00+00:00,5,evaluated,0.0005598850189245663,evaluated,0.02298060447699868,evaluated,-0.03450907892895372
momentum_in_trend_context,1,6589cb8021b76574,SPY,bullish,"fast_above_slow,momentum_elevated,momentum_confirms_trend",283,2022-12-13T05:00:00+00:00,2022-12-13T05:00:00+00:00,1,evaluated,-0.005502829948671573,evaluated,-0.052463777234513564,evaluated,-0.011578382176961721
momentum_in_trend_context,1,6589cb8021b76574,SPY,neutral,momentum_midrange,284,2022-12-14T05:00:00+00:00,2022-12-30T05:00:00+00:00,12,evaluated,-0.01184373080074319,evaluated,-0.020466591571080217,evaluated,0.0106518192672036
momentum_in_trend_context,1,6589cb8021b76574,SPY,bearish,"fast_below_slow,momentum_depressed,momentum_confirms_trend",285,2023-01-03T05:00:00+00:00,2023-01-03T05:00:00+00:00,1,evaluated,0.0015136935668103035,evaluated,0.019312057095699497,evaluated,0.07208099495047882
momentum_in_trend_context,1,6589cb8021b76574,SPY,neutral,momentum_midrange,286,2023-01-04T05:00:00+00:00,2023-01-04T05:00:00+00:00,1,evaluated,-0.006130138138969787,evaluated,0.03615212131624679,evaluated,0.09184742074419816
momentum_in_trend_context,1,6589cb8021b76574,SPY,bearish,"fast_below_slow,momentum_depressed,momentum_confirms_trend",287,2023-01-05T05:00:00+00:00,2023-01-05T05:00:00+00:00,1,evaluated,0.014296545908693448,evaluated,0.037505571346576616,evaluated,0.07772933768214751
momentum_in_trend_context,1,6589cb8021b76574,SPY,neutral,momentum_midrange,288,2023-01-06T05:00:00+00:00,2023-01-27T05:00:00+00:00,15,evaluated,-0.0064298224684802285,evaluated,0.020826408239629002,evaluated,0.04985012090705454
momentum_in_trend_context,1,6589cb8021b76574,SPY,bullish,"fast_above_slow,momentum_elevated,momentum_confirms_trend",289,2023-01-30T05:00:00+00:00,2023-02-15T05:00:00+00:00,13,evaluated,0.013337337118619619,evaluated,0.021688683428193745,evaluated,-0.01214069019496622
momentum_in_trend_context,1,6589cb8021b76574,SPY,neutral,momentum_midrange,290,2023-02-16T05:00:00+00:00,2023-03-13T04:00:00+00:00,17,evaluated,0.0029552583712906255,evaluated,-0.023838823656556873,evaluated,-0.039575450477364216
momentum_in_trend_context,1,6589cb8021b76574,SPY,bearish,"fast_below_slow,momentum_depressed,momentum_confirms_trend",291,2023-03-14T04:00:00+00:00,2023-03-15T04:00:00+00:00,2,evaluated,0.00878484542790714,evaluated,0.03374015527593688,evaluated,0.05742561948569702
momentum_in_trend_context,1,6589cb8021b76574,SPY,neutral,momentum_midrange,292,2023-03-16T04:00:00+00:00,2023-03-16T04:00:00+00:00,1,evaluated,-0.008214259133057733,evaluated,-0.0001271242378657611,evaluated,0.04892932753839285
momentum_in_trend_context,1,6589cb8021b76574,SPY,bearish,"fast_below_slow,momentum_depressed,momentum_confirms_trend",293,2023-03-17T04:00:00+00:00,2023-03-17T04:00:00+00:00,1,evaluated,0.007523036164893027,evaluated,0.012666357117834925,evaluated,0.05921191241361101
momentum_in_trend_context,1,6589cb8021b76574,SPY,neutral,momentum_midrange,294,2023-03-20T04:00:00+00:00,2023-04-13T04:00:00+00:00,18,evaluated,0.004204041558728999,evaluated,-0.0018880274353986204,evaluated,0.042719770511248534
momentum_in_trend_context,1,6589cb8021b76574,SPY,bullish,"fast_above_slow,momentum_elevated,momentum_confirms_trend",295,2023-04-14T04:00:00+00:00,2023-04-24T04:00:00+00:00,7,evaluated,0.0038072782763269863,evaluated,-0.0004122096955864185,evaluated,-0.0018915022638230639
momentum_in_trend_context,1,6589cb8021b76574,SPY,neutral,momentum_midrange,296,2023-04-25T04:00:00+00:00,2023-04-26T04:00:00+00:00,2,evaluated,-0.005802556702540929,evaluated,0.010129807004381375,evaluated,0.01812056229117731
momentum_in_trend_context,1,6589cb8021b76574,SPY,bullish,"fast_above_slow,momentum_elevated,momentum_confirms_trend",297,2023-04-27T04:00:00+00:00,2023-05-01T04:00:00+00:00,3,evaluated,0.010790061840574294,evaluated,-0.015455990431116007,evaluated,0.007679418059014065
momentum_in_trend_context,1,6589cb8021b76574,SPY,neutral,momentum_midrange,298,2023-05-02T04:00:00+00:00,2023-05-05T04:00:00+00:00,4,evaluated,-0.008119400177039937,evaluated,-0.0010452953400748033,evaluated,0.01577698605372735
momentum_in_trend_context,1,6589cb8021b76574,SPY,bullish,"fast_above_slow,momentum_elevated,momentum_confirms_trend",299,2023-05-08T04:00:00+00:00,2023-05-08T04:00:00+00:00,1,evaluated,-0.0004864938210682457,evaluated,0.004572774695314141,evaluated,0.041106204110063604
momentum_in_trend_context,1,6589cb8021b76574,SPY,neutral,momentum_midrange,300,2023-05-09T04:00:00+00:00,2023-05-16T04:00:00+00:00,6,evaluated,-0.0024886410726425723,evaluated,-0.008770669855965418,evaluated,0.03061269633874608
momentum_in_trend_context,1,6589cb8021b76574,SPY,bullish,"fast_above_slow,momentum_elevated,momentum_confirms_trend",301,2023-05-17T04:00:00+00:00,2023-05-22T04:00:00+00:00,4,evaluated,0.01043629104252064,evaluated,-0.009182929897907699,evaluated,0.0667631058436271
momentum_in_trend_context,1,6589cb8021b76574,SPY,neutral,momentum_midrange,302,2023-05-23T04:00:00+00:00,2023-05-25T04:00:00+00:00,3,evaluated,-0.0032249091861221713,evaluated,0.013166171618712363,evaluated,0.058411317476259494
momentum_in_trend_context,1,6589cb8021b76574,SPY,bullish,"fast_above_slow,momentum_elevated,momentum_confirms_trend",303,2023-05-26T04:00:00+00:00,2023-08-01T04:00:00+00:00,45,evaluated,-0.00438358910235459,evaluated,0.012013381368347176,evaluated,0.03350476195847896
momentum_in_trend_context,1,6589cb8021b76574,SPY,neutral,momentum_midrange,304,2023-08-02T04:00:00+00:00,2023-09-19T04:00:00+00:00,34,evaluated,0.0017855275817149074,evaluated,-0.005111169764412393,evaluated,0.006628875020221248
momentum_in_trend_context,1,6589cb8021b76574,SPY,bearish,"fast_below_slow,momentum_depressed,momentum_confirms_trend",305,2023-09-20T04:00:00+00:00,2023-10-06T04:00:00+00:00,13,evaluated,-0.009892121730182057,evaluated,-0.022148322569881196,evaluated,-0.012600460404266545
momentum_in_trend_context,1,6589cb8021b76574,SPY,neutral,momentum_midrange,306,2023-10-09T04:00:00+00:00,2023-10-17T04:00:00+00:00,7,evaluated,0.0036956762934654552,evaluated,0.007160359601871669,evaluated,0.0063519193987444655
momentum_in_trend_context,1,6589cb8021b76574,SPY,bearish,"fast_below_slow,momentum_depressed,momentum_confirms_trend",307,2023-10-18T04:00:00+00:00,2023-10-31T04:00:00+00:00,10,evaluated,-0.010488500761611674,evaluated,-0.03109415021347084,evaluated,0.04346207202275698
momentum_in_trend_context,1,6589cb8021b76574,SPY,neutral,momentum_midrange,308,2023-11-01T04:00:00+00:00,2023-11-17T05:00:00+00:00,13,evaluated,0.009798920073460282,evaluated,0.025012925508934636,evaluated,0.06990484378752493
momentum_in_trend_context,1,6589cb8021b76574,SPY,bullish,"fast_above_slow,momentum_elevated,momentum_confirms_trend",309,2023-11-20T05:00:00+00:00,2024-01-03T05:00:00+00:00,30,evaluated,0.0001985885064326176,evaluated,0.0038616003095528484,evaluated,0.047795586769439735
momentum_in_trend_context,1,6589cb8021b76574,SPY,neutral,momentum_midrange,310,2024-01-04T05:00:00+00:00,2024-01-05T05:00:00+00:00,2,evaluated,0.00091985540298678,evaluated,0.01895231139537068,evaluated,0.057455809600702734
momentum_in_trend_context,1,6589cb8021b76574,SPY,bullish,"fast_above_slow,momentum_elevated,momentum_confirms_trend",311,2024-01-08T05:00:00+00:00,2024-04-03T04:00:00+00:00,60,evaluated,0.004259668524009053,evaluated,0.006484831818632131,evaluated,0.04685615974300217
momentum_in_trend_context,1,6589cb8021b76574,SPY,neutral,momentum_midrange,312,2024-04-04T04:00:00+00:00,2024-04-04T04:00:00+00:00,1,evaluated,0.00771677202030685,evaluated,0.006880958434379414,evaluated,-0.018329943611946176
momentum_in_trend_context,1,6589cb8021b76574,SPY,bullish,"fast_above_slow,momentum_elevated,momentum_confirms_trend",313,2024-04-05T04:00:00+00:00,2024-04-09T04:00:00+00:00,3,evaluated,-0.0008283804116601123,evaluated,-0.015987706674799207,evaluated,-0.015140162765111764
momentum_in_trend_context,1,6589cb8021b76574,SPY,neutral,momentum_midrange,314,2024-04-10T04:00:00+00:00,2024-04-24T04:00:00+00:00,11,evaluated,0.004498928322157036,evaluated,-0.029339910599023522,evaluated,0.002928191489046883
momentum_in_trend_context,1,6589cb8021b76574,SPY,bearish,"fast_below_slow,momentum_depressed,momentum_confirms_trend",315,2024-04-25T04:00:00+00:00,2024-04-25T04:00:00+00:00,1,evaluated,0.0037721015880050057,evaluated,-0.002606906898997674,evaluated,0.03872818333714334
momentum_in_trend_context,1,6589cb8021b76574,SPY,neutral,momentum_midrange,316,2024-04-26T04:00:00+00:00,2024-04-29T04:00:00+00:00,2,evaluated,-5.8810757929461666e-05,evaluated,0.002352549972841178,evaluated,0.037934494388119466
momentum_in_trend_context,1,6589cb8021b76574,SPY,bearish,"fast_below_slow,momentum_depressed,momentum_confirms_trend",317,2024-04-30T04:00:00+00:00,2024-05-01T04:00:00+00:00,2,evaluated,-0.002054327594371519,evaluated,0.031433263417252943,evaluated,0.04930386226491579
momentum_in_trend_context,1,6589cb8021b76574,SPY,neutral,momentum_midrange,318,2024-05-02T04:00:00+00:00,2024-05-17T04:00:00+00:00,12,evaluated,0.00025433305008437657,evaluated,0.017626534125316118,evaluated,0.031712167108038036
momentum_in_trend_context,1,6589cb8021b76574,SPY,bullish,"fast_above_slow,momentum_elevated,momentum_confirms_trend",319,2024-05-20T04:00:00+00:00,2024-05-29T04:00:00+00:00,7,evaluated,0.0039297837431173654,evaluated,0.001001300318137499,evaluated,0.03629451306337694
momentum_in_trend_context,1,6589cb8021b76574,SPY,neutral,momentum_midrange,320,2024-05-30T04:00:00+00:00,2024-05-30T04:00:00+00:00,1,evaluated,0.00721932822979876,evaluated,0.021142393325452424,evaluated,0.03940094881400591
momentum_in_trend_context,1,6589cb8021b76574,SPY,bullish,"fast_above_slow,momentum_elevated,momentum_confirms_trend",321,2024-05-31T04:00:00+00:00,2024-07-17T04:00:00+00:00,32,evaluated,-0.0023062109055197455,evaluated,0.009432516823836723,evaluated,0.030849507999110237
momentum_in_trend_context,1,6589cb8021b76574,SPY,neutral,momentum_midrange,322,2024-07-18T04:00:00+00:00,2024-07-19T04:00:00+00:00,2,evaluated,-0.006209030777112767,evaluated,-0.025361156726844025,evaluated,0.0011766851927370592
momentum_in_trend_context,1,6589cb8021b76574,SPY,bullish,"fast_above_slow,momentum_elevated,momentum_confirms_trend",323,2024-07-22T04:00:00+00:00,2024-07-22T04:00:00+00:00,1,evaluated,-0.001370412883796246,evaluated,-0.017636182510247234,evaluated,0.009142726449144822
momentum_in_trend_context,1,6589cb8021b76574,SPY,neutral,momentum_midrange,324,2024-07-23T04:00:00+00:00,2024-09-11T04:00:00+00:00,36,evaluated,-0.013901550643968363,evaluated,-0.012498607176051335,evaluated,0.017928118496679746
momentum_in_trend_context,1,6589cb8021b76574,SPY,bullish,"fast_above_slow,momentum_elevated,momentum_confirms_trend",325,2024-09-12T04:00:00+00:00,2024-10-04T04:00:00+00:00,17,evaluated,0.004109248901533968,evaluated,0.020135352331862144,evaluated,0.029336589064968388
momentum_in_trend_context,1,6589cb8021b76574,SPY,neutral,momentum_midrange,326,2024-10-07T04:00:00+00:00,2024-10-07T04:00:00+00:00,1,evaluated,0.004821009225465911,evaluated,0.024368053067053586,evaluated,-0.0010693618208298394
momentum_in_trend_context,1,6589cb8021b76574,SPY,bullish,"fast_above_slow,momentum_elevated,momentum_confirms_trend",327,2024-10-08T04:00:00+00:00,2024-10-30T04:00:00+00:00,17,evaluated,0.006944032539590195,evaluated,0.01155010200036144,evaluated,0.006176354296128395
momentum_in_trend_context,1,6589cb8021b76574,SPY,neutral,"fast_above_slow,momentum_depressed,momentum_contradicts_trend",328,2024-10-31T04:00:00+00:00,2024-11-05T05:00:00+00:00,4,evaluated,-0.0004901443906830671,evaluated,0.042515538955315124,evaluated,0.05466285106137958
momentum_in_trend_context,1,6589cb8021b76574,SPY,bullish,"fast_above_slow,momentum_elevated,momentum_confirms_trend",329,2024-11-06T05:00:00+00:00,2024-11-14T05:00:00+00:00,7,evaluated,0.0042658126876924385,evaluated,0.006929900237963915,evaluated,0.022897342118054054
momentum_in_trend_context,1,6589cb8021b76574,SPY,neutral,momentum_midrange,330,2024-11-15T05:00:00+00:00,2024-11-18T05:00:00+00:00,2,evaluated,0.0032923711360814956,evaluated,0.01584736025174527,evaluated,0.03508922990041885
momentum_in_trend_context,1,6589cb8021b76574,SPY,bullish,"fast_above_slow,momentum_elevated,momentum_confirms_trend",331,2024-11-19T05:00:00+00:00,2024-12-17T05:00:00+00:00,20,evaluated,0.00020325064567749962,evaluated,0.017395608669518836,evaluated,-0.006944638287252558
momentum_in_trend_context,1,6589cb8021b76574,SPY,neutral,"fast_above_slow,momentum_depressed,momentum_contradicts_trend",332,2024-12-18T05:00:00+00:00,2024-12-31T05:00:00+00:00,9,evaluated,-0.008894767816422178,evaluated,0.016876423415718822,evaluated,0.019767997042370977
trend_crossover,1,f1126ca778e6f7ce,SPY,neutral,relationship_unchanged,0,2015-01-02T05:00:00+00:00,2015-01-07T05:00:00+00:00,4,evaluated,-0.011999789245307646,evaluated,0.000391839309262787,evaluated,-0.011020228340004157
trend_crossover,1,f1126ca778e6f7ce,SPY,bearish,"crossed_below,fast_below_slow",1,2015-01-08T05:00:00+00:00,2015-01-08T05:00:00+00:00,1,evaluated,-0.010416637403403484,evaluated,-0.03575576473962838,evaluated,-0.00411817281909832
trend_crossover,1,f1126ca778e6f7ce,SPY,neutral,relationship_unchanged,2,2015-01-09T05:00:00+00:00,2015-02-13T05:00:00+00:00,25,evaluated,-0.008610193895081109,evaluated,-0.01360011119559601,evaluated,0.0010762742368850553
trend_crossover,1,f1126ca778e6f7ce,SPY,bullish,"crossed_above,fast_above_slow",3,2015-02-17T05:00:00+00:00,2015-02-17T05:00:00+00:00,1,evaluated,0.00224173048027132,evaluated,0.010254668791999766,evaluated,-0.00810835122841036
trend_crossover,1,f1126ca778e6f7ce,SPY,neutral,relationship_unchanged,4,2015-02-18T05:00:00+00:00,2015-04-01T04:00:00+00:00,31,evaluated,0.0027218951122764956,evaluated,0.010601218575427618,evaluated,0.005014101682802252
trend_crossover,1,f1126ca778e6f7ce,SPY,bearish,"crossed_below,fast_below_slow",5,2015-04-02T04:00:00+00:00,2015-04-02T04:00:00+00:00,1,evaluated,0.011978413460366877,evaluated,0.022739437502934834,evaluated,0.02605057326150706
trend_crossover,1,f1126ca778e6f7ce,SPY,neutral,relationship_unchanged,6,2015-04-06T04:00:00+00:00,2015-04-08T04:00:00+00:00,3,evaluated,-0.002790348452571867,evaluated,0.005917423861865556,evaluated,0.01664585155252274
trend_crossover,1,f1126ca778e6f7ce,SPY,bullish,"crossed_above,fast_above_slow",7,2015-04-09T04:00:00+00:00,2015-04-09T04:00:00+00:00,1,evaluated,0.00401527892038378,evaluated,0.005592725554555145,evaluated,-0.0015774466341714755
trend_crossover,1,f1126ca778e6f7ce,SPY,neutral,relationship_unchanged,8,2015-04-10T04:00:00+00:00,2015-04-13T04:00:00+00:00,2,evaluated,-0.0037165807282805163,evaluated,-0.00914851200083755,evaluated,0.008338495452972383
trend_crossover,1,f1126ca778e6f7ce,SPY,bearish,"crossed_below,fast_below_slow",9,2015-04-14T04:00:00+00:00,2015-04-14T04:00:00+00:00,1,evaluated,0.0018090436491438044,evaluated,-0.0021423325003775417,evaluated,-0.0003332888512336263
trend_crossover,1,f1126ca778e6f7ce,SPY,neutral,relationship_unchanged,10,2015-04-15T04:00:00+00:00,2015-04-27T04:00:00+00:00,9,evaluated,0.0016187989328511065,evaluated,0.0028567638289904718,evaluated,-4.758609195842922e-05
trend_crossover,1,f1126ca778e6f7ce,SPY,bullish,"crossed_above,fast_above_slow",11,2015-04-28T04:00:00+00:00,2015-04-28T04:00:00+00:00,1,evaluated,0.0009507639476808993,evaluated,-0.00698769432344315,evaluated,0.011075732685912554
trend_crossover,1,f1126ca778e6f7ce,SPY,neutral,relationship_unchanged,12,2015-04-29T04:00:00+00:00,2015-06-23T04:00:00+00:00,39,evaluated,-0.006765762035016998,evaluated,-0.008766969477188025,evaluated,0.012292747146138261
trend_crossover,1,f1126ca778e6f7ce,SPY,bearish,"crossed_below,fast_below_slow",13,2015-06-24T04:00:00+00:00,2015-06-24T04:00:00+00:00,1,evaluated,-0.005874019219857418,evaluated,-0.01705355755295579,evaluated,-0.004358187594192819
trend_crossover,1,f1126ca778e6f7ce,SPY,neutral,relationship_unchanged,14,2015-06-25T04:00:00+00:00,2015-08-04T04:00:00+00:00,28,evaluated,-0.0022349421128877722,evaluated,-0.01417088697836566,evaluated,-0.010889692135835127
trend_crossover,1,f1126ca778e6f7ce,SPY,bullish,"crossed_above,fast_above_slow",15,2015-08-05T04:00:00+00:00,2015-08-05T04:00:00+00:00,1,evaluated,-0.009225294805052964,evaluated,-0.006514789866027604,evaluated,-0.07075938037516061
trend_crossover,1,f1126ca778e6f7ce,SPY,neutral,relationship_unchanged,16,2015-08-06T04:00:00+00:00,2015-08-17T04:00:00+00:00,8,evaluated,-0.0010088715899913003,evaluated,0.0024019984204632916,evaluated,-0.060578403096208766
trend_crossover,1,f1126ca778e6f7ce,SPY,bearish,"crossed_below,fast_below_slow",17,2015-08-18T04:00:00+00:00,2015-08-18T04:00:00+00:00,1,evaluated,-0.0036825722280254825,evaluated,-0.10435693934476165,evaluated,-0.04261324701403102
trend_crossover,1,f1126ca778e6f7ce,SPY,neutral,relationship_unchanged,18,2015-08-19T04:00:00+00:00,2015-10-21T04:00:00+00:00,45,evaluated,-0.01229961432229243,evaluated,-0.05835062763787868,evaluated,-0.032831334848892446
trend_crossover,1,f1126ca778e6f7ce,SPY,bullish,"crossed_above,fast_above_slow",19,2015-10-22T04:00:00+00:00,2015-10-22T04:00:00+00:00,1,evaluated,0.0012544970173025138,evaluated,0.0076236517783097035,evaluated,0.006272632336587813
trend_crossover,1,f1126ca778e6f7ce,SPY,neutral,relationship_unchanged,20,2015-10-23T04:00:00+00:00,2015-12-21T05:00:00+00:00,41,evaluated,-0.0014471927030454967,evaluated,0.0030390237083892657,evaluated,0.00969606597803141
trend_crossover,1,f1126ca778e6f7ce,SPY,bearish,"crossed_below,fast_below_slow",21,2015-12-22T05:00:00+00:00,2015-12-22T05:00:00+00:00,1,evaluated,0.006497639431292779,evaluated,0.0060578934954576,evaluated,-0.06922662562868243
trend_crossover,1,f1126ca778e6f7ce,SPY,neutral,relationship_unchanged,22,2015-12-23T05:00:00+00:00,2016-03-08T05:00:00+00:00,51,evaluated,-0.0001944805788667292,evaluated,-0.008992835371077423,evaluated,-0.08788645597788947
trend_crossover,1,f1126ca778e6f7ce,SPY,bullish,"crossed_above,fast_above_slow",23,2016-03-09T05:00:00+00:00,2016-03-09T05:00:00+00:00,1,evaluated,-0.002100487165593079,evaluated,0.016903328218327296,evaluated,0.019953941290292487
trend_crossover,1,f1126ca778e6f7ce,SPY,neutral,relationship_unchanged,24,2016-03-10T05:00:00+00:00,2016-05-24T04:00:00+00:00,53,evaluated,0.0074530460148107824,evaluated,0.01674456160169524,evaluated,0.016098606685860828
trend_crossover,1,f1126ca778e6f7ce,SPY,bearish,"crossed_below,fast_below_slow",25,2016-05-25T04:00:00+00:00,2016-05-25T04:00:00+00:00,1,evaluated,-0.00047749284926412727,evaluated,0.007018722324138471,evaluated,0.006541229474874344
trend_crossover,1,f1126ca778e6f7ce,SPY,neutral,relationship_unchanged,26,2016-05-26T04:00:00+00:00,2016-05-26T04:00:00+00:00,1,evaluated,0.0033885683100445263,evaluated,0.0035794397192261407,evaluated,-0.030019535736065306
trend_crossover,1,f1126ca778e6f7ce,SPY,bullish,"crossed_above,fast_above_slow",27,2016-05-27T04:00:00+00:00,2016-05-27T04:00:00+00:00,1,evaluated,-0.0034194587245982566,evaluated,0.0037519403214374414,evaluated,-0.052051631754166494
trend_crossover,1,f1126ca778e6f7ce,SPY,neutral,relationship_unchanged,28,2016-05-31T04:00:00+00:00,2016-09-16T04:00:00+00:00,77,evaluated,0.005499278797462592,evaluated,0.012241763668553896,evaluated,-0.028309096725197658
trend_crossover,1,f1126ca778e6f7ce,SPY,bearish,"crossed_below,fast_below_slow",29,2016-09-19T04:00:00+00:00,2016-09-19T04:00:00+00:00,1,evaluated,-0.0046173474943091986,evaluated,-0.0007928649132118437,evaluated,-0.009467836129959495
trend_crossover,1,f1126ca778e6f7ce,SPY,neutral,relationship_unchanged,30,2016-09-20T04:00:00+00:00,2016-11-21T05:00:00+00:00,45,evaluated,0.007374915004402016,evaluated,0.00620799942565875,evaluated,-0.002473855329105601
trend_crossover,1,f1126ca778e6f7ce,SPY,bullish,"crossed_above,fast_above_slow",31,2016-11-22T05:00:00+00:00,2016-11-22T05:00:00+00:00,1,evaluated,0.003273030433162294,evaluated,0.0018183887764453566,evaluated,0.026320613952976135
trend_crossover,1,f1126ca778e6f7ce,SPY,neutral,relationship_unchanged,32,2016-11-23T05:00:00+00:00,2017-04-12T04:00:00+00:00,96,evaluated,0.001899584610362659,evaluated,-0.006919940013843995,evaluated,0.019357750615769165
trend_crossover,1,f1126ca778e6f7ce,SPY,bearish,"crossed_below,fast_below_slow",33,2017-04-13T04:00:00+00:00,2017-04-13T04:00:00+00:00,1,evaluated,0.006263166359420147,evaluated,0.006348915634953434,evaluated,0.025181223893518512
trend_crossover,1,f1126ca778e6f7ce,SPY,neutral,relationship_unchanged,34,2017-04-17T04:00:00+00:00,2017-05-04T04:00:00+00:00,14,evaluated,0.0006417674811782792,evaluated,0.01476123964668452,evaluated,0.02815335357131521
trend_crossover,1,f1126ca778e6f7ce,SPY,bullish,"crossed_above,fast_above_slow",35,2017-05-05T04:00:00+00:00,2017-05-05T04:00:00+00:00,1,evaluated,-0.0003753757576251404,evaluated,-0.0032116966526003488,evaluated,0.01768511154604413
trend_crossover,1,f1126ca778e6f7ce,SPY,neutral,relationship_unchanged,36,2017-05-08T04:00:00+00:00,2017-09-06T04:00:00+00:00,85,evaluated,-0.0021670455822290213,evaluated,0.0014168875161604255,evaluated,0.0135439236083843
trend_crossover,1,f1126ca778e6f7ce,SPY,bearish,"crossed_below,fast_below_slow",37,2017-09-07T04:00:00+00:00,2017-09-07T04:00:00+00:00,1,evaluated,0.00016228014119978873,evaluated,0.014399298890374057,evaluated,0.032935874896989015
trend_crossover,1,f1126ca778e6f7ce,SPY,bullish,"crossed_above,fast_above_slow",38,2017-09-08T04:00:00+00:00,2017-09-08T04:00:00+00:00,1,evaluated,0.004717035395113367,evaluated,0.004636386011939608,evaluated,0.025520085479733723
trend_crossover,1,f1126ca778e6f7ce,SPY,neutral,relationship_unchanged,39,2017-09-11T04:00:00+00:00,2018-02-22T05:00:00+00:00,114,evaluated,0.0016824827173418377,evaluated,0.00036051891251154267,evaluated,0.017305580182389146
trend_crossover,1,f1126ca778e6f7ce,SPY,bearish,"crossed_below,fast_below_slow",40,2018-02-23T05:00:00+00:00,2018-02-23T05:00:00+00:00,1,evaluated,0.007139496513588028,evaluated,-0.024825159588810708,evaluated,-0.06479906265145152
trend_crossover,1,f1126ca778e6f7ce,SPY,neutral,relationship_unchanged,41,2018-02-26T05:00:00+00:00,2018-05-16T04:00:00+00:00,57,evaluated,-0.013232148680779376,evaluated,-0.021286480967854238,evaluated,-0.046744096525576095
trend_crossover,1,f1126ca778e6f7ce,SPY,bullish,"crossed_above,fast_above_slow",42,2018-05-17T04:00:00+00:00,2018-05-17T04:00:00+00:00,1,evaluated,-0.0010676995439777848,evaluated,0.0043442776562607754,evaluated,0.020285729565850952
trend_crossover,1,f1126ca778e6f7ce,SPY,neutral,relationship_unchanged,43,2018-05-18T04:00:00+00:00,2018-10-15T04:00:00+00:00,104,evaluated,0.001318579314624868,evaluated,-0.0031501257769960267,evaluated,0.013003141518570516
trend_crossover,1,f1126ca778e6f7ce,SPY,bearish,"crossed_below,fast_below_slow",44,2018-10-16T04:00:00+00:00,2018-10-16T04:00:00+00:00,1,evaluated,3.569307351969364e-05,evaluated,-0.024354646378491496,evaluated,-0.02988163175673686
trend_crossover,1,f1126ca778e6f7ce,SPY,neutral,relationship_unchanged,45,2018-10-17T04:00:00+00:00,2019-01-31T05:00:00+00:00,72,evaluated,-0.010737294436418243,evaluated,-0.0503936538290769,evaluated,-0.03292763740310478
trend_crossover,1,f1126ca778e6f7ce,SPY,bullish,"crossed_above,fast_above_slow",46,2019-02-01T05:00:00+00:00,2019-02-01T05:00:00+00:00,1,evaluated,0.006849084461308497,evaluated,0.0013328491676161125,evaluated,0.03439342878357654
trend_crossover,1,f1126ca778e6f7ce,SPY,neutral,relationship_unchanged,47,2019-02-04T05:00:00+00:00,2019-05-28T04:00:00+00:00,79,evaluated,0.002422565174698743,evaluated,-0.006680396813644074,evaluated,0.024152057382545333
trend_crossover,1,f1126ca778e6f7ce,SPY,bearish,"crossed_below,fast_below_slow",48,2019-05-29T04:00:00+00:00,2019-05-29T04:00:00+00:00,1,evaluated,-0.00028657725077396723,evaluated,0.013793867312436703,evaluated,0.04070085796046219
trend_crossover,1,f1126ca778e6f7ce,SPY,neutral,relationship_unchanged,49,2019-05-30T04:00:00+00:00,2019-06-26T04:00:00+00:00,20,evaluated,-0.0033672090957848066,evaluated,0.031136767580919544,evaluated,0.055394594919497386
trend_crossover,1,f1126ca778e6f7ce,SPY,bullish,"crossed_above,fast_above_slow",50,2019-06-27T04:00:00+00:00,2019-06-27T04:00:00+00:00,1,evaluated,0.0014355507793102351,evaluated,0.020097085079878285,evaluated,0.03223058181059213
trend_crossover,1,f1126ca778e6f7ce,SPY,neutral,relationship_unchanged,51,2019-06-28T04:00:00+00:00,2019-08-14T04:00:00+00:00,33,evaluated,-0.0034380107821646577,evaluated,0.0004719382900568725,evaluated,0.016111631715322927
trend_crossover,1,f1126ca778e6f7ce,SPY,bearish,"crossed_below,fast_below_slow",52,2019-08-15T04:00:00+00:00,2019-08-15T04:00:00+00:00,1,evaluated,0.008272811457343154,evaluated,0.020524902749724516,evaluated,0.05099827140211799
trend_crossover,1,f1126ca778e6f7ce,SPY,neutral,relationship_unchanged,53,2019-08-16T04:00:00+00:00,2019-09-17T04:00:00+00:00,22,evaluated,0.00047908597039514333,evaluated,-0.0251206279357985,evaluated,0.027276775913307905
trend_crossover,1,f1126ca778e6f7ce,SPY,bullish,"crossed_above,fast_above_slow",54,2019-09-18T04:00:00+00:00,2019-09-18T04:00:00+00:00,1,evaluated,-0.0014924293067126726,evaluated,-0.012967212807808437,evaluated,-0.010380409562842474
trend_crossover,1,f1126ca778e6f7ce,SPY,neutral,relationship_unchanged,55,2019-09-19T04:00:00+00:00,2020-03-02T05:00:00+00:00,113,evaluated,-0.006924978937627335,evaluated,-0.011186527884630593,evaluated,-0.00359564064767659
trend_crossover,1,f1126ca778e6f7ce,SPY,bearish,"crossed_below,fast_below_slow",56,2020-03-03T05:00:00+00:00,2020-03-03T05:00:00+00:00,1,evaluated,0.02201747792330533,evaluated,-0.0578204036710418,evaluated,-0.1580099173158248
trend_crossover,1,f1126ca778e6f7ce,SPY,neutral,relationship_unchanged,57,2020-03-04T05:00:00+00:00,2020-04-29T04:00:00+00:00,40,evaluated,-0.008262900650767513,evaluated,-0.1004001066684278,evaluated,-0.19289794403109595
trend_crossover,1,f1126ca778e6f7ce,SPY,bullish,"crossed_above,fast_above_slow",58,2020-04-30T04:00:00+00:00,2020-04-30T04:00:00+00:00,1,evaluated,-0.008832459553592575,evaluated,0.008306737014011523,evaluated,0.06662931523008031
trend_crossover,1,f1126ca778e6f7ce,SPY,neutral,relationship_unchanged,59,2020-05-01T04:00:00+00:00,2020-09-29T04:00:00+00:00,105,evaluated,0.010080562756595857,evaluated,0.04167561663467878,evaluated,0.08837357847694305
trend_crossover,1,f1126ca778e6f7ce,SPY,bearish,"crossed_below,fast_below_slow",60,2020-09-30T04:00:00+00:00,2020-09-30T04:00:00+00:00,1,evaluated,-0.0019248242227637435,evaluated,0.00909119992307561,evaluated,-0.03266308951865027
trend_crossover,1,f1126ca778e6f7ce,SPY,neutral,relationship_unchanged,61,2020-10-01T04:00:00+00:00,2020-10-20T04:00:00+00:00,14,evaluated,0.0064515648239520385,evaluated,0.036418408585182416,evaluated,-0.005185411990969668
trend_crossover,1,f1126ca778e6f7ce,SPY,bullish,"crossed_above,fast_above_slow",62,2020-10-21T04:00:00+00:00,2020-10-21T04:00:00+00:00,1,evaluated,0.004811039006281659,evaluated,-0.04752737403512497,evaluated,0.038838370819015644
trend_crossover,1,f1126ca778e6f7ce,SPY,neutral,relationship_unchanged,63,2020-10-22T04:00:00+00:00,2021-09-29T04:00:00+00:00,236,evaluated,-0.0004335961022754464,evaluated,-0.0461075420667616,evaluated,0.0342555035828358
trend_crossover,1,f1126ca778e6f7ce,SPY,bearish,"crossed_below,fast_below_slow",64,2021-09-30T04:00:00+00:00,2021-09-30T04:00:00+00:00,1,evaluated,0.0075641077658943345,evaluated,0.01781983498075701,evaluated,0.0634368082995802
trend_crossover,1,f1126ca778e6f7ce,SPY,neutral,relationship_unchanged,65,2021-10-01T04:00:00+00:00,2021-10-28T04:00:00+00:00,20,evaluated,-0.010069250234555405,evaluated,0.011223984645640783,evaluated,0.06062355658198615
trend_crossover,1,f1126ca778e6f7ce,SPY,bullish,"crossed_above,fast_above_slow",66,2021-10-29T04:00:00+00:00,2021-10-29T04:00:00+00:00,1,evaluated,-0.0005648039429534402,evaluated,0.017879668052543485,evaluated,0.009341773679300891
trend_crossover,1,f1126ca778e6f7ce,SPY,neutral,relationship_unchanged,67,2021-11-01T04:00:00+00:00,2022-01-24T05:00:00+00:00,58,evaluated,0.003650412131861236,evaluated,0.01892571255481168,evaluated,-0.01012560003856644
trend_crossover,1,f1126ca778e6f7ce,SPY,bearish,"crossed_below,fast_below_slow",68,2022-01-25T05:00:00+00:00,2022-01-25T05:00:00+00:00,1,evaluated,-0.016654556901344097,evaluated,0.027750070231560953,evaluated,-0.042589374118902956
trend_crossover,1,f1126ca778e6f7ce,SPY,neutral,relationship_unchanged,69,2022-01-26T05:00:00+00:00,2022-04-01T04:00:00+00:00,47,evaluated,-0.01601793313290023,evaluated,0.0435586088452371,evaluated,-0.02272628519764497
trend_crossover,1,f1126ca778e6f7ce,SPY,bullish,"crossed_above,fast_above_slow",70,2022-04-04T04:00:00+00:00,2022-04-04T04:00:00+00:00,1,evaluated,-0.009204346096767457,evaluated,-0.03361009567229212,evaluated,-0.08532137479403046
trend_crossover,1,f1126ca778e6f7ce,SPY,neutral,relationship_unchanged,71,2022-04-05T04:00:00+00:00,2022-04-29T04:00:00+00:00,18,evaluated,-0.000828001572281134,evaluated,-0.019244122315601797,evaluated,-0.03989799840094965
trend_crossover,1,f1126ca778e6f7ce,SPY,bearish,"crossed_below,fast_below_slow",72,2022-05-02T04:00:00+00:00,2022-05-02T04:00:00+00:00,1,evaluated,0.003301113430881353,evaluated,-0.04057732570691708,evaluated,-0.005011968484852747
trend_crossover,1,f1126ca778e6f7ce,SPY,neutral,relationship_unchanged,73,2022-05-03T04:00:00+00:00,2022-08-01T04:00:00+00:00,62,evaluated,0.02872353354756907,evaluated,-0.043133189828224894,evaluated,-0.017958162643887166
trend_crossover,1,f1126ca778e6f7ce,SPY,bullish,"crossed_above,fast_above_slow",74,2022-08-02T04:00:00+00:00,2022-08-02T04:00:00+00:00,1,evaluated,0.010114610132907265,evaluated,0.0025591477986508515,evaluated,-0.02946623616277333
trend_crossover,1,f1126ca778e6f7ce,SPY,neutral,relationship_unchanged,75,2022-08-03T04:00:00+00:00,2022-09-15T04:00:00+00:00,31,evaluated,-0.00048261624106393786,evaluated,0.013562746297781869,evaluated,-0.04631127414517344
trend_crossover,1,f1126ca778e6f7ce,SPY,bearish,"crossed_below,fast_below_slow",76,2022-09-16T04:00:00+00:00,2022-09-16T04:00:00+00:00,1,evaluated,0.016454711104099795,evaluated,-0.03743524614925753,evaluated,-0.06443259627894082
trend_crossover,1,f1126ca778e6f7ce,SPY,neutral,relationship_unchanged,77,2022-09-19T04:00:00+00:00,2022-11-10T05:00:00+00:00,39,evaluated,-0.002519091120483208,evaluated,-0.05388770615374694,evaluated,-0.04736921609625122
trend_crossover,1,f1126ca778e6f7ce,SPY,bullish,"crossed_above,fast_above_slow",78,2022-11-11T05:00:00+00:00,2022-11-11T05:00:00+00:00,1,evaluated,-0.003882439698240203,evaluated,-0.001588274282751101,evaluated,0.0057732277612556615
trend_crossover,1,f1126ca778e6f7ce,SPY,neutral,relationship_unchanged,79,2022-11-14T05:00:00+00:00,2022-12-30T05:00:00+00:00,33,evaluated,-0.006630945288748524,evaluated,-0.016352979330436,evaluated,0.0020441414351120013
trend_crossover,1,f1126ca778e6f7ce,SPY,bearish,"crossed_below,fast_below_slow",80,2023-01-03T05:00:00+00:00,2023-01-03T05:00:00+00:00,1,evaluated,0.0015136935668103035,evaluated,0.019312057095699497,evaluated,0.07208099495047882
trend_crossover,1,f1126ca778e6f7ce,SPY,neutral,relationship_unchanged,81,2023-01-04T05:00:00+00:00,2023-01-27T05:00:00+00:00,17,evaluated,-0.006130138138969787,evaluated,0.03615212131624679,evaluated,0.09184742074419816
trend_crossover,1,f1126ca778e6f7ce,SPY,bullish,"crossed_above,fast_above_slow",82,2023-01-30T05:00:00+00:00,2023-01-30T05:00:00+00:00,1,evaluated,0.013337337118619619,evaluated,0.021688683428193745,evaluated,-0.01214069019496622
trend_crossover,1,f1126ca778e6f7ce,SPY,neutral,relationship_unchanged,83,2023-01-31T05:00:00+00:00,2023-03-13T04:00:00+00:00,29,evaluated,0.013795307262334244,evaluated,0.024629232242005417,evaluated,-0.025838457692284766
trend_crossover,1,f1126ca778e6f7ce,SPY,bearish,"crossed_below,fast_below_slow",84,2023-03-14T04:00:00+00:00,2023-03-14T04:00:00+00:00,1,evaluated,0.00878484542790714,evaluated,0.03374015527593688,evaluated,0.05742561948569702
trend_crossover,1,f1126ca778e6f7ce,SPY,neutral,relationship_unchanged,85,2023-03-15T04:00:00+00:00,2023-04-13T04:00:00+00:00,21,evaluated,0.024016281090541547,evaluated,0.013675554333232531,evaluated,0.06889507624187408
trend_crossover,1,f1126ca778e6f7ce,SPY,bullish,"crossed_above,fast_above_slow",86,2023-04-14T04:00:00+00:00,2023-04-14T04:00:00+00:00,1,evaluated,0.0038072782763269863,evaluated,-0.0004122096955864185,evaluated,-0.0018915022638230639
trend_crossover,1,f1126ca778e6f7ce,SPY,neutral,relationship_unchanged,87,2023-04-17T04:00:00+00:00,2023-08-25T04:00:00+00:00,92,evaluated,-0.0032965858834717032,evaluated,-0.0070984690908356685,evaluated,-0.00618407259656073
trend_crossover,1,f1126ca778e6f7ce,SPY,bearish,"crossed_below,fast_below_slow",88,2023-08-28T04:00:00+00:00,2023-08-28T04:00:00+00:00,1,evaluated,0.014706901288577434,evaluated,0.01488760065233774,evaluated,-0.03788543825800572
trend_crossover,1,f1126ca778e6f7ce,SPY,neutral,relationship_unchanged,89,2023-08-29T04:00:00+00:00,2023-11-17T05:00:00+00:00,58,evaluated,0.0033369668470388802,evaluated,-0.007319099627252523,evaluated,-0.052190210369037926
trend_crossover,1,f1126ca778e6f7ce,SPY,bullish,"crossed_above,fast_above_slow",90,2023-11-20T05:00:00+00:00,2023-11-20T05:00:00+00:00,1,evaluated,0.0001985885064326176,evaluated,0.0038616003095528484,evaluated,0.047795586769439735
trend_crossover,1,f1126ca778e6f7ce,SPY,neutral,relationship_unchanged,91,2023-11-21T05:00:00+00:00,2024-04-24T04:00:00+00:00,106,evaluated,8.786765655277584e-05,evaluated,-0.0008132788822160508,evaluated,0.02918809279226986
trend_crossover,1,f1126ca778e6f7ce,SPY,bearish,"crossed_below,fast_below_slow",92,2024-04-25T04:00:00+00:00,2024-04-25T04:00:00+00:00,1,evaluated,0.0037721015880050057,evaluated,-0.002606906898997674,evaluated,0.03872818333714334
trend_crossover,1,f1126ca778e6f7ce,SPY,neutral,relationship_unchanged,93,2024-04-26T04:00:00+00:00,2024-05-17T04:00:00+00:00,16,evaluated,-5.8810757929461666e-05,evaluated,0.002352549972841178,evaluated,0.037934494388119466
trend_crossover,1,f1126ca778e6f7ce,SPY,bullish,"crossed_above,fast_above_slow",94,2024-05-20T04:00:00+00:00,2024-05-20T04:00:00+00:00,1,evaluated,0.0039297837431173654,evaluated,0.001001300318137499,evaluated,0.03629451306337694
trend_crossover,1,f1126ca778e6f7ce,SPY,neutral,relationship_unchanged,95,2024-05-21T04:00:00+00:00,2024-08-08T04:00:00+00:00,55,evaluated,-0.0015452883944068185,evaluated,-0.008574481520375099,evaluated,0.030811221772751196
trend_crossover,1,f1126ca778e6f7ce,SPY,bearish,"crossed_below,fast_below_slow",96,2024-08-09T04:00:00+00:00,2024-08-09T04:00:00+00:00,1,evaluated,-0.0017596121426833866,evaluated,0.03762560558432648,evaluated,0.022837368581788642
trend_crossover,1,f1126ca778e6f7ce,SPY,neutral,relationship_unchanged,97,2024-08-12T04:00:00+00:00,2024-08-30T04:00:00+00:00,15,evaluated,0.010269599891155279,evaluated,0.04301708160666018,evaluated,0.0228504427730456
trend_crossover,1,f1126ca778e6f7ce,SPY,bullish,"crossed_above,fast_above_slow",98,2024-09-03T04:00:00+00:00,2024-09-03T04:00:00+00:00,1,evaluated,0.0013631406458745055,evaluated,-0.002562766536538974,evaluated,0.033478703201528015
trend_crossover,1,f1126ca778e6f7ce,SPY,neutral,relationship_unchanged,99,2024-09-04T04:00:00+00:00,2024-12-31T05:00:00+00:00,83,evaluated,-0.0023235659802108843,evaluated,0.006407755028871698,evaluated,0.03261988822685935
trend_alignment,1,650add07184f8440,QQQ,bullish,fast_above_slow,0,2015-01-02T05:00:00+00:00,2015-01-06T05:00:00+00:00,3,evaluated,-0.010342448830984563,evaluated,0.0012684640991533769,evaluated,-0.004976041735446524
trend_alignment,1,650add07184f8440,QQQ,neutral,trend_margin_below_threshold,1,2015-01-07T05:00:00+00:00,2015-01-08T05:00:00+00:00,2,evaluated,0.010565464861645335,evaluated,-0.012326375671919632,evaluated,0.015065553679678878
trend_alignment,1,650add07184f8440,QQQ,bearish,fast_below_slow,2,2015-01-09T05:00:00+00:00,2015-02-12T05:00:00+00:00,24,evaluated,-0.012351649940048892,evaluated,-0.019451468643611358,evaluated,-0.00019448203779182105
trend_alignment,1,650add07184f8440,QQQ,neutral,trend_margin_below_threshold,3,2015-02-13T05:00:00+00:00,2015-02-13T05:00:00+00:00,1,evaluated,0.000935351891270475,evaluated,0.015059329583837933,evaluated,-0.0019643317432755936
trend_alignment,1,650add07184f8440,QQQ,bullish,fast_above_slow,4,2015-02-17T05:00:00+00:00,2015-04-15T04:00:00+00:00,41,evaluated,0.0026198205079244197,evaluated,0.01609282620605712,evaluated,-9.351148103264872e-05
trend_alignment,1,650add07184f8440,QQQ,neutral,trend_margin_below_threshold,5,2015-04-16T04:00:00+00:00,2015-04-16T04:00:00+00:00,1,evaluated,-0.006094144979950089,evaluated,0.022501348341289917,evaluated,0.027376692937266744
trend_alignment,1,650add07184f8440,QQQ,bearish,fast_below_slow,6,2015-04-17T04:00:00+00:00,2015-04-24T04:00:00+00:00,6,evaluated,0.009949291810445793,evaluated,0.03754458387109927,evaluated,0.028533892335308675
trend_alignment,1,650add07184f8440,QQQ,neutral,trend_margin_below_threshold,7,2015-04-27T04:00:00+00:00,2015-04-28T04:00:00+00:00,2,evaluated,-0.002718827554104797,evaluated,-0.010059751837927733,evaluated,-0.01033169682331192
trend_alignment,1,650add07184f8440,QQQ,bullish,fast_above_slow,8,2015-04-29T04:00:00+00:00,2015-06-29T04:00:00+00:00,43,evaluated,-0.010116858912480486,evaluated,-0.018578168031778364,evaluated,0.018210205705956106
trend_alignment,1,650add07184f8440,QQQ,neutral,trend_margin_below_threshold,9,2015-06-30T04:00:00+00:00,2015-06-30T04:00:00+00:00,1,evaluated,-0.0019420983058058283,evaluated,-0.018866188544759854,evaluated,0.03162864963664602
trend_alignment,1,650add07184f8440,QQQ,bearish,fast_below_slow,10,2015-07-01T04:00:00+00:00,2015-07-20T04:00:00+00:00,13,evaluated,-0.0025871421972331055,evaluated,-0.020327122880900994,evaluated,0.035572376926055416
trend_alignment,1,650add07184f8440,QQQ,neutral,trend_margin_below_threshold,11,2015-07-21T04:00:00+00:00,2015-07-27T04:00:00+00:00,5,evaluated,0.004011808727668376,evaluated,-0.009271649572115903,evaluated,-0.011678680395632135
trend_alignment,1,650add07184f8440,QQQ,bullish,fast_above_slow,12,2015-07-28T04:00:00+00:00,2015-08-21T04:00:00+00:00,19,evaluated,0.0016162368747119071,evaluated,0.0001795514283313704,evaluated,-0.11924222035721344
trend_alignment,1,650add07184f8440,QQQ,neutral,trend_margin_below_threshold,13,2015-08-24T04:00:00+00:00,2015-08-24T04:00:00+00:00,1,evaluated,-0.038992881050585626,evaluated,0.021945702659614374,evaluated,0.01988830004277764
trend_alignment,1,650add07184f8440,QQQ,bearish,fast_below_slow,14,2015-08-25T04:00:00+00:00,2015-10-21T04:00:00+00:00,41,evaluated,0.020503166735295508,evaluated,0.0008914814590068598,evaluated,0.031893831714568055
trend_alignment,1,650add07184f8440,QQQ,neutral,trend_margin_below_threshold,15,2015-10-22T04:00:00+00:00,2015-10-22T04:00:00+00:00,1,evaluated,0.0010651084083699303,evaluated,0.010473927191767984,evaluated,0.009320037175859053
trend_alignment,1,650add07184f8440,QQQ,bullish,fast_above_slow,16,2015-10-23T04:00:00+00:00,2015-12-28T05:00:00+00:00,45,evaluated,0.0013309807448158573,evaluated,0.005590105588927585,evaluated,0.015794201037191424
trend_alignment,1,650add07184f8440,QQQ,neutral,trend_margin_below_threshold,17,2015-12-29T05:00:00+00:00,2015-12-29T05:00:00+00:00,1,evaluated,-0.008143610595692685,evaluated,-0.052013966468876904,evaluated,-0.10683009872383342
trend_alignment,1,650add07184f8440,QQQ,bearish,fast_below_slow,18,2015-12-30T05:00:00+00:00,2016-03-10T05:00:00+00:00,49,evaluated,-0.008948366365314486,evaluated,-0.07087799951561757,evaluated,-0.07743426313887225
trend_alignment,1,650add07184f8440,QQQ,bullish,fast_above_slow,19,2016-03-11T05:00:00+00:00,2016-05-11T04:00:00+00:00,43,evaluated,0.005467073721139748,evaluated,0.012065288461455381,evaluated,0.02365917827196684
trend_alignment,1,650add07184f8440,QQQ,neutral,trend_margin_below_threshold,20,2016-05-12T04:00:00+00:00,2016-05-12T04:00:00+00:00,1,evaluated,-0.002835567515164006,evaluated,-0.004631431748866266,evaluated,0.029678632316412434
trend_alignment,1,650add07184f8440,QQQ,bearish,fast_below_slow,21,2016-05-13T04:00:00+00:00,2016-06-08T04:00:00+00:00,18,evaluated,0.01097857270973046,evaluated,0.0076660754355455385,evaluated,0.02243039026164073
trend_alignment,1,650add07184f8440,QQQ,neutral,trend_margin_below_threshold,22,2016-06-09T04:00:00+00:00,2016-06-10T04:00:00+00:00,2,evaluated,-0.0022895869073192854,evaluated,-0.010532113748197958,evaluated,0.010165771458309214
trend_alignment,1,650add07184f8440,QQQ,bullish,fast_above_slow,23,2016-06-13T04:00:00+00:00,2016-07-01T04:00:00+00:00,15,evaluated,0.002691673670664363,evaluated,-0.005383276528309611,evaluated,0.03480601516942339
trend_alignment,1,650add07184f8440,QQQ,neutral,trend_margin_below_threshold,24,2016-07-05T04:00:00+00:00,2016-07-06T04:00:00+00:00,2,evaluated,0.013001583968152763,evaluated,0.04283971606750003,evaluated,0.07529693337028975
trend_alignment,1,650add07184f8440,QQQ,bearish,fast_below_slow,25,2016-07-07T04:00:00+00:00,2016-07-12T04:00:00+00:00,4,evaluated,0.010073316247774189,evaluated,0.025457934856985887,evaluated,0.05924909708348913
trend_alignment,1,650add07184f8440,QQQ,neutral,trend_margin_below_threshold,26,2016-07-13T04:00:00+00:00,2016-07-15T04:00:00+00:00,3,evaluated,0.00017867338892929574,evaluated,0.013219036879563939,evaluated,0.0416220409093917
trend_alignment,1,650add07184f8440,QQQ,bullish,fast_above_slow,27,2016-07-18T04:00:00+00:00,2016-11-02T04:00:00+00:00,77,evaluated,-0.00017837068380532894,evaluated,0.013464129430992733,evaluated,0.04948725231254336
trend_alignment,1,650add07184f8440,QQQ,neutral,trend_margin_below_threshold,28,2016-11-03T04:00:00+00:00,2016-11-03T04:00:00+00:00,1,evaluated,-0.0010547167155499082,evaluated,0.017403563464500227,evaluated,0.016964053459813444
trend_alignment,1,650add07184f8440,QQQ,bearish,fast_below_slow,29,2016-11-04T04:00:00+00:00,2016-12-08T05:00:00+00:00,24,evaluated,0.007446537589913316,evaluated,0.002684260054744758,evaluated,0.00961122721346741
trend_alignment,1,650add07184f8440,QQQ,neutral,trend_margin_below_threshold,30,2016-12-09T05:00:00+00:00,2016-12-09T05:00:00+00:00,1,evaluated,-8.407275891264554e-05,evaluated,0.005295429494442505,evaluated,0.03051187035531666
trend_alignment,1,650add07184f8440,QQQ,bullish,fast_above_slow,31,2016-12-12T05:00:00+00:00,2017-07-06T04:00:00+00:00,142,evaluated,0.009554135036575095,evaluated,0.006453206880956852,evaluated,0.030254782262693514
trend_alignment,1,650add07184f8440,QQQ,bearish,fast_below_slow,32,2017-07-07T04:00:00+00:00,2017-07-19T04:00:00+00:00,9,evaluated,0.005875934151105433,evaluated,0.03097561715351249,evaluated,0.04207462848143351
trend_alignment,1,650add07184f8440,QQQ,neutral,trend_margin_below_threshold,33,2017-07-20T04:00:00+00:00,2017-07-25T04:00:00+00:00,4,evaluated,0.0032720775737973273,evaluated,0.002227842701047811,evaluated,-0.01608185441666199
trend_alignment,1,650add07184f8440,QQQ,bullish,fast_above_slow,34,2017-07-26T04:00:00+00:00,2018-03-01T05:00:00+00:00,151,evaluated,-0.012755455472005295,evaluated,-0.012824100137498573,evaluated,-0.021464852047724747
trend_alignment,1,650add07184f8440,QQQ,neutral,trend_margin_below_threshold,35,2018-03-02T05:00:00+00:00,2018-03-05T05:00:00+00:00,2,evaluated,0.015858574001060166,evaluated,0.04812055338761079,evaluated,-0.05871322445880067
trend_alignment,1,650add07184f8440,QQQ,bullish,fast_above_slow,36,2018-03-06T05:00:00+00:00,2018-04-03T04:00:00+00:00,20,evaluated,0.010044799257286963,evaluated,0.026666706809370222,evaluated,-0.044902807215760454
trend_alignment,1,650add07184f8440,QQQ,neutral,trend_margin_below_threshold,37,2018-04-04T04:00:00+00:00,2018-04-05T04:00:00+00:00,2,evaluated,-0.00421501225347054,evaluated,-0.006508417776238451,evaluated,0.0030372868505710304
trend_alignment,1,650add07184f8440,QQQ,bearish,fast_below_slow,38,2018-04-06T04:00:00+00:00,2018-05-11T04:00:00+00:00,26,evaluated,-0.0015824788375812249,evaluated,0.021458409174127446,evaluated,0.04361311290026437
trend_alignment,1,650add07184f8440,QQQ,neutral,trend_margin_below_threshold,39,2018-05-14T04:00:00+00:00,2018-05-15T04:00:00+00:00,2,evaluated,-0.0032065110930424856,evaluated,-5.943688265153124e-05,evaluated,0.04405912955047775
trend_alignment,1,650add07184f8440,QQQ,bullish,fast_above_slow,40,2018-05-16T04:00:00+00:00,2018-10-10T04:00:00+00:00,103,evaluated,-0.000356301198475073,evaluated,0.007185739760395604,evaluated,0.05469449936011683
trend_alignment,1,650add07184f8440,QQQ,neutral,trend_margin_below_threshold,41,2018-10-11T04:00:00+00:00,2018-10-11T04:00:00+00:00,1,evaluated,0.0008612801105269963,evaluated,-0.005684133338531461,evaluated,0.0016650889818610182
trend_alignment,1,650add07184f8440,QQQ,bearish,fast_below_slow,42,2018-10-12T04:00:00+00:00,2019-01-29T05:00:00+00:00,73,evaluated,-0.008635081123857025,evaluated,-0.003972151371468224,evaluated,-0.01260723249532536
trend_alignment,1,650add07184f8440,QQQ,neutral,trend_margin_below_threshold,43,2019-01-30T05:00:00+00:00,2019-01-30T05:00:00+00:00,1,evaluated,0.008758288785815083,evaluated,0.022915461272652538,evaluated,0.03893224722241073
trend_alignment,1,650add07184f8440,QQQ,bullish,fast_above_slow,44,2019-01-31T05:00:00+00:00,2019-05-24T04:00:00+00:00,80,evaluated,0.0007171165712926975,evaluated,0.005378556664291878,evaluated,0.042192060487287186
trend_alignment,1,650add07184f8440,QQQ,neutral,trend_margin_below_threshold,45,2019-05-28T04:00:00+00:00,2019-05-28T04:00:00+00:00,1,evaluated,-0.002040935492926166,evaluated,-0.008390474134929438,evaluated,0.048415405157226754
trend_alignment,1,650add07184f8440,QQQ,bearish,fast_below_slow,46,2019-05-29T04:00:00+00:00,2019-06-28T04:00:00+00:00,23,evaluated,0.0015297692490705561,evaluated,-0.001643021451177451,evaluated,0.05263452286760795
trend_alignment,1,650add07184f8440,QQQ,neutral,trend_margin_below_threshold,47,2019-07-01T04:00:00+00:00,2019-07-01T04:00:00+00:00,1,evaluated,0.004281171097562542,evaluated,0.007716737512773797,evaluated,0.024207198229012628
trend_alignment,1,650add07184f8440,QQQ,bullish,fast_above_slow,48,2019-07-02T04:00:00+00:00,2019-08-16T04:00:00+00:00,33,evaluated,0.004987122268082844,evaluated,0.010866670196531425,evaluated,0.003202270947351371
trend_alignment,1,650add07184f8440,QQQ,neutral,trend_margin_below_threshold,49,2019-08-19T04:00:00+00:00,2019-08-19T04:00:00+00:00,1,evaluated,-0.005267107138760441,evaluated,-0.016705678216049846,evaluated,0.024686099297239972
trend_alignment,1,650add07184f8440,QQQ,bearish,fast_below_slow,50,2019-08-20T04:00:00+00:00,2019-09-18T04:00:00+00:00,21,evaluated,0.00010606156829551239,evaluated,-0.022162175499939485,evaluated,0.020730627482405062
trend_alignment,1,650add07184f8440,QQQ,neutral,trend_margin_below_threshold,51,2019-09-19T04:00:00+00:00,2019-09-20T04:00:00+00:00,2,evaluated,-0.01196208146285882,evaluated,-0.019315393898554634,evaluated,0.002278506757886989
trend_alignment,1,650add07184f8440,QQQ,bullish,fast_above_slow,52,2019-09-23T04:00:00+00:00,2020-03-09T04:00:00+00:00,116,evaluated,-0.01776659864783059,evaluated,-0.013377214944412352,evaluated,0.010555491059212052
trend_alignment,1,650add07184f8440,QQQ,bearish,fast_below_slow,53,2020-03-10T04:00:00+00:00,2020-04-24T04:00:00+00:00,33,evaluated,-0.020717355186174014,evaluated,-0.08633060540229243,evaluated,-0.014798154585956791
trend_alignment,1,650add07184f8440,QQQ,bullish,fast_above_slow,54,2020-04-27T04:00:00+00:00,2020-09-30T04:00:00+00:00,110,evaluated,-0.02678081689706513,evaluated,-0.009663197279312752,evaluated,0.053929622524027776
trend_alignment,1,650add07184f8440,QQQ,bearish,fast_below_slow,55,2020-10-01T04:00:00+00:00,2020-10-15T04:00:00+00:00,11,evaluated,-0.006195172535107374,evaluated,0.019527624313362857,evaluated,0.0013405754999407105
trend_alignment,1,650add07184f8440,QQQ,neutral,trend_margin_below_threshold,56,2020-10-16T04:00:00+00:00,2020-10-16T04:00:00+00:00,1,evaluated,-0.02303006184828804,evaluated,-0.019794141599718262,evaluated,0.0015146905442464664
trend_alignment,1,650add07184f8440,QQQ,bullish,fast_above_slow,57,2020-10-19T04:00:00+00:00,2021-03-10T05:00:00+00:00,98,evaluated,-0.0005271081591624593,evaluated,-0.014373054445393163,evaluated,0.03036271690527559
trend_alignment,1,650add07184f8440,QQQ,neutral,trend_margin_below_threshold,58,2021-03-11T05:00:00+00:00,2021-03-11T05:00:00+00:00,1,evaluated,0.005097833996657419,evaluated,-0.005798690153515529,evaluated,0.07407761768024401
trend_alignment,1,650add07184f8440,QQQ,bearish,fast_below_slow,59,2021-03-12T05:00:00+00:00,2021-04-09T04:00:00+00:00,20,evaluated,0.00962658078180234,evaluated,-0.008391633125743425,evaluated,0.06611990347326735
trend_alignment,1,650add07184f8440,QQQ,neutral,trend_margin_below_threshold,60,2021-04-12T04:00:00+00:00,2021-04-13T04:00:00+00:00,2,evaluated,0.006977341347205401,evaluated,0.0018921909499642897,evaluated,-0.036896821277999425
trend_alignment,1,650add07184f8440,QQQ,bullish,fast_above_slow,61,2021-04-14T04:00:00+00:00,2021-05-25T04:00:00+00:00,30,evaluated,0.006303897614411191,evaluated,-0.0005302167353050669,evaluated,-0.06651541076109835
trend_alignment,1,650add07184f8440,QQQ,neutral,trend_margin_below_threshold,62,2021-05-26T04:00:00+00:00,2021-05-26T04:00:00+00:00,1,evaluated,-0.0023676342288185825,evaluated,-0.010998930919901895,evaluated,0.048610904690169265
trend_alignment,1,650add07184f8440,QQQ,bearish,fast_below_slow,63,2021-05-27T04:00:00+00:00,2021-06-14T04:00:00+00:00,12,evaluated,-0.000568665282482117,evaluated,0.0044295792169188886,evaluated,0.045911638220006434
trend_alignment,1,650add07184f8440,QQQ,neutral,trend_margin_below_threshold,64,2021-06-15T04:00:00+00:00,2021-06-15T04:00:00+00:00,1,evaluated,-0.00504750107382268,evaluated,0.014092365138193674,evaluated,0.059316151219884095
trend_alignment,1,650add07184f8440,QQQ,bullish,fast_above_slow,65,2021-06-16T04:00:00+00:00,2021-10-01T04:00:00+00:00,76,evaluated,0.015795496949454035,evaluated,0.022854925392748804,evaluated,0.06044647386293356
trend_alignment,1,650add07184f8440,QQQ,neutral,trend_margin_below_threshold,66,2021-10-04T04:00:00+00:00,2021-10-04T04:00:00+00:00,1,evaluated,0.010375769744690677,evaluated,0.013231243975062368,evaluated,0.09533234015241443
trend_alignment,1,650add07184f8440,QQQ,bearish,fast_below_slow,67,2021-10-05T04:00:00+00:00,2021-11-01T04:00:00+00:00,20,evaluated,0.015787469124092457,evaluated,0.00864219439735936,evaluated,0.098762998607282
trend_alignment,1,650add07184f8440,QQQ,neutral,trend_margin_below_threshold,68,2021-11-02T04:00:00+00:00,2021-11-02T04:00:00+00:00,1,evaluated,0.009318457185375939,evaluated,0.014812013122989853,evaluated,-0.006237948278598582
trend_alignment,1,650add07184f8440,QQQ,bullish,fast_above_slow,69,2021-11-03T04:00:00+00:00,2022-01-05T05:00:00+00:00,44,evaluated,0.009480810510585247,evaluated,-0.012598867071303532,evaluated,-0.011584889467002979
trend_alignment,1,650add07184f8440,QQQ,neutral,trend_margin_below_threshold,70,2022-01-06T05:00:00+00:00,2022-01-06T05:00:00+00:00,1,evaluated,-0.0108585616774457,evaluated,-0.016587233126150513,evaluated,-0.0677550949050354
trend_alignment,1,650add07184f8440,QQQ,bearish,fast_below_slow,71,2022-01-07T05:00:00+00:00,2022-04-01T04:00:00+00:00,59,evaluated,0.014113382220730664,evaluated,0.013846652633238143,evaluated,-0.05253188745704929
trend_alignment,1,650add07184f8440,QQQ,neutral,trend_margin_below_threshold,72,2022-04-04T04:00:00+00:00,2022-04-04T04:00:00+00:00,1,evaluated,-0.018243091540787182,evaluated,-0.0731899162307783,evaluated,-0.13319374285515628
trend_alignment,1,650add07184f8440,QQQ,bullish,fast_above_slow,73,2022-04-05T04:00:00+00:00,2022-04-27T04:00:00+00:00,16,evaluated,-0.006720045471320879,evaluated,-0.04555034997179919,evaluated,-0.07324613592022411
trend_alignment,1,650add07184f8440,QQQ,bearish,fast_below_slow,74,2022-04-28T04:00:00+00:00,2022-07-27T04:00:00+00:00,62,evaluated,-0.032283014559627676,evaluated,-0.03305533457993126,evaluated,-0.07528583477216277
trend_alignment,1,650add07184f8440,QQQ,bullish,fast_above_slow,75,2022-07-28T04:00:00+00:00,2022-09-13T04:00:00+00:00,33,evaluated,0.013070351055526563,evaluated,0.041780335386589984,evaluated,0.02951273801828136
trend_alignment,1,650add07184f8440,QQQ,neutral,trend_margin_below_threshold,76,2022-09-14T04:00:00+00:00,2022-09-14T04:00:00+00:00,1,evaluated,-0.01009964004057251,evaluated,-0.035739822164310264,evaluated,-0.10681131322406212
trend_alignment,1,650add07184f8440,QQQ,bearish,fast_below_slow,77,2022-09-15T04:00:00+00:00,2022-11-18T05:00:00+00:00,47,evaluated,0.005560983236227335,evaluated,-0.026588328458320265,evaluated,-0.06568884268141872
trend_alignment,1,650add07184f8440,QQQ,bullish,fast_above_slow,78,2022-11-21T05:00:00+00:00,2022-12-28T05:00:00+00:00,26,evaluated,0.011711001227872497,evaluated,-0.007323829666487702,evaluated,-0.04634873133519368
trend_alignment,1,650add07184f8440,QQQ,bearish,fast_below_slow,79,2022-12-29T05:00:00+00:00,2023-01-30T05:00:00+00:00,21,evaluated,0.010090295544262107,evaluated,0.01964946806663348,evaluated,0.10109246032205421
trend_alignment,1,650add07184f8440,QQQ,neutral,trend_margin_below_threshold,80,2023-01-31T05:00:00+00:00,2023-01-31T05:00:00+00:00,1,evaluated,0.022112053546578636,evaluated,0.0525457729977743,evaluated,-0.01090313309721025
trend_alignment,1,650add07184f8440,QQQ,bullish,fast_above_slow,81,2023-02-01T05:00:00+00:00,2023-08-22T04:00:00+00:00,140,evaluated,0.013492843247585373,evaluated,-0.010404175084789746,evaluated,-0.04538811210528915
trend_alignment,1,650add07184f8440,QQQ,neutral,trend_margin_below_threshold,82,2023-08-23T04:00:00+00:00,2023-08-23T04:00:00+00:00,1,evaluated,-0.030646234915239656,evaluated,0.011324523768887929,evaluated,-0.03966302253079024
trend_alignment,1,650add07184f8440,QQQ,bearish,fast_below_slow,83,2023-08-24T04:00:00+00:00,2023-11-15T05:00:00+00:00,59,evaluated,0.005385648217216099,evaluated,0.04396935009284153,evaluated,-0.011489500864357072
trend_alignment,1,650add07184f8440,QQQ,neutral,trend_margin_below_threshold,84,2023-11-16T05:00:00+00:00,2023-11-16T05:00:00+00:00,1,evaluated,0.0021547132947110637,evaluated,0.011162790181802329,evaluated,0.0522572241877064
trend_alignment,1,650add07184f8440,QQQ,bullish,fast_above_slow,85,2023-11-17T05:00:00+00:00,2024-04-18T04:00:00+00:00,104,evaluated,0.012148692111658477,evaluated,0.008081921340297615,evaluated,0.054474807523047675
trend_alignment,1,650add07184f8440,QQQ,neutral,trend_margin_below_threshold,86,2024-04-19T04:00:00+00:00,2024-04-19T04:00:00+00:00,1,evaluated,0.0036184365926028583,evaluated,0.03280535458411604,evaluated,0.08255256861464044
trend_alignment,1,650add07184f8440,QQQ,bearish,fast_below_slow,87,2024-04-22T04:00:00+00:00,2024-05-17T04:00:00+00:00,20,evaluated,0.010219403528817672,evaluated,0.028471638422717715,evaluated,0.08113700011843816
trend_alignment,1,650add07184f8440,QQQ,neutral,trend_margin_below_threshold,88,2024-05-20T04:00:00+00:00,2024-05-20T04:00:00+00:00,1,evaluated,0.006092131370276643,evaluated,0.014656507164092947,evaluated,0.07100914335023112
trend_alignment,1,650add07184f8440,QQQ,bullish,fast_above_slow,89,2024-05-21T04:00:00+00:00,2024-08-05T04:00:00+00:00,52,evaluated,-0.000767456267572908,evaluated,0.0008332344096100286,evaluated,0.055716361439581696
trend_alignment,1,650add07184f8440,QQQ,bearish,fast_below_slow,90,2024-08-06T04:00:00+00:00,2024-09-12T04:00:00+00:00,27,evaluated,-0.026249191419836726,evaluated,0.03603663394434564,evaluated,0.03162443823158401
trend_alignment,1,650add07184f8440,QQQ,neutral,trend_margin_below_threshold,91,2024-09-13T04:00:00+00:00,2024-09-18T04:00:00+00:00,4,evaluated,0.00010564000234758453,evaluated,0.019548172937456254,evaluated,0.0426255474673809
trend_alignment,1,650add07184f8440,QQQ,bullish,fast_above_slow,92,2024-09-19T04:00:00+00:00,2024-12-31T05:00:00+00:00,72,evaluated,-0.00010360379278429033,evaluated,0.01446664413273635,evaluated,0.018155837308396316
momentum_in_trend_context,1,6589cb8021b76574,QQQ,neutral,momentum_midrange,0,2015-01-02T05:00:00+00:00,2015-01-09T05:00:00+00:00,6,evaluated,-0.010342448830984563,evaluated,0.0012684640991533769,evaluated,-0.004976041735446524
momentum_in_trend_context,1,6589cb8021b76574,QQQ,bearish,"fast_below_slow,momentum_depressed,momentum_confirms_trend",1,2015-01-12T05:00:00+00:00,2015-01-16T05:00:00+00:00,5,evaluated,-0.009947379201812323,evaluated,-0.008972090508397867,evaluated,0.018139268517111118
momentum_in_trend_context,1,6589cb8021b76574,QQQ,neutral,momentum_midrange,2,2015-01-20T05:00:00+00:00,2015-01-27T05:00:00+00:00,6,evaluated,0.008093167166344895,evaluated,0.0011843934755575436,evaluated,0.05763920237737108
momentum_in_trend_context,1,6589cb8021b76574,QQQ,bearish,"fast_below_slow,momentum_depressed,momentum_confirms_trend",3,2015-01-28T05:00:00+00:00,2015-01-28T05:00:00+00:00,1,evaluated,0.010412565349958047,evaluated,0.020130964720479927,evaluated,0.0797302777420501
momentum_in_trend_context,1,6589cb8021b76574,QQQ,neutral,momentum_midrange,4,2015-01-29T05:00:00+00:00,2015-01-29T05:00:00+00:00,1,evaluated,-0.006876272658664084,evaluated,0.01925342854337786,evaluated,0.06483298896136058
momentum_in_trend_context,1,6589cb8021b76574,QQQ,bearish,"fast_below_slow,momentum_depressed,momentum_confirms_trend",5,2015-01-30T05:00:00+00:00,2015-01-30T05:00:00+00:00,1,evaluated,0.0064146996361713615,evaluated,0.01776369673183642,evaluated,0.07944335613242037
momentum_in_trend_context,1,6589cb8021b76574,QQQ,neutral,momentum_midrange,6,2015-02-02T05:00:00+00:00,2015-02-13T05:00:00+00:00,10,evaluated,0.0059599474298555055,evaluated,0.004396722856331969,evaluated,0.0637030226640356
momentum_in_trend_context,1,6589cb8021b76574,QQQ,bullish,"fast_above_slow,momentum_elevated,momentum_confirms_trend",7,2015-02-17T05:00:00+00:00,2015-03-09T04:00:00+00:00,15,evaluated,0.0026198205079244197,evaluated,0.01609282620605712,evaluated,-9.351148103264872e-05
momentum_in_trend_context,1,6589cb8021b76574,QQQ,neutral,momentum_midrange,8,2015-03-10T04:00:00+00:00,2015-03-17T04:00:00+00:00,6,evaluated,-0.007272352314322994,evaluated,0.009350259905981373,evaluated,0.007177957649653566
momentum_in_trend_context,1,6589cb8021b76574,QQQ,bullish,"fast_above_slow,momentum_elevated,momentum_confirms_trend",9,2015-03-18T04:00:00+00:00,2015-03-24T04:00:00+00:00,5,evaluated,0.0004628626522524826,evaluated,-0.023789685493514456,evaluated,-0.0031472400419556568
momentum_in_trend_context,1,6589cb8021b76574,QQQ,neutral,"fast_above_slow,momentum_depressed,momentum_contradicts_trend",10,2015-03-25T04:00:00+00:00,2015-04-08T04:00:00+00:00,10,evaluated,0.004876203787050892,evaluated,0.004398190362117305,evaluated,0.0427383246698112
momentum_in_trend_context,1,6589cb8021b76574,QQQ,bullish,"fast_above_slow,momentum_elevated,momentum_confirms_trend",11,2015-04-09T04:00:00+00:00,2015-04-13T04:00:00+00:00,3,evaluated,0.0044747214687697046,evaluated,0.003915407956405437,evaluated,0.0007457987653425313
momentum_in_trend_context,1,6589cb8021b76574,QQQ,neutral,momentum_midrange,12,2015-04-14T04:00:00+00:00,2015-04-14T04:00:00+00:00,1,evaluated,0.0036295895832951786,evaluated,0.005677064938823584,evaluated,0.003071213033292608
momentum_in_trend_context,1,6589cb8021b76574,QQQ,bullish,"fast_above_slow,momentum_elevated,momentum_confirms_trend",13,2015-04-15T04:00:00+00:00,2015-04-16T04:00:00+00:00,2,evaluated,0.0013017144181861617,evaluated,0.01022778654494072,evaluated,0.004184071924439037
momentum_in_trend_context,1,6589cb8021b76574,QQQ,neutral,momentum_midrange,14,2015-04-17T04:00:00+00:00,2015-04-27T04:00:00+00:00,7,evaluated,0.009949291810445793,evaluated,0.03754458387109927,evaluated,0.028533892335308675
momentum_in_trend_context,1,6589cb8021b76574,QQQ,bullish,"fast_above_slow,momentum_elevated,momentum_confirms_trend",15,2015-04-28T04:00:00+00:00,2015-04-29T04:00:00+00:00,2,evaluated,-0.0007310776828253207,evaluated,-0.018093789193199372,evaluated,0.013981529516860602
momentum_in_trend_context,1,6589cb8021b76574,QQQ,neutral,momentum_midrange,16,2015-04-30T04:00:00+00:00,2015-04-30T04:00:00+00:00,1,evaluated,0.009254974287423057,evaluated,-0.006478524367106275,evaluated,0.018509948574846113
momentum_in_trend_context,1,6589cb8021b76574,QQQ,bullish,"fast_above_slow,momentum_elevated,momentum_confirms_trend",17,2015-05-01T04:00:00+00:00,2015-05-04T04:00:00+00:00,2,evaluated,-0.0015539137712452522,evaluated,-0.00648993669625042,evaluated,0.00932355236599447
momentum_in_trend_context,1,6589cb8021b76574,QQQ,neutral,momentum_midrange,18,2015-05-05T04:00:00+00:00,2015-05-13T04:00:00+00:00,7,evaluated,-0.008639913697967017,evaluated,0.0013006260724848229,evaluated,0.025641045632483372
momentum_in_trend_context,1,6589cb8021b76574,QQQ,bullish,"fast_above_slow,momentum_elevated,momentum_confirms_trend",19,2015-05-14T04:00:00+00:00,2015-05-22T04:00:00+00:00,7,evaluated,-0.002548687217743262,evaluated,0.006553806815064567,evaluated,-0.010103773932138238
momentum_in_trend_context,1,6589cb8021b76574,QQQ,neutral,momentum_midrange,20,2015-05-26T04:00:00+00:00,2015-05-26T04:00:00+00:00,1,evaluated,0.013055786735259867,evaluated,0.0049301645352470835,evaluated,0.011503717248909862
momentum_in_trend_context,1,6589cb8021b76574,QQQ,bullish,"fast_above_slow,momentum_elevated,momentum_confirms_trend",21,2015-05-27T04:00:00+00:00,2015-05-28T04:00:00+00:00,2,evaluated,-0.0003611820815110356,evaluated,-0.003160257102673536,evaluated,-0.004785542025253942
momentum_in_trend_context,1,6589cb8021b76574,QQQ,neutral,momentum_midrange,22,2015-05-29T04:00:00+00:00,2015-05-29T04:00:00+00:00,1,evaluated,-0.001988441991293999,evaluated,-0.012111319100531315,evaluated,-0.012382526700467467
momentum_in_trend_context,1,6589cb8021b76574,QQQ,bullish,"fast_above_slow,momentum_elevated,momentum_confirms_trend",23,2015-06-01T04:00:00+00:00,2015-06-01T04:00:00+00:00,1,evaluated,0.000545382760009927,evaluated,-0.01654394745461807,evaluated,-0.03017907126947339
momentum_in_trend_context,1,6589cb8021b76574,QQQ,neutral,momentum_midrange,24,2015-06-02T04:00:00+00:00,2015-06-02T04:00:00+00:00,1,evaluated,-0.0015374710085421794,evaluated,-0.023152731895264567,evaluated,-0.031654155825812436
momentum_in_trend_context,1,6589cb8021b76574,QQQ,bullish,"fast_above_slow,momentum_elevated,momentum_confirms_trend",25,2015-06-03T04:00:00+00:00,2015-06-03T04:00:00+00:00,1,evaluated,-0.002004019157856085,evaluated,-0.0026416552992531983,evaluated,-0.016942982610984814
momentum_in_trend_context,1,6589cb8021b76574,QQQ,neutral,momentum_midrange,26,2015-06-04T04:00:00+00:00,2015-06-17T04:00:00+00:00,10,evaluated,-0.001187948945037376,evaluated,0.0020104287680671185,evaluated,-0.013524658254648547
momentum_in_trend_context,1,6589cb8021b76574,QQQ,bullish,"fast_above_slow,momentum_elevated,momentum_confirms_trend",27,2015-06-18T04:00:00+00:00,2015-06-18T04:00:00+00:00,1,evaluated,-0.0054303419831799316,evaluated,-0.00443477123036673,evaluated,0.028056824455217066
momentum_in_trend_context,1,6589cb8021b76574,QQQ,neutral,momentum_midrange,28,2015-06-19T04:00:00+00:00,2015-06-19T04:00:00+00:00,1,evaluated,0.0,evaluated,-0.012917798957522764,evaluated,0.029629688338880245
momentum_in_trend_context,1,6589cb8021b76574,QQQ,bullish,"fast_above_slow,momentum_elevated,momentum_confirms_trend",29,2015-06-22T04:00:00+00:00,2015-06-23T04:00:00+00:00,2,evaluated,-0.0002706982438142047,evaluated,-0.03726761653845101,evaluated,0.02788308947657825
momentum_in_trend_context,1,6589cb8021b76574,QQQ,neutral,momentum_midrange,30,2015-06-24T04:00:00+00:00,2015-06-29T04:00:00+00:00,4,evaluated,-0.005874392380617266,evaluated,-0.02467242041831419,evaluated,0.01400809219149246
momentum_in_trend_context,1,6589cb8021b76574,QQQ,bearish,"fast_below_slow,momentum_depressed,momentum_confirms_trend",31,2015-06-30T04:00:00+00:00,2015-07-09T04:00:00+00:00,7,evaluated,-0.0019420983058058283,evaluated,-0.018866188544759854,evaluated,0.03162864963664602
momentum_in_trend_context,1,6589cb8021b76574,QQQ,neutral,momentum_midrange,32,2015-07-10T04:00:00+00:00,2015-07-28T04:00:00+00:00,13,evaluated,0.008841398676400658,evaluated,0.04614104275510367,evaluated,0.015932913044437447
momentum_in_trend_context,1,6589cb8021b76574,QQQ,bullish,"fast_above_slow,momentum_elevated,momentum_confirms_trend",33,2015-07-29T04:00:00+00:00,2015-07-31T04:00:00+00:00,3,evaluated,0.0070985794683116055,evaluated,0.008626103662280782,evaluated,-0.07422052357156572
momentum_in_trend_context,1,6589cb8021b76574,QQQ,neutral,momentum_midrange,34,2015-08-03T04:00:00+00:00,2015-08-04T04:00:00+00:00,2,evaluated,-0.0014343671692697013,evaluated,0.00017926169896309574,evaluated,-0.06490367812724118
momentum_in_trend_context,1,6589cb8021b76574,QQQ,bullish,"fast_above_slow,momentum_elevated,momentum_confirms_trend",35,2015-08-05T04:00:00+00:00,2015-08-05T04:00:00+00:00,1,evaluated,-0.01691145128334426,evaluated,-0.01628840103167617,evaluated,-0.0752113668269303
momentum_in_trend_context,1,6589cb8021b76574,QQQ,neutral,momentum_midrange,36,2015-08-06T04:00:00+00:00,2015-08-24T04:00:00+00:00,13,evaluated,0.0011798625254846318,evaluated,0.0014521331663794879,evaluated,-0.061626437617720575
momentum_in_trend_context,1,6589cb8021b76574,QQQ,bearish,"fast_below_slow,momentum_depressed,momentum_confirms_trend",37,2015-08-25T04:00:00+00:00,2015-09-04T04:00:00+00:00,9,evaluated,0.020503166735295508,evaluated,0.0008914814590068598,evaluated,0.031893831714568055
momentum_in_trend_context,1,6589cb8021b76574,QQQ,neutral,momentum_midrange,38,2015-09-08T04:00:00+00:00,2015-09-21T04:00:00+00:00,10,evaluated,-0.022770024433014235,evaluated,0.0019759040918765347,evaluated,-0.012043646913799333
momentum_in_trend_context,1,6589cb8021b76574,QQQ,bearish,"fast_below_slow,momentum_depressed,momentum_confirms_trend",39,2015-09-22T04:00:00+00:00,2015-09-22T04:00:00+00:00,1,evaluated,-0.001916046690024542,evaluated,-0.047039626000316526,evaluated,0.03640547185043519
momentum_in_trend_context,1,6589cb8021b76574,QQQ,neutral,momentum_midrange,40,2015-09-23T04:00:00+00:00,2015-09-23T04:00:00+00:00,1,evaluated,0.0061064737229212795,evaluated,-0.013666725382760148,evaluated,0.04216340555708631
momentum_in_trend_context,1,6589cb8021b76574,QQQ,bearish,"fast_below_slow,momentum_depressed,momentum_confirms_trend",41,2015-09-24T04:00:00+00:00,2015-10-01T04:00:00+00:00,6,evaluated,-0.018968691485069522,evaluated,-0.025641048017404744,evaluated,0.045753457771509964
momentum_in_trend_context,1,6589cb8021b76574,QQQ,neutral,momentum_midrange,42,2015-10-02T04:00:00+00:00,2015-10-21T04:00:00+00:00,14,evaluated,0.006871552100508271,evaluated,0.016701660816833108,evaluated,0.08159957197334089
momentum_in_trend_context,1,6589cb8021b76574,QQQ,bullish,"fast_above_slow,momentum_elevated,momentum_confirms_trend",43,2015-10-22T04:00:00+00:00,2015-11-11T05:00:00+00:00,15,evaluated,0.0010651084083699303,evaluated,0.010473927191767984,evaluated,0.009320037175859053
momentum_in_trend_context,1,6589cb8021b76574,QQQ,neutral,momentum_midrange,44,2015-11-12T05:00:00+00:00,2015-11-17T05:00:00+00:00,4,evaluated,-0.015505990514167345,evaluated,0.019180777946598004,evaluated,-0.0069911157249296085
momentum_in_trend_context,1,6589cb8021b76574,QQQ,bullish,"fast_above_slow,momentum_elevated,momentum_confirms_trend",45,2015-11-18T05:00:00+00:00,2015-12-02T05:00:00+00:00,10,evaluated,0.00017588743633556447,evaluated,0.004046082105678028,evaluated,-0.01205033615236406
momentum_in_trend_context,1,6589cb8021b76574,QQQ,neutral,momentum_midrange,46,2015-12-03T05:00:00+00:00,2015-12-03T05:00:00+00:00,1,evaluated,0.02029243195827335,evaluated,0.004873753293704652,evaluated,-0.02968541000812963
momentum_in_trend_context,1,6589cb8021b76574,QQQ,bullish,"fast_above_slow,momentum_elevated,momentum_confirms_trend",47,2015-12-04T05:00:00+00:00,2015-12-08T05:00:00+00:00,3,evaluated,-0.005207415967404816,evaluated,-0.03844818832010033,evaluated,-0.05129320950785965
momentum_in_trend_context,1,6589cb8021b76574,QQQ,neutral,momentum_midrange,48,2015-12-09T05:00:00+00:00,2015-12-28T05:00:00+00:00,13,evaluated,0.0022094564439119058,evaluated,0.007335411576329998,evaluated,-0.08077772219524004
momentum_in_trend_context,1,6589cb8021b76574,QQQ,bullish,"fast_above_slow,momentum_elevated,momentum_confirms_trend",49,2015-12-29T05:00:00+00:00,2015-12-29T05:00:00+00:00,1,evaluated,-0.008143610595692685,evaluated,-0.052013966468876904,evaluated,-0.10683009872383342
momentum_in_trend_context,1,6589cb8021b76574,QQQ,neutral,momentum_midrange,50,2015-12-30T05:00:00+00:00,2015-12-31T05:00:00+00:00,2,evaluated,-0.008948366365314486,evaluated,-0.07087799951561757,evaluated,-0.07743426313887225
momentum_in_trend_context,1,6589cb8021b76574,QQQ,bearish,"fast_below_slow,momentum_depressed,momentum_confirms_trend",51,2016-01-04T05:00:00+00:00,2016-01-28T05:00:00+00:00,18,evaluated,-0.006633981741730244,evaluated,-0.051890212985875594,evaluated,-0.07170119342061099
momentum_in_trend_context,1,6589cb8021b76574,QQQ,neutral,momentum_midrange,52,2016-01-29T05:00:00+00:00,2016-02-01T05:00:00+00:00,2,evaluated,0.0075268400015873205,evaluated,-0.05316987988875199,evaluated,-0.01090415211200535
momentum_in_trend_context,1,6589cb8021b76574,QQQ,bearish,"fast_below_slow,momentum_depressed,momentum_confirms_trend",53,2016-02-02T05:00:00+00:00,2016-02-12T05:00:00+00:00,9,evaluated,-0.011377984519222006,evaluated,-0.06330839268996735,evaluated,0.029174364938054476
momentum_in_trend_context,1,6589cb8021b76574,QQQ,neutral,momentum_midrange,54,2016-02-16T05:00:00+00:00,2016-03-10T05:00:00+00:00,18,evaluated,0.015253574975162554,evaluated,0.006141073219139814,evaluated,0.05616083815731088
momentum_in_trend_context,1,6589cb8021b76574,QQQ,bullish,"fast_above_slow,momentum_elevated,momentum_confirms_trend",55,2016-03-11T05:00:00+00:00,2016-04-21T04:00:00+00:00,29,evaluated,0.005467073721139748,evaluated,0.012065288461455381,evaluated,0.02365917827196684
momentum_in_trend_context,1,6589cb8021b76574,QQQ,neutral,momentum_midrange,56,2016-04-22T04:00:00+00:00,2016-05-11T04:00:00+00:00,14,evaluated,0.003037292465901009,evaluated,-0.0269673287071045,evaluated,-0.02006442958637733
momentum_in_trend_context,1,6589cb8021b76574,QQQ,bearish,"fast_below_slow,momentum_depressed,momentum_confirms_trend",57,2016-05-12T04:00:00+00:00,2016-05-13T04:00:00+00:00,2,evaluated,-0.002835567515164006,evaluated,-0.004631431748866266,evaluated,0.029678632316412434
momentum_in_trend_context,1,6589cb8021b76574,QQQ,neutral,momentum_midrange,58,2016-05-16T04:00:00+00:00,2016-05-16T04:00:00+00:00,1,evaluated,-0.011711795752686993,evaluated,-0.003747788937485508,evaluated,0.012180224692917463
momentum_in_trend_context,1,6589cb8021b76574,QQQ,bearish,"fast_below_slow,momentum_depressed,momentum_confirms_trend",59,2016-05-17T04:00:00+00:00,2016-05-19T04:00:00+00:00,3,evaluated,0.005891322302995494,evaluated,0.03059674350118602,evaluated,0.02356521671678391
momentum_in_trend_context,1,6589cb8021b76574,QQQ,neutral,momentum_midrange,60,2016-05-20T04:00:00+00:00,2016-07-13T04:00:00+00:00,37,evaluated,-0.002439201761596399,evaluated,0.03321138040295568,evaluated,0.005347662480556181
momentum_in_trend_context,1,6589cb8021b76574,QQQ,bullish,"fast_above_slow,momentum_elevated,momentum_confirms_trend",61,2016-07-14T04:00:00+00:00,2016-09-08T04:00:00+00:00,40,evaluated,-0.003920124914344347,evaluated,0.008374932816260117,evaluated,0.04347830520039353
momentum_in_trend_context,1,6589cb8021b76574,QQQ,neutral,"fast_above_slow,momentum_depressed,momentum_contradicts_trend",62,2016-09-09T04:00:00+00:00,2016-09-14T04:00:00+00:00,4,evaluated,0.023671264131063463,evaluated,0.032118985792703114,evaluated,0.042502656256566684
momentum_in_trend_context,1,6589cb8021b76574,QQQ,bullish,"fast_above_slow,momentum_elevated,momentum_confirms_trend",63,2016-09-15T04:00:00+00:00,2016-09-16T04:00:00+00:00,2,evaluated,0.0005971651091558616,evaluated,0.01595286723864353,evaluated,-0.0018768232248087546
momentum_in_trend_context,1,6589cb8021b76574,QQQ,neutral,momentum_midrange,64,2016-09-19T04:00:00+00:00,2016-09-20T04:00:00+00:00,2,evaluated,-0.0017064586471833287,evaluated,0.0011945340724732745,evaluated,-0.0032422974685382133
momentum_in_trend_context,1,6589cb8021b76574,QQQ,bullish,"fast_above_slow,momentum_elevated,momentum_confirms_trend",65,2016-09-21T04:00:00+00:00,2016-09-23T04:00:00+00:00,3,evaluated,0.0021036688632098954,evaluated,-0.0011780494274872266,evaluated,-0.00833051072262514
momentum_in_trend_context,1,6589cb8021b76574,QQQ,neutral,momentum_midrange,66,2016-09-26T04:00:00+00:00,2016-09-26T04:00:00+00:00,1,evaluated,0.01057477265204998,evaluated,0.011001201535274063,evaluated,0.019699791203398043
momentum_in_trend_context,1,6589cb8021b76574,QQQ,bullish,"fast_above_slow,momentum_elevated,momentum_confirms_trend",67,2016-09-27T04:00:00+00:00,2016-09-28T04:00:00+00:00,2,evaluated,0.0004213689146255195,evaluated,-0.0023598716872819114,evaluated,0.004551208669049789
momentum_in_trend_context,1,6589cb8021b76574,QQQ,neutral,momentum_midrange,68,2016-09-29T04:00:00+00:00,2016-09-29T04:00:00+00:00,1,evaluated,0.004824373148225147,evaluated,0.004909029399611464,evaluated,-0.002623827202578366
momentum_in_trend_context,1,6589cb8021b76574,QQQ,bullish,"fast_above_slow,momentum_elevated,momentum_confirms_trend",69,2016-09-30T04:00:00+00:00,2016-10-10T04:00:00+00:00,7,evaluated,-0.00016864841964980837,evaluated,-0.0008433707883821473,evaluated,-0.012397750058923962
momentum_in_trend_context,1,6589cb8021b76574,QQQ,neutral,momentum_midrange,70,2016-10-11T04:00:00+00:00,2016-10-21T04:00:00+00:00,9,evaluated,-0.0017852511211084998,evaluated,0.0019553120998385687,evaluated,-0.004420612558088788
momentum_in_trend_context,1,6589cb8021b76574,QQQ,bullish,"fast_above_slow,momentum_elevated,momentum_confirms_trend",71,2016-10-24T04:00:00+00:00,2016-10-25T04:00:00+00:00,2,evaluated,-0.0037612583629043073,evaluated,-0.022149795548295437,evaluated,-0.009194236707897097
momentum_in_trend_context,1,6589cb8021b76574,QQQ,neutral,momentum_midrange,72,2016-10-26T04:00:00+00:00,2016-11-03T04:00:00+00:00,7,evaluated,-0.008831718875837002,evaluated,-0.031205308297744705,evaluated,-0.003953244369719888
momentum_in_trend_context,1,6589cb8021b76574,QQQ,bearish,"fast_below_slow,momentum_depressed,momentum_confirms_trend",73,2016-11-04T04:00:00+00:00,2016-11-04T04:00:00+00:00,1,evaluated,0.007446537589913316,evaluated,0.002684260054744758,evaluated,0.00961122721346741
momentum_in_trend_context,1,6589cb8021b76574,QQQ,neutral,momentum_midrange,74,2016-11-07T05:00:00+00:00,2016-11-09T05:00:00+00:00,3,evaluated,0.007571171195061899,evaluated,-0.013765861286281877,evaluated,0.005592307301999222
momentum_in_trend_context,1,6589cb8021b76574,QQQ,bearish,"fast_below_slow,momentum_depressed,momentum_confirms_trend",75,2016-11-10T05:00:00+00:00,2016-11-14T05:00:00+00:00,3,evaluated,0.004772260752779367,evaluated,0.021778760401132136,evaluated,0.03687635574837311
momentum_in_trend_context,1,6589cb8021b76574,QQQ,neutral,momentum_midrange,76,2016-11-15T05:00:00+00:00,2016-11-30T05:00:00+00:00,11,evaluated,0.01072019981666239,evaluated,0.02792429677586683,evaluated,0.03924959788532467
momentum_in_trend_context,1,6589cb8021b76574,QQQ,bearish,"fast_below_slow,momentum_depressed,momentum_confirms_trend",77,2016-12-01T05:00:00+00:00,2016-12-02T05:00:00+00:00,2,evaluated,0.0013847674523719267,evaluated,0.026224673319088287,evaluated,0.02544575400822202
momentum_in_trend_context,1,6589cb8021b76574,QQQ,neutral,momentum_midrange,78,2016-12-05T05:00:00+00:00,2016-12-08T05:00:00+00:00,4,evaluated,-0.00042763235805443056,evaluated,0.017360803677403336,evaluated,0.02787994635869473
momentum_in_trend_context,1,6589cb8021b76574,QQQ,bullish,"fast_above_slow,momentum_elevated,momentum_confirms_trend",79,2016-12-09T05:00:00+00:00,2016-12-27T05:00:00+00:00,12,evaluated,-8.407275891264554e-05,evaluated,0.005295429494442505,evaluated,0.03051187035531666
momentum_in_trend_context,1,6589cb8021b76574,QQQ,neutral,momentum_midrange,80,2016-12-28T05:00:00+00:00,2017-01-03T05:00:00+00:00,4,evaluated,-0.0011681217474414085,evaluated,0.008510674054628353,evaluated,0.049645428897702404
momentum_in_trend_context,1,6589cb8021b76574,QQQ,bullish,"fast_above_slow,momentum_elevated,momentum_confirms_trend",81,2017-01-04T05:00:00+00:00,2017-03-20T04:00:00+00:00,52,evaluated,0.006411359552405571,evaluated,0.023563712464696573,evaluated,0.043463790899447075
momentum_in_trend_context,1,6589cb8021b76574,QQQ,neutral,momentum_midrange,82,2017-03-21T04:00:00+00:00,2017-03-21T04:00:00+00:00,1,evaluated,0.006468974188734267,evaluated,0.013785084343437282,evaluated,0.012629952349336282
momentum_in_trend_context,1,6589cb8021b76574,QQQ,bullish,"fast_above_slow,momentum_elevated,momentum_confirms_trend",83,2017-03-22T04:00:00+00:00,2017-03-22T04:00:00+00:00,1,evaluated,-0.0012258937854106033,evaluated,0.013254640445212518,evaluated,0.015859577058460417
momentum_in_trend_context,1,6589cb8021b76574,QQQ,neutral,momentum_midrange,84,2017-03-23T04:00:00+00:00,2017-03-24T04:00:00+00:00,2,evaluated,-0.0011469177082460424,evaluated,0.012922483997406031,evaluated,0.013610634622353679
momentum_in_trend_context,1,6589cb8021b76574,QQQ,bullish,"fast_above_slow,momentum_elevated,momentum_confirms_trend",85,2017-03-27T04:00:00+00:00,2017-04-10T04:00:00+00:00,11,evaluated,0.006114361618383413,evaluated,0.011158718700180703,evaluated,0.032788204409934796
momentum_in_trend_context,1,6589cb8021b76574,QQQ,neutral,momentum_midrange,86,2017-04-11T04:00:00+00:00,2017-04-19T04:00:00+00:00,6,evaluated,-0.003880351025309925,evaluated,0.0004566143249422616,evaluated,0.053032044503700915
momentum_in_trend_context,1,6589cb8021b76574,QQQ,bullish,"fast_above_slow,momentum_elevated,momentum_confirms_trend",87,2017-04-20T04:00:00+00:00,2017-05-16T04:00:00+00:00,19,evaluated,-0.001130353007945173,evaluated,0.02290703889938972,evaluated,0.034285189984044395
momentum_in_trend_context,1,6589cb8021b76574,QQQ,neutral,momentum_midrange,88,2017-05-17T04:00:00+00:00,2017-05-17T04:00:00+00:00,1,evaluated,0.009116234343671925,evaluated,0.02764295242414727,evaluated,0.022864288433059654
momentum_in_trend_context,1,6589cb8021b76574,QQQ,bullish,"fast_above_slow,momentum_elevated,momentum_confirms_trend",89,2017-05-18T04:00:00+00:00,2017-06-08T04:00:00+00:00,15,evaluated,0.000653330946574382,evaluated,0.02337568944249102,evaluated,0.0029037669436251523
momentum_in_trend_context,1,6589cb8021b76574,QQQ,neutral,momentum_midrange,90,2017-06-09T04:00:00+00:00,2017-06-22T04:00:00+00:00,10,evaluated,0.003097929872673655,evaluated,-0.004683062975373686,evaluated,-0.00100864111361898
momentum_in_trend_context,1,6589cb8021b76574,QQQ,bullish,"fast_above_slow,momentum_elevated,momentum_confirms_trend",91,2017-06-23T04:00:00+00:00,2017-06-23T04:00:00+00:00,1,evaluated,-0.010348477220148422,evaluated,-0.031045431660445155,evaluated,0.01914819544010893
momentum_in_trend_context,1,6589cb8021b76574,QQQ,neutral,momentum_midrange,92,2017-06-26T04:00:00+00:00,2017-07-24T04:00:00+00:00,20,evaluated,-0.014423450399457804,evaluated,-0.027561588905678502,evaluated,0.031060269546148822
momentum_in_trend_context,1,6589cb8021b76574,QQQ,bullish,"fast_above_slow,momentum_elevated,momentum_confirms_trend",93,2017-07-25T04:00:00+00:00,2017-08-09T04:00:00+00:00,12,evaluated,0.0007598826645878187,evaluated,-0.008289561990730276,evaluated,-0.010776441128699243
momentum_in_trend_context,1,6589cb8021b76574,QQQ,neutral,"fast_above_slow,momentum_depressed,momentum_contradicts_trend",94,2017-08-10T04:00:00+00:00,2017-08-11T04:00:00+00:00,2,evaluated,0.0062314465033688204,evaluated,0.0007789308129211303,evaluated,0.02117267715138449
momentum_in_trend_context,1,6589cb8021b76574,QQQ,bullish,"fast_above_slow,momentum_elevated,momentum_confirms_trend",95,2017-08-14T04:00:00+00:00,2017-08-16T04:00:00+00:00,3,evaluated,-0.0018018886889845653,evaluated,-0.022454711935220417,evaluated,0.013375895934398141
momentum_in_trend_context,1,6589cb8021b76574,QQQ,neutral,"fast_above_slow,momentum_depressed,momentum_contradicts_trend",96,2017-08-17T04:00:00+00:00,2017-08-29T04:00:00+00:00,9,evaluated,-0.0012729504979042128,evaluated,0.006081610834311801,evaluated,0.03288306184897105
momentum_in_trend_context,1,6589cb8021b76574,QQQ,bullish,"fast_above_slow,momentum_elevated,momentum_confirms_trend",97,2017-08-30T04:00:00+00:00,2017-09-07T04:00:00+00:00,6,evaluated,0.007858812965910511,evaluated,0.002826441948227343,evaluated,-0.004480862452943435
momentum_in_trend_context,1,6589cb8021b76574,QQQ,neutral,momentum_midrange,98,2017-09-08T04:00:00+00:00,2017-09-08T04:00:00+00:00,1,evaluated,0.0036466134075352485,evaluated,0.004953909720963878,evaluated,0.015962621320184445
momentum_in_trend_context,1,6589cb8021b76574,QQQ,bullish,"fast_above_slow,momentum_elevated,momentum_confirms_trend",99,2017-09-11T04:00:00+00:00,2017-09-19T04:00:00+00:00,7,evaluated,-0.0004101555858246897,evaluated,-0.004990400147872998,evaluated,0.008271853458877931
momentum_in_trend_context,1,6589cb8021b76574,QQQ,neutral,momentum_midrange,100,2017-09-20T04:00:00+00:00,2017-09-28T04:00:00+00:00,7,evaluated,-0.005438852228108915,evaluated,-0.005438852228108915,evaluated,0.024853704718427183
momentum_in_trend_context,1,6589cb8021b76574,QQQ,bullish,"fast_above_slow,momentum_elevated,momentum_confirms_trend",101,2017-09-29T04:00:00+00:00,2017-10-24T04:00:00+00:00,18,evaluated,-0.0006178097001570126,evaluated,0.013661052503454396,evaluated,0.03823716203908201
momentum_in_trend_context,1,6589cb8021b76574,QQQ,neutral,momentum_midrange,102,2017-10-25T04:00:00+00:00,2017-10-26T04:00:00+00:00,2,evaluated,-0.0025789984625221862,evaluated,0.03230629756979897,evaluated,0.056671686650288766
momentum_in_trend_context,1,6589cb8021b76574,QQQ,bullish,"fast_above_slow,momentum_elevated,momentum_confirms_trend",103,2017-10-27T04:00:00+00:00,2017-11-28T05:00:00+00:00,22,evaluated,0.0029775486912153593,evaluated,0.014159990210466988,evaluated,0.03348109174294889
momentum_in_trend_context,1,6589cb8021b76574,QQQ,neutral,momentum_midrange,104,2017-11-29T05:00:00+00:00,2017-11-29T05:00:00+00:00,1,evaluated,0.004142122920210989,evaluated,-0.0065367584152703495,evaluated,0.014368010482356919
momentum_in_trend_context,1,6589cb8021b76574,QQQ,bullish,"fast_above_slow,momentum_elevated,momentum_confirms_trend",105,2017-11-30T05:00:00+00:00,2017-12-01T05:00:00+00:00,2,evaluated,0.0018807299005279,evaluated,-0.0011672677000225118,evaluated,0.010116715885003291
momentum_in_trend_context,1,6589cb8021b76574,QQQ,neutral,momentum_midrange,106,2017-12-04T05:00:00+00:00,2017-12-07T05:00:00+00:00,4,evaluated,0.0008514860430244298,evaluated,0.021089870154374912,evaluated,0.048139942730567764
momentum_in_trend_context,1,6589cb8021b76574,QQQ,bullish,"fast_above_slow,momentum_elevated,momentum_confirms_trend",107,2017-12-08T05:00:00+00:00,2017-12-28T05:00:00+00:00,14,evaluated,0.007301089312074849,evaluated,0.018608189859279367,evaluated,0.05033270705620141
momentum_in_trend_context,1,6589cb8021b76574,QQQ,neutral,momentum_midrange,108,2017-12-29T05:00:00+00:00,2017-12-29T05:00:00+00:00,1,evaluated,0.012327593029298534,evaluated,0.03826012766078546,evaluated,0.07754215367246009
momentum_in_trend_context,1,6589cb8021b76574,QQQ,bullish,"fast_above_slow,momentum_elevated,momentum_confirms_trend",109,2018-01-02T05:00:00+00:00,2018-02-01T05:00:00+00:00,22,evaluated,0.008761972989134614,evaluated,0.024710023852919205,evaluated,0.06782649110081906
momentum_in_trend_context,1,6589cb8021b76574,QQQ,neutral,momentum_midrange,110,2018-02-02T05:00:00+00:00,2018-02-14T05:00:00+00:00,9,evaluated,-0.030355135737435424,evaluated,-0.0427423861387658,evaluated,0.029189883442956033
momentum_in_trend_context,1,6589cb8021b76574,QQQ,bullish,"fast_above_slow,momentum_elevated,momentum_confirms_trend",111,2018-02-15T05:00:00+00:00,2018-02-15T05:00:00+00:00,1,evaluated,-0.0012109284560888334,evaluated,0.018224718092122894,evaluated,0.035480748852126265
momentum_in_trend_context,1,6589cb8021b76574,QQQ,neutral,momentum_midrange,112,2018-02-16T05:00:00+00:00,2018-02-22T05:00:00+00:00,4,evaluated,0.005535882566550798,evaluated,0.036622392230512224,evaluated,0.016547032120130645
momentum_in_trend_context,1,6589cb8021b76574,QQQ,bullish,"fast_above_slow,momentum_elevated,momentum_confirms_trend",113,2018-02-23T05:00:00+00:00,2018-02-28T05:00:00+00:00,4,evaluated,0.008522651073610499,evaluated,-0.017578131526313268,evaluated,-0.061849028123728056
momentum_in_trend_context,1,6589cb8021b76574,QQQ,neutral,momentum_midrange,114,2018-03-01T05:00:00+00:00,2018-03-02T05:00:00+00:00,2,evaluated,0.02147695688100959,evaluated,0.045292311448317246,evaluated,-0.014584585336538503
momentum_in_trend_context,1,6589cb8021b76574,QQQ,bullish,"fast_above_slow,momentum_elevated,momentum_confirms_trend",115,2018-03-05T05:00:00+00:00,2018-03-16T04:00:00+00:00,10,evaluated,-0.00065224200612235,evaluated,0.03219690560975175,evaluated,-0.06753631664309157
momentum_in_trend_context,1,6589cb8021b76574,QQQ,neutral,momentum_midrange,116,2018-03-19T04:00:00+00:00,2018-04-05T04:00:00+00:00,13,evaluated,0.0028713030615337143,evaluated,-0.016569984463728482,evaluated,-0.00640062258269769
momentum_in_trend_context,1,6589cb8021b76574,QQQ,bearish,"fast_below_slow,momentum_depressed,momentum_confirms_trend",117,2018-04-06T04:00:00+00:00,2018-04-09T04:00:00+00:00,2,evaluated,-0.0015824788375812249,evaluated,0.021458409174127446,evaluated,0.04361311290026437
momentum_in_trend_context,1,6589cb8021b76574,QQQ,neutral,momentum_midrange,118,2018-04-10T04:00:00+00:00,2018-04-23T04:00:00+00:00,10,evaluated,0.0004993872195924176,evaluated,0.03682902164585955,evaluated,0.03664176334455904
momentum_in_trend_context,1,6589cb8021b76574,QQQ,bearish,"fast_below_slow,momentum_depressed,momentum_confirms_trend",119,2018-04-24T04:00:00+00:00,2018-04-25T04:00:00+00:00,2,evaluated,-0.0005670378831098555,evaluated,0.02545037889838553,evaluated,0.05946823016220515
momentum_in_trend_context,1,6589cb8021b76574,QQQ,neutral,momentum_midrange,120,2018-04-26T04:00:00+00:00,2018-05-14T04:00:00+00:00,13,evaluated,-0.013871137354912966,evaluated,-0.015635408783685967,evaluated,0.031514315802450676
momentum_in_trend_context,1,6589cb8021b76574,QQQ,bullish,"fast_above_slow,momentum_elevated,momentum_confirms_trend",121,2018-05-15T04:00:00+00:00,2018-06-22T04:00:00+00:00,28,evaluated,0.005294779041219,evaluated,0.0005354056746464941,evaluated,0.045987335086791425
momentum_in_trend_context,1,6589cb8021b76574,QQQ,neutral,"fast_above_slow,momentum_depressed,momentum_contradicts_trend",122,2018-06-25T04:00:00+00:00,2018-07-05T04:00:00+00:00,8,evaluated,0.00040701932685327513,evaluated,0.004651180533475685,evaluated,0.04825583169626646
momentum_in_trend_context,1,6589cb8021b76574,QQQ,bullish,"fast_above_slow,momentum_elevated,momentum_confirms_trend",123,2018-07-06T04:00:00+00:00,2018-07-26T04:00:00+00:00,15,evaluated,0.003795593432635247,evaluated,0.017505077402565572,evaluated,0.020167672062248787
momentum_in_trend_context,1,6589cb8021b76574,QQQ,neutral,momentum_midrange,124,2018-07-27T04:00:00+00:00,2018-08-01T04:00:00+00:00,4,evaluated,-0.014186816434101024,evaluated,0.013792697634943618,evaluated,0.027303894113644978
momentum_in_trend_context,1,6589cb8021b76574,QQQ,bullish,"fast_above_slow,momentum_elevated,momentum_confirms_trend",125,2018-08-02T04:00:00+00:00,2018-08-14T04:00:00+00:00,9,evaluated,0.0011675472261527542,evaluated,0.01134157224829413,evaluated,0.03635964153254667
momentum_in_trend_context,1,6589cb8021b76574,QQQ,neutral,momentum_midrange,126,2018-08-15T04:00:00+00:00,2018-08-21T04:00:00+00:00,5,evaluated,-0.0043740284782853855,evaluated,0.0024915394868583185,evaluated,0.02170421436076686
momentum_in_trend_context,1,6589cb8021b76574,QQQ,bullish,"fast_above_slow,momentum_elevated,momentum_confirms_trend",127,2018-08-22T04:00:00+00:00,2018-09-05T04:00:00+00:00,10,evaluated,0.00033195505571681494,evaluated,0.03319685635522984,evaluated,0.022020557743590352
momentum_in_trend_context,1,6589cb8021b76574,QQQ,neutral,momentum_midrange,128,2018-09-06T04:00:00+00:00,2018-09-12T04:00:00+00:00,5,evaluated,0.0033795047664906264,evaluated,0.022326863043196088,evaluated,0.010415539516966721
momentum_in_trend_context,1,6589cb8021b76574,QQQ,bullish,"fast_above_slow,momentum_elevated,momentum_confirms_trend",129,2018-09-13T04:00:00+00:00,2018-09-14T04:00:00+00:00,2,evaluated,-0.0036282798421864992,evaluated,0.0003249082497773781,evaluated,-0.08155527596625911
momentum_in_trend_context,1,6589cb8021b76574,QQQ,neutral,momentum_midrange,130,2018-09-17T04:00:00+00:00,2018-09-19T04:00:00+00:00,3,evaluated,0.0074383756893843245,evaluated,0.013223835053411737,evaluated,-0.05113228551666116
momentum_in_trend_context,1,6589cb8021b76574,QQQ,bullish,"fast_above_slow,momentum_elevated,momentum_confirms_trend",131,2018-09-20T04:00:00+00:00,2018-09-20T04:00:00+00:00,1,evaluated,-0.008152437624901365,evaluated,0.0032933841179749734,evaluated,-0.06500382499498703
momentum_in_trend_context,1,6589cb8021b76574,QQQ,neutral,momentum_midrange,132,2018-09-21T04:00:00+00:00,2018-09-24T04:00:00+00:00,2,evaluated,0.010107093144994472,evaluated,0.02054375265960151,evaluated,-0.04960175022205082
momentum_in_trend_context,1,6589cb8021b76574,QQQ,bullish,"fast_above_slow,momentum_elevated,momentum_confirms_trend",133,2018-09-25T04:00:00+00:00,2018-10-03T04:00:00+00:00,7,evaluated,-0.0001627714530664237,evaluated,0.00786759047331631,evaluated,-0.05984806617826954
momentum_in_trend_context,1,6589cb8021b76574,QQQ,neutral,"fast_above_slow,momentum_depressed,momentum_contradicts_trend",134,2018-10-04T04:00:00+00:00,2018-10-11T04:00:00+00:00,6,evaluated,-0.012118922496547446,evaluated,-0.06997145461794663,evaluated,-0.05648170112570805
momentum_in_trend_context,1,6589cb8021b76574,QQQ,bearish,"fast_below_slow,momentum_depressed,momentum_confirms_trend",135,2018-10-12T04:00:00+00:00,2018-10-16T04:00:00+00:00,3,evaluated,-0.008635081123857025,evaluated,-0.003972151371468224,evaluated,-0.01260723249532536
momentum_in_trend_context,1,6589cb8021b76574,QQQ,neutral,momentum_midrange,136,2018-10-17T04:00:00+00:00,2018-10-17T04:00:00+00:00,1,evaluated,-0.019476857301030992,evaluated,-0.06386592170276406,evaluated,-0.06465858048160478
momentum_in_trend_context,1,6589cb8021b76574,QQQ,bearish,"fast_below_slow,momentum_depressed,momentum_confirms_trend",137,2018-10-18T04:00:00+00:00,2018-10-31T04:00:00+00:00,10,evaluated,-0.0089357173916369,evaluated,-0.02016270039833845,evaluated,-0.03717496520274177
momentum_in_trend_context,1,6589cb8021b76574,QQQ,neutral,momentum_midrange,138,2018-11-01T04:00:00+00:00,2018-11-01T04:00:00+00:00,1,evaluated,-0.012534215074826105,evaluated,0.017081606456141207,evaluated,-0.012592570847555384
momentum_in_trend_context,1,6589cb8021b76574,QQQ,bearish,"fast_below_slow,momentum_depressed,momentum_confirms_trend",139,2018-11-02T04:00:00+00:00,2018-11-05T05:00:00+00:00,2,evaluated,-0.003773581171086837,evaluated,0.011320743513260512,evaluated,0.016096672342528207
momentum_in_trend_context,1,6589cb8021b76574,QQQ,neutral,momentum_midrange,140,2018-11-06T05:00:00+00:00,2018-11-09T05:00:00+00:00,4,evaluated,0.019154882024264186,evaluated,-0.033724156023687835,evaluated,-0.03128627483073887
momentum_in_trend_context,1,6589cb8021b76574,QQQ,bearish,"fast_below_slow,momentum_depressed,momentum_confirms_trend",141,2018-11-12T05:00:00+00:00,2018-11-27T05:00:00+00:00,11,evaluated,-0.003829809031840714,evaluated,-0.030219633973509685,evaluated,-0.012327194967804656
momentum_in_trend_context,1,6589cb8021b76574,QQQ,neutral,momentum_midrange,142,2018-11-28T05:00:00+00:00,2018-12-06T05:00:00+00:00,6,evaluated,0.0009523685819916583,evaluated,-0.006548044928544217,evaluated,-0.08941010644274394
momentum_in_trend_context,1,6589cb8021b76574,QQQ,bearish,"fast_below_slow,momentum_depressed,momentum_confirms_trend",143,2018-12-07T05:00:00+00:00,2018-12-10T05:00:00+00:00,2,evaluated,0.012354143720778143,evaluated,0.0,evaluated,-0.009684613489326366
momentum_in_trend_context,1,6589cb8021b76574,QQQ,neutral,momentum_midrange,144,2018-12-11T05:00:00+00:00,2018-12-13T05:00:00+00:00,3,evaluated,-0.005722873182181898,evaluated,-0.04566266163285959,evaluated,-0.02843374229339235
momentum_in_trend_context,1,6589cb8021b76574,QQQ,bearish,"fast_below_slow,momentum_depressed,momentum_confirms_trend",145,2018-12-14T05:00:00+00:00,2019-01-03T05:00:00+00:00,13,evaluated,-0.01845505782861312,evaluated,-0.07993012104380048,evaluated,0.012407291606315152
momentum_in_trend_context,1,6589cb8021b76574,QQQ,neutral,momentum_midrange,146,2019-01-04T05:00:00+00:00,2019-01-29T05:00:00+00:00,17,evaluated,0.009385782572673529,evaluated,0.025986511627544395,evaluated,0.08242883453322647
momentum_in_trend_context,1,6589cb8021b76574,QQQ,bullish,"fast_above_slow,momentum_elevated,momentum_confirms_trend",147,2019-01-30T05:00:00+00:00,2019-03-06T05:00:00+00:00,25,evaluated,0.008758288785815083,evaluated,0.022915461272652538,evaluated,0.03893224722241073
momentum_in_trend_context,1,6589cb8021b76574,QQQ,neutral,momentum_midrange,148,2019-03-07T05:00:00+00:00,2019-03-08T05:00:00+00:00,2,evaluated,0.009792954491792072,evaluated,0.04247544357474986,evaluated,0.08377094370360916
momentum_in_trend_context,1,6589cb8021b76574,QQQ,bullish,"fast_above_slow,momentum_elevated,momentum_confirms_trend",149,2019-03-11T04:00:00+00:00,2019-05-06T04:00:00+00:00,40,evaluated,0.0028540441408306805,evaluated,0.018608336442750284,evaluated,0.056738411455475424
momentum_in_trend_context,1,6589cb8021b76574,QQQ,neutral,momentum_midrange,150,2019-05-07T04:00:00+00:00,2019-05-24T04:00:00+00:00,14,evaluated,0.0007541851315298054,evaluated,-0.027420198582082667,evaluated,-0.05074609665011931
momentum_in_trend_context,1,6589cb8021b76574,QQQ,bearish,"fast_below_slow,momentum_depressed,momentum_confirms_trend",151,2019-05-28T04:00:00+00:00,2019-06-05T04:00:00+00:00,7,evaluated,-0.002040935492926166,evaluated,-0.008390474134929438,evaluated,0.048415405157226754
momentum_in_trend_context,1,6589cb8021b76574,QQQ,neutral,momentum_midrange,152,2019-06-06T04:00:00+00:00,2019-06-28T04:00:00+00:00,17,evaluated,0.01388886515147525,evaluated,0.027217745725812925,evaluated,0.06994850842258504
momentum_in_trend_context,1,6589cb8021b76574,QQQ,bullish,"fast_above_slow,momentum_elevated,momentum_confirms_trend",153,2019-07-01T04:00:00+00:00,2019-07-30T04:00:00+00:00,21,evaluated,0.004281171097562542,evaluated,0.007716737512773797,evaluated,0.024207198229012628
momentum_in_trend_context,1,6589cb8021b76574,QQQ,neutral,momentum_midrange,154,2019-07-31T04:00:00+00:00,2019-08-22T04:00:00+00:00,17,evaluated,-0.006686511143866425,evaluated,-0.03750714595670368,evaluated,-0.03311913796407273
momentum_in_trend_context,1,6589cb8021b76574,QQQ,bearish,"fast_below_slow,momentum_depressed,momentum_confirms_trend",155,2019-08-23T04:00:00+00:00,2019-08-23T04:00:00+00:00,1,evaluated,0.0036928855046391984,evaluated,0.01808407647492305,evaluated,0.03453894119383327
momentum_in_trend_context,1,6589cb8021b76574,QQQ,neutral,momentum_midrange,156,2019-08-26T04:00:00+00:00,2019-10-10T04:00:00+00:00,33,evaluated,-0.009026962167861474,evaluated,-0.0024716926138229622,evaluated,0.009994092763697005
momentum_in_trend_context,1,6589cb8021b76574,QQQ,bullish,"fast_above_slow,momentum_elevated,momentum_confirms_trend",157,2019-10-11T04:00:00+00:00,2019-10-17T04:00:00+00:00,5,evaluated,0.0013099979291415487,evaluated,0.004454024941452195,evaluated,0.05444351073688192
momentum_in_trend_context,1,6589cb8021b76574,QQQ,neutral,momentum_midrange,158,2019-10-18T04:00:00+00:00,2019-10-18T04:00:00+00:00,1,evaluated,0.0035285800015092406,evaluated,0.01520415429247346,evaluated,0.052929254283027305
momentum_in_trend_context,1,6589cb8021b76574,QQQ,bullish,"fast_above_slow,momentum_elevated,momentum_confirms_trend",159,2019-10-21T04:00:00+00:00,2019-10-21T04:00:00+00:00,1,evaluated,-0.01184644792827061,evaluated,0.01761531565928265,evaluated,0.04594392844786954
momentum_in_trend_context,1,6589cb8021b76574,QQQ,neutral,momentum_midrange,160,2019-10-22T04:00:00+00:00,2019-10-23T04:00:00+00:00,2,evaluated,0.003969468715060431,evaluated,0.023921374760580205,evaluated,0.062206142200337045
momentum_in_trend_context,1,6589cb8021b76574,QQQ,bullish,"fast_above_slow,momentum_elevated,momentum_confirms_trend",161,2019-10-24T04:00:00+00:00,2019-12-02T05:00:00+00:00,27,evaluated,0.01320629292102482,evaluated,0.020663967936391137,evaluated,0.04459060942382953
momentum_in_trend_context,1,6589cb8021b76574,QQQ,neutral,momentum_midrange,162,2019-12-03T05:00:00+00:00,2019-12-03T05:00:00+00:00,1,evaluated,-4.944559130748427e-05,evaluated,0.007211971139452489,evaluated,0.06777317257084214
momentum_in_trend_context,1,6589cb8021b76574,QQQ,bullish,"fast_above_slow,momentum_elevated,momentum_confirms_trend",163,2019-12-04T05:00:00+00:00,2020-01-24T05:00:00+00:00,35,evaluated,-0.0015751517353859157,evaluated,0.009008131361240235,evaluated,0.05429485164010028
momentum_in_trend_context,1,6589cb8021b76574,QQQ,neutral,momentum_midrange,164,2020-01-27T05:00:00+00:00,2020-01-27T05:00:00+00:00,1,evaluated,0.008240746510760788,evaluated,0.012474984068376438,evaluated,-0.01944092280243459
momentum_in_trend_context,1,6589cb8021b76574,QQQ,bullish,"fast_above_slow,momentum_elevated,momentum_confirms_trend",165,2020-01-28T05:00:00+00:00,2020-01-30T05:00:00+00:00,3,evaluated,-0.003906929880558296,evaluated,0.02151072706336965,evaluated,-0.027842631364144554
momentum_in_trend_context,1,6589cb8021b76574,QQQ,neutral,momentum_midrange,166,2020-01-31T05:00:00+00:00,2020-01-31T05:00:00+00:00,1,evaluated,0.010175367944828873,evaluated,0.04115561726043948,evaluated,-0.01689834301361426
momentum_in_trend_context,1,6589cb8021b76574,QQQ,bullish,"fast_above_slow,momentum_elevated,momentum_confirms_trend",167,2020-02-03T05:00:00+00:00,2020-02-21T05:00:00+00:00,14,evaluated,0.009094149003680663,evaluated,0.02905688539154716,evaluated,-0.07071245927994241
momentum_in_trend_context,1,6589cb8021b76574,QQQ,neutral,"fast_above_slow,momentum_depressed,momentum_contradicts_trend",168,2020-02-24T05:00:00+00:00,2020-03-09T04:00:00+00:00,11,evaluated,-0.03529677439109746,evaluated,-0.030593513241006454,evaluated,-0.23646133610809772
momentum_in_trend_context,1,6589cb8021b76574,QQQ,bearish,"fast_below_slow,momentum_depressed,momentum_confirms_trend",169,2020-03-10T04:00:00+00:00,2020-03-25T04:00:00+00:00,12,evaluated,-0.020717355186174014,evaluated,-0.08633060540229243,evaluated,-0.014798154585956791
momentum_in_trend_context,1,6589cb8021b76574,QQQ,neutral,momentum_midrange,170,2020-03-26T04:00:00+00:00,2020-03-31T04:00:00+00:00,4,evaluated,-0.008719786486326764,evaluated,-0.004921618814488493,evaluated,0.1439576564301437
momentum_in_trend_context,1,6589cb8021b76574,QQQ,bearish,"fast_below_slow,momentum_depressed,momentum_confirms_trend",171,2020-04-01T04:00:00+00:00,2020-04-01T04:00:00+00:00,1,evaluated,0.026318632029901368,evaluated,0.10665416709989994,evaluated,0.20784593371890026
momentum_in_trend_context,1,6589cb8021b76574,QQQ,neutral,momentum_midrange,172,2020-04-02T04:00:00+00:00,2020-04-02T04:00:00+00:00,1,evaluated,-0.011748897325332908,evaluated,0.08251143792394955,evaluated,0.14653733222425114
momentum_in_trend_context,1,6589cb8021b76574,QQQ,bearish,"fast_below_slow,momentum_depressed,momentum_confirms_trend",173,2020-04-03T04:00:00+00:00,2020-04-03T04:00:00+00:00,1,evaluated,0.03149937071912978,evaluated,0.06588619977558818,evaluated,0.12988243410374678
momentum_in_trend_context,1,6589cb8021b76574,QQQ,neutral,momentum_midrange,174,2020-04-06T04:00:00+00:00,2020-04-24T04:00:00+00:00,14,evaluated,-0.029500426766557175,evaluated,0.04689433079083005,evaluated,0.07555472112388895
momentum_in_trend_context,1,6589cb8021b76574,QQQ,bullish,"fast_above_slow,momentum_elevated,momentum_confirms_trend",175,2020-04-27T04:00:00+00:00,2020-06-10T04:00:00+00:00,32,evaluated,-0.02678081689706513,evaluated,-0.009663197279312752,evaluated,0.053929622524027776
momentum_in_trend_context,1,6589cb8021b76574,QQQ,neutral,momentum_midrange,176,2020-06-11T04:00:00+00:00,2020-06-11T04:00:00+00:00,1,evaluated,-0.013425871028671765,evaluated,0.02170731741562104,evaluated,0.10406125418836498
momentum_in_trend_context,1,6589cb8021b76574,QQQ,bullish,"fast_above_slow,momentum_elevated,momentum_confirms_trend",177,2020-06-12T04:00:00+00:00,2020-06-25T04:00:00+00:00,10,evaluated,0.02714677978109381,evaluated,0.05076580161683819,evaluated,0.11228706689630563
momentum_in_trend_context,1,6589cb8021b76574,QQQ,neutral,momentum_midrange,178,2020-06-26T04:00:00+00:00,2020-06-26T04:00:00+00:00,1,evaluated,0.011959807903438424,evaluated,0.07675965051478784,evaluated,0.08396880357537784
momentum_in_trend_context,1,6589cb8021b76574,QQQ,bullish,"fast_above_slow,momentum_elevated,momentum_confirms_trend",179,2020-06-29T04:00:00+00:00,2020-07-23T04:00:00+00:00,18,evaluated,0.01989538141472358,evaluated,0.05700861241312549,evaluated,0.057832487700480995
momentum_in_trend_context,1,6589cb8021b76574,QQQ,neutral,momentum_midrange,180,2020-07-24T04:00:00+00:00,2020-07-24T04:00:00+00:00,1,evaluated,0.011117100377038946,evaluated,0.03315711130955834,evaluated,0.0956619156392915
momentum_in_trend_context,1,6589cb8021b76574,QQQ,bullish,"fast_above_slow,momentum_elevated,momentum_confirms_trend",181,2020-07-27T04:00:00+00:00,2020-07-27T04:00:00+00:00,1,evaluated,-0.009640970358017475,evaluated,0.038833856847124926,evaluated,0.09378738788782481
momentum_in_trend_context,1,6589cb8021b76574,QQQ,neutral,momentum_midrange,182,2020-07-28T04:00:00+00:00,2020-07-28T04:00:00+00:00,1,evaluated,0.005301838814037785,evaluated,0.046362272714013164,evaluated,0.10626931928674366
momentum_in_trend_context,1,6589cb8021b76574,QQQ,bullish,"fast_above_slow,momentum_elevated,momentum_confirms_trend",183,2020-07-29T04:00:00+00:00,2020-08-10T04:00:00+00:00,9,evaluated,0.013152846965481801,evaluated,0.05164118127920436,evaluated,0.13276946735966466
momentum_in_trend_context,1,6589cb8021b76574,QQQ,neutral,momentum_midrange,184,2020-08-11T04:00:00+00:00,2020-08-11T04:00:00+00:00,1,evaluated,0.01660299043036262,evaluated,0.03945100315320893,evaluated,0.039114467615957826
momentum_in_trend_context,1,6589cb8021b76574,QQQ,bullish,"fast_above_slow,momentum_elevated,momentum_confirms_trend",185,2020-08-12T04:00:00+00:00,2020-09-03T04:00:00+00:00,17,evaluated,-0.0006601359692062214,evaluated,0.012616454174442238,evaluated,-0.0011736496732953627
momentum_in_trend_context,1,6589cb8021b76574,QQQ,neutral,momentum_midrange,186,2020-09-04T04:00:00+00:00,2020-10-15T04:00:00+00:00,29,evaluated,-0.008338803186733745,evaluated,0.010800097084058935,evaluated,0.029167593879219966
momentum_in_trend_context,1,6589cb8021b76574,QQQ,bullish,"fast_above_slow,momentum_elevated,momentum_confirms_trend",187,2020-10-16T04:00:00+00:00,2020-10-16T04:00:00+00:00,1,evaluated,-0.02303006184828804,evaluated,-0.019794141599718262,evaluated,0.0015146905442464664
momentum_in_trend_context,1,6589cb8021b76574,QQQ,neutral,momentum_midrange,188,2020-10-19T04:00:00+00:00,2020-11-03T05:00:00+00:00,12,evaluated,-0.0005271081591624593,evaluated,-0.014373054445393163,evaluated,0.03036271690527559
momentum_in_trend_context,1,6589cb8021b76574,QQQ,bullish,"fast_above_slow,momentum_elevated,momentum_confirms_trend",189,2020-11-04T05:00:00+00:00,2020-11-09T05:00:00+00:00,4,evaluated,0.0029299079232689706,evaluated,-0.012843624261064002,evaluated,0.03662317325215825
momentum_in_trend_context,1,6589cb8021b76574,QQQ,neutral,momentum_midrange,190,2020-11-10T05:00:00+00:00,2020-11-10T05:00:00+00:00,1,evaluated,0.013040628613246286,evaluated,0.021815859388895076,evaluated,0.053420965788581576
momentum_in_trend_context,1,6589cb8021b76574,QQQ,bullish,"fast_above_slow,momentum_elevated,momentum_confirms_trend",191,2020-11-11T05:00:00+00:00,2020-11-11T05:00:00+00:00,1,evaluated,-0.008116714093671207,evaluated,-0.0022356045956473114,evaluated,0.04044565570597669
momentum_in_trend_context,1,6589cb8021b76574,QQQ,neutral,momentum_midrange,192,2020-11-12T05:00:00+00:00,2020-11-12T05:00:00+00:00,1,evaluated,0.002619082651130533,evaluated,0.0076161951711406495,evaluated,0.04025223880926654
momentum_in_trend_context,1,6589cb8021b76574,QQQ,bullish,"fast_above_slow,momentum_elevated,momentum_confirms_trend",193,2020-11-13T05:00:00+00:00,2020-11-17T05:00:00+00:00,3,evaluated,0.008877631041193101,evaluated,-0.0008257870704259096,evaluated,0.046177185511007135
momentum_in_trend_context,1,6589cb8021b76574,QQQ,neutral,momentum_midrange,194,2020-11-18T05:00:00+00:00,2020-11-18T05:00:00+00:00,1,evaluated,0.009808649078111742,evaluated,0.023278269100863502,evaluated,0.07411753409459698
momentum_in_trend_context,1,6589cb8021b76574,QQQ,bullish,"fast_above_slow,momentum_elevated,momentum_confirms_trend",195,2020-11-19T05:00:00+00:00,2020-11-19T05:00:00+00:00,1,evaluated,-0.006568535717887736,evaluated,0.022955943389942446,evaluated,0.060759529617921526
momentum_in_trend_context,1,6589cb8021b76574,QQQ,neutral,momentum_midrange,196,2020-11-20T05:00:00+00:00,2020-11-23T05:00:00+00:00,2,evaluated,-0.0035001853088563184,evaluated,0.028173334312152187,evaluated,0.060087195173738506
momentum_in_trend_context,1,6589cb8021b76574,QQQ,bullish,"fast_above_slow,momentum_elevated,momentum_confirms_trend",197,2020-11-24T05:00:00+00:00,2021-01-05T05:00:00+00:00,28,evaluated,0.0024021092718629067,evaluated,0.02801366368074798,evaluated,0.04273100981101341
momentum_in_trend_context,1,6589cb8021b76574,QQQ,neutral,momentum_midrange,198,2021-01-06T05:00:00+00:00,2021-01-06T05:00:00+00:00,1,evaluated,0.015147648013156045,evaluated,0.018563909334426976,evaluated,0.06432896588115478
momentum_in_trend_context,1,6589cb8021b76574,QQQ,bullish,"fast_above_slow,momentum_elevated,momentum_confirms_trend",199,2021-01-07T05:00:00+00:00,2021-01-14T05:00:00+00:00,6,evaluated,0.005325526126265023,evaluated,-0.009422040300244405,evaluated,0.04417971001280274
momentum_in_trend_context,1,6589cb8021b76574,QQQ,neutral,momentum_midrange,200,2021-01-15T05:00:00+00:00,2021-01-15T05:00:00+00:00,1,evaluated,0.006873520006712486,evaluated,0.044104965319212486,evaluated,0.06774863498781825
momentum_in_trend_context,1,6589cb8021b76574,QQQ,bullish,"fast_above_slow,momentum_elevated,momentum_confirms_trend",201,2021-01-19T05:00:00+00:00,2021-01-26T05:00:00+00:00,6,evaluated,0.011338708687261834,evaluated,0.026394643914577465,evaluated,0.043074834123710604
momentum_in_trend_context,1,6589cb8021b76574,QQQ,neutral,momentum_midrange,202,2021-01-27T05:00:00+00:00,2021-01-27T05:00:00+00:00,1,evaluated,0.0020269868377662537,evaluated,0.017806440315520478,evaluated,-0.024448893027646856
momentum_in_trend_context,1,6589cb8021b76574,QQQ,bullish,"fast_above_slow,momentum_elevated,momentum_confirms_trend",203,2021-01-28T05:00:00+00:00,2021-01-28T05:00:00+00:00,1,evaluated,-0.015708083186043664,evaluated,0.03335629297831155,evaluated,-0.017022254685519878
momentum_in_trend_context,1,6589cb8021b76574,QQQ,neutral,momentum_midrange,204,2021-01-29T05:00:00+00:00,2021-01-29T05:00:00+00:00,1,evaluated,0.013548861320428651,evaluated,0.04165226057068483,evaluated,0.0172267807949249
momentum_in_trend_context,1,6589cb8021b76574,QQQ,bullish,"fast_above_slow,momentum_elevated,momentum_confirms_trend",205,2021-02-01T05:00:00+00:00,2021-02-19T05:00:00+00:00,14,evaluated,0.0067591913948459315,evaluated,0.024886245890773706,evaluated,-0.021752540404520126
momentum_in_trend_context,1,6589cb8021b76574,QQQ,neutral,momentum_midrange,206,2021-02-22T05:00:00+00:00,2021-03-24T04:00:00+00:00,23,evaluated,0.014132526770751275,evaluated,0.020788631980727557,evaluated,0.005078818143730235
momentum_in_trend_context,1,6589cb8021b76574,QQQ,bearish,"fast_below_slow,momentum_depressed,momentum_confirms_trend",207,2021-03-25T04:00:00+00:00,2021-03-25T04:00:00+00:00,1,evaluated,0.015717961102764466,evaluated,0.043264512893876006,evaluated,0.09099684808952957
momentum_in_trend_context,1,6589cb8021b76574,QQQ,neutral,momentum_midrange,208,2021-03-26T04:00:00+00:00,2021-04-12T04:00:00+00:00,11,evaluated,0.0014582071240378802,evaluated,0.049453082841217855,evaluated,0.08299252389503531
momentum_in_trend_context,1,6589cb8021b76574,QQQ,bullish,"fast_above_slow,momentum_elevated,momentum_confirms_trend",209,2021-04-13T04:00:00+00:00,2021-04-30T04:00:00+00:00,14,evaluated,-0.012732862726053673,evaluated,-0.01302626481414182,evaluated,-0.04559192684949642
momentum_in_trend_context,1,6589cb8021b76574,QQQ,neutral,momentum_midrange,210,2021-05-03T04:00:00+00:00,2021-06-15T04:00:00+00:00,31,evaluated,-0.010252976781352507,evaluated,-0.02338406238775259,evaluated,-0.0022184621651012426
momentum_in_trend_context,1,6589cb8021b76574,QQQ,bullish,"fast_above_slow,momentum_elevated,momentum_confirms_trend",211,2021-06-16T04:00:00+00:00,2021-07-16T04:00:00+00:00,22,evaluated,0.015795496949454035,evaluated,0.022854925392748804,evaluated,0.06044647386293356
momentum_in_trend_context,1,6589cb8021b76574,QQQ,neutral,momentum_midrange,212,2021-07-19T04:00:00+00:00,2021-07-19T04:00:00+00:00,1,evaluated,0.008885649744741375,evaluated,0.036161137066598625,evaluated,0.037539031915810206
momentum_in_trend_context,1,6589cb8021b76574,QQQ,bullish,"fast_above_slow,momentum_elevated,momentum_confirms_trend",213,2021-07-20T04:00:00+00:00,2021-08-16T04:00:00+00:00,20,evaluated,0.008957698898854893,evaluated,0.016966614953842996,evaluated,0.020594404233610142
momentum_in_trend_context,1,6589cb8021b76574,QQQ,neutral,momentum_midrange,214,2021-08-17T04:00:00+00:00,2021-08-19T04:00:00+00:00,3,evaluated,-0.008132979024784603,evaluated,0.02516567891375532,evaluated,0.03524288125120245
momentum_in_trend_context,1,6589cb8021b76574,QQQ,bullish,"fast_above_slow,momentum_elevated,momentum_confirms_trend",215,2021-08-20T04:00:00+00:00,2021-09-13T04:00:00+00:00,16,evaluated,0.0120119938719907,evaluated,0.019631293361152213,evaluated,-0.008405573992799953
momentum_in_trend_context,1,6589cb8021b76574,QQQ,neutral,momentum_midrange,216,2021-09-14T04:00:00+00:00,2021-09-14T04:00:00+00:00,1,evaluated,0.00617458477844357,evaluated,-0.02549707718235039,evaluated,-0.0494770068781305
momentum_in_trend_context,1,6589cb8021b76574,QQQ,bullish,"fast_above_slow,momentum_elevated,momentum_confirms_trend",217,2021-09-15T04:00:00+00:00,2021-09-16T04:00:00+00:00,2,evaluated,0.004327293497150109,evaluated,-0.018875399516326996,evaluated,-0.04428159976667034
momentum_in_trend_context,1,6589cb8021b76574,QQQ,neutral,momentum_midrange,218,2021-09-17T04:00:00+00:00,2021-10-04T04:00:00+00:00,12,evaluated,-0.004789580604619426,evaluated,0.015974514923225547,evaluated,0.004027679259631878
momentum_in_trend_context,1,6589cb8021b76574,QQQ,bearish,"fast_below_slow,momentum_depressed,momentum_confirms_trend",219,2021-10-05T04:00:00+00:00,2021-10-06T04:00:00+00:00,2,evaluated,0.015787469124092457,evaluated,0.00864219439735936,evaluated,0.098762998607282
momentum_in_trend_context,1,6589cb8021b76574,QQQ,neutral,momentum_midrange,220,2021-10-07T04:00:00+00:00,2021-10-07T04:00:00+00:00,1,evaluated,-0.008020168693278817,evaluated,0.0070040057256504085,evaluated,0.09377064356065912
momentum_in_trend_context,1,6589cb8021b76574,QQQ,bearish,"fast_below_slow,momentum_depressed,momentum_confirms_trend",221,2021-10-08T04:00:00+00:00,2021-10-13T04:00:00+00:00,4,evaluated,-0.003309338584640553,evaluated,0.026030413868040725,evaluated,0.10851554866335156
momentum_in_trend_context,1,6589cb8021b76574,QQQ,neutral,momentum_midrange,222,2021-10-14T04:00:00+00:00,2021-11-01T04:00:00+00:00,13,evaluated,0.002881367686540681,evaluated,0.02552458412044034,evaluated,0.06173206250313146
momentum_in_trend_context,1,6589cb8021b76574,QQQ,bullish,"fast_above_slow,momentum_elevated,momentum_confirms_trend",223,2021-11-02T04:00:00+00:00,2021-11-24T05:00:00+00:00,17,evaluated,0.009318457185375939,evaluated,0.014812013122989853,evaluated,-0.006237948278598582
momentum_in_trend_context,1,6589cb8021b76574,QQQ,neutral,momentum_midrange,224,2021-11-26T05:00:00+00:00,2021-11-26T05:00:00+00:00,1,evaluated,0.009598594691364593,evaluated,-0.032231198801405236,evaluated,0.01917198226035266
momentum_in_trend_context,1,6589cb8021b76574,QQQ,bullish,"fast_above_slow,momentum_elevated,momentum_confirms_trend",225,2021-11-29T05:00:00+00:00,2021-11-29T05:00:00+00:00,1,evaluated,-0.012437914314311516,evaluated,-0.03154618238320417,evaluated,0.007096611116225615
momentum_in_trend_context,1,6589cb8021b76574,QQQ,neutral,momentum_midrange,226,2021-11-30T05:00:00+00:00,2021-12-06T05:00:00+00:00,5,evaluated,-0.028020497379517173,evaluated,-0.0011298890439150888,evaluated,0.00821027674925734
momentum_in_trend_context,1,6589cb8021b76574,QQQ,bullish,"fast_above_slow,momentum_elevated,momentum_confirms_trend",227,2021-12-07T05:00:00+00:00,2021-12-08T05:00:00+00:00,2,evaluated,0.0036164750615743646,evaluated,-0.025039558189915323,evaluated,-0.03485949321829496
momentum_in_trend_context,1,6589cb8021b76574,QQQ,neutral,momentum_midrange,228,2021-12-09T05:00:00+00:00,2021-12-09T05:00:00+00:00,1,evaluated,0.0035046509645253465,evaluated,-0.024658360394581802,evaluated,-0.04225709740295114
momentum_in_trend_context,1,6589cb8021b76574,QQQ,bullish,"fast_above_slow,momentum_elevated,momentum_confirms_trend",229,2021-12-10T05:00:00+00:00,2021-12-10T05:00:00+00:00,1,evaluated,-0.014422086016017577,evaluated,-0.032889438034901075,evaluated,-0.044949785548837995
momentum_in_trend_context,1,6589cb8021b76574,QQQ,neutral,momentum_midrange,230,2021-12-13T05:00:00+00:00,2021-12-23T05:00:00+00:00,9,evaluated,0.0023238431253027603,evaluated,-0.01706683594086733,evaluated,-0.0038212768277728903
momentum_in_trend_context,1,6589cb8021b76574,QQQ,bullish,"fast_above_slow,momentum_elevated,momentum_confirms_trend",231,2021-12-27T05:00:00+00:00,2021-12-30T05:00:00+00:00,4,evaluated,-0.006899131026287919,evaluated,-0.006726016967743553,evaluated,-0.14661228842673657
momentum_in_trend_context,1,6589cb8021b76574,QQQ,neutral,momentum_midrange,232,2021-12-31T05:00:00+00:00,2021-12-31T05:00:00+00:00,1,evaluated,0.006590665238102922,evaluated,-0.048089219467317035,evaluated,-0.09021426162447888
momentum_in_trend_context,1,6589cb8021b76574,QQQ,bullish,"fast_above_slow,momentum_elevated,momentum_confirms_trend",233,2022-01-03T05:00:00+00:00,2022-01-03T05:00:00+00:00,1,evaluated,-0.014344642884238978,evaluated,-0.05501691880491022,evaluated,-0.091288788067311
momentum_in_trend_context,1,6589cb8021b76574,QQQ,neutral,momentum_midrange,234,2022-01-04T05:00:00+00:00,2022-01-06T05:00:00+00:00,3,evaluated,-0.026473075816940916,evaluated,-0.02259710982122698,evaluated,-0.066499469649412
momentum_in_trend_context,1,6589cb8021b76574,QQQ,bearish,"fast_below_slow,momentum_depressed,momentum_confirms_trend",235,2022-01-07T05:00:00+00:00,2022-01-10T05:00:00+00:00,2,evaluated,0.014113382220730664,evaluated,0.013846652633238143,evaluated,-0.05253188745704929
momentum_in_trend_context,1,6589cb8021b76574,QQQ,neutral,momentum_midrange,236,2022-01-11T05:00:00+00:00,2022-01-12T05:00:00+00:00,2,evaluated,-0.0028573994130123292,evaluated,-0.056582353272516595,evaluated,-0.05593878635314464
momentum_in_trend_context,1,6589cb8021b76574,QQQ,bearish,"fast_below_slow,momentum_depressed,momentum_confirms_trend",237,2022-01-13T05:00:00+00:00,2022-01-31T05:00:00+00:00,12,evaluated,0.013170881022048775,evaluated,-0.0623350425954009,evaluated,-0.074679417758436
momentum_in_trend_context,1,6589cb8021b76574,QQQ,neutral,momentum_midrange,238,2022-02-01T05:00:00+00:00,2022-02-02T05:00:00+00:00,2,evaluated,-0.003434713050919247,evaluated,-0.028775460751371496,evaluated,-0.06095848104074053
momentum_in_trend_context,1,6589cb8021b76574,QQQ,bearish,"fast_below_slow,momentum_depressed,momentum_confirms_trend",239,2022-02-03T05:00:00+00:00,2022-02-08T05:00:00+00:00,4,evaluated,0.011099252548568694,evaluated,0.012285376944420445,evaluated,-0.04739041859365911
momentum_in_trend_context,1,6589cb8021b76574,QQQ,neutral,momentum_midrange,240,2022-02-09T05:00:00+00:00,2022-02-09T05:00:00+00:00,1,evaluated,-0.0030318101112568607,evaluated,-0.009679518733567982,evaluated,-0.07857699394546236
momentum_in_trend_context,1,6589cb8021b76574,QQQ,bearish,"fast_below_slow,momentum_depressed,momentum_confirms_trend",241,2022-02-10T05:00:00+00:00,2022-02-14T05:00:00+00:00,3,evaluated,-0.031721662108428084,evaluated,-0.03621343284319145,evaluated,-0.0949418281803186
momentum_in_trend_context,1,6589cb8021b76574,QQQ,neutral,momentum_midrange,242,2022-02-15T05:00:00+00:00,2022-02-16T05:00:00+00:00,2,evaluated,0.006274380121949585,evaluated,-0.06896160022439246,evaluated,-0.03815499327495475
momentum_in_trend_context,1,6589cb8021b76574,QQQ,bearish,"fast_below_slow,momentum_depressed,momentum_confirms_trend",243,2022-02-17T05:00:00+00:00,2022-02-25T05:00:00+00:00,6,evaluated,-0.014145070421418438,evaluated,-0.0018475639896986529,evaluated,0.014664664757258805
momentum_in_trend_context,1,6589cb8021b76574,QQQ,neutral,momentum_midrange,244,2022-02-28T05:00:00+00:00,2022-02-28T05:00:00+00:00,1,evaluated,-0.012321069459508283,evaluated,-0.060419420530549495,evaluated,0.055415773426202186
momentum_in_trend_context,1,6589cb8021b76574,QQQ,bearish,"fast_below_slow,momentum_depressed,momentum_confirms_trend",245,2022-03-01T05:00:00+00:00,2022-03-01T05:00:00+00:00,1,evaluated,0.01206719951752544,evaluated,-0.057508398160654894,evaluated,0.0819342922039541
momentum_in_trend_context,1,6589cb8021b76574,QQQ,neutral,momentum_midrange,246,2022-03-02T05:00:00+00:00,2022-03-02T05:00:00+00:00,1,evaluated,-0.02191862106905107,evaluated,-0.04269426100679663,evaluated,0.049038390596054304
momentum_in_trend_context,1,6589cb8021b76574,QQQ,bearish,"fast_below_slow,momentum_depressed,momentum_confirms_trend",247,2022-03-03T05:00:00+00:00,2022-03-15T04:00:00+00:00,9,evaluated,-0.007474130685890312,evaluated,-0.025217771352898377,evaluated,0.06679617599942955
momentum_in_trend_context,1,6589cb8021b76574,QQQ,neutral,momentum_midrange,248,2022-03-16T04:00:00+00:00,2022-04-27T04:00:00+00:00,30,evaluated,0.0179389644821093,evaluated,0.03977891553421142,evaluated,0.02358368384160192
momentum_in_trend_context,1,6589cb8021b76574,QQQ,bearish,"fast_below_slow,momentum_depressed,momentum_confirms_trend",249,2022-04-28T04:00:00+00:00,2022-05-03T04:00:00+00:00,4,evaluated,-0.032283014559627676,evaluated,-0.03305533457993126,evaluated,-0.07528583477216277
momentum_in_trend_context,1,6589cb8021b76574,QQQ,neutral,momentum_midrange,250,2022-05-04T04:00:00+00:00,2022-05-04T04:00:00+00:00,1,evaluated,-0.037426616616476616,evaluated,-0.10250027897252889,evaluated,-0.03318266783329893
momentum_in_trend_context,1,6589cb8021b76574,QQQ,bearish,"fast_below_slow,momentum_depressed,momentum_confirms_trend",251,2022-05-05T04:00:00+00:00,2022-05-25T04:00:00+00:00,15,evaluated,-0.005467155942413537,evaluated,-0.0636758885134373,evaluated,-0.015275767208645208
momentum_in_trend_context,1,6589cb8021b76574,QQQ,neutral,momentum_midrange,252,2022-05-26T04:00:00+00:00,2022-06-08T04:00:00+00:00,9,evaluated,0.02168307454655105,evaluated,0.012097585637391495,evaluated,-0.03335094880977518
momentum_in_trend_context,1,6589cb8021b76574,QQQ,bearish,"fast_below_slow,momentum_depressed,momentum_confirms_trend",253,2022-06-09T04:00:00+00:00,2022-06-23T04:00:00+00:00,10,evaluated,-0.016380036296848477,evaluated,-0.07580446010802178,evaluated,-0.01569891179084304
momentum_in_trend_context,1,6589cb8021b76574,QQQ,neutral,momentum_midrange,254,2022-06-24T04:00:00+00:00,2022-06-27T04:00:00+00:00,2,evaluated,-0.011993202003272807,evaluated,-0.046858091612119956,evaluated,0.014425638559702358
momentum_in_trend_context,1,6589cb8021b76574,QQQ,bearish,"fast_below_slow,momentum_depressed,momentum_confirms_trend",255,2022-06-28T04:00:00+00:00,2022-07-01T04:00:00+00:00,4,evaluated,0.0014114110977379024,evaluated,0.019054319028873445,evaluated,0.08260410785562744
momentum_in_trend_context,1,6589cb8021b76574,QQQ,neutral,momentum_midrange,256,2022-07-05T04:00:00+00:00,2022-07-27T04:00:00+00:00,17,evaluated,0.0050460471851556665,evaluated,-0.00386294012724242,evaluated,0.09389239566965824
momentum_in_trend_context,1,6589cb8021b76574,QQQ,bullish,"fast_above_slow,momentum_elevated,momentum_confirms_trend",257,2022-07-28T04:00:00+00:00,2022-08-19T04:00:00+00:00,17,evaluated,0.013070351055526563,evaluated,0.041780335386589984,evaluated,0.02951273801828136
momentum_in_trend_context,1,6589cb8021b76574,QQQ,neutral,momentum_midrange,258,2022-08-22T04:00:00+00:00,2022-09-13T04:00:00+00:00,16,evaluated,-6.363496110595168e-05,evaluated,-0.030911726747785195,evaluated,-0.08082893329151886
momentum_in_trend_context,1,6589cb8021b76574,QQQ,bearish,"fast_below_slow,momentum_depressed,momentum_confirms_trend",259,2022-09-14T04:00:00+00:00,2022-10-20T04:00:00+00:00,27,evaluated,-0.01009964004057251,evaluated,-0.035739822164310264,evaluated,-0.10681131322406212
momentum_in_trend_context,1,6589cb8021b76574,QQQ,neutral,momentum_midrange,260,2022-10-21T04:00:00+00:00,2022-11-01T04:00:00+00:00,8,evaluated,0.010011279847594867,evaluated,0.020058757047137332,evaluated,0.033116924088507416
momentum_in_trend_context,1,6589cb8021b76574,QQQ,bearish,"fast_below_slow,momentum_depressed,momentum_confirms_trend",261,2022-11-02T04:00:00+00:00,2022-11-07T05:00:00+00:00,4,evaluated,-0.00958145864294535,evaluated,0.0011786530819493102,evaluated,0.11676358433066714
momentum_in_trend_context,1,6589cb8021b76574,QQQ,neutral,momentum_midrange,262,2022-11-08T05:00:00+00:00,2022-11-08T05:00:00+00:00,1,evaluated,-0.016582022256768858,evaluated,0.08078131197315686,evaluated,0.047691920181992975
momentum_in_trend_context,1,6589cb8021b76574,QQQ,bearish,"fast_below_slow,momentum_depressed,momentum_confirms_trend",263,2022-11-09T05:00:00+00:00,2022-11-09T05:00:00+00:00,1,evaluated,0.02441936884860918,evaluated,0.034165401043928734,evaluated,0.0284047536701586
momentum_in_trend_context,1,6589cb8021b76574,QQQ,neutral,"fast_below_slow,momentum_elevated,momentum_contradicts_trend",264,2022-11-10T05:00:00+00:00,2022-11-21T05:00:00+00:00,8,evaluated,0.019110963841810547,evaluated,0.007962910601078343,evaluated,-0.0018402782352942015
momentum_in_trend_context,1,6589cb8021b76574,QQQ,bullish,"fast_above_slow,momentum_elevated,momentum_confirms_trend",265,2022-11-22T05:00:00+00:00,2022-11-25T05:00:00+00:00,3,evaluated,0.009966101658740234,evaluated,0.025841815922349243,evaluated,-0.0437807775648793
momentum_in_trend_context,1,6589cb8021b76574,QQQ,neutral,momentum_midrange,266,2022-11-28T05:00:00+00:00,2022-11-29T05:00:00+00:00,2,evaluated,-0.008376316875441825,evaluated,0.016611338681261856,evaluated,-0.06842445642923844
momentum_in_trend_context,1,6589cb8021b76574,QQQ,bullish,"fast_above_slow,momentum_elevated,momentum_confirms_trend",267,2022-11-30T05:00:00+00:00,2022-12-02T05:00:00+00:00,3,evaluated,0.00010214436667066451,evaluated,-0.04480916460455586,evaluated,-0.09278490848675247
momentum_in_trend_context,1,6589cb8021b76574,QQQ,neutral,momentum_midrange,268,2022-12-05T05:00:00+00:00,2022-12-12T05:00:00+00:00,6,evaluated,-0.02017537946602732,evaluated,-0.006609240091314916,evaluated,-0.07562272130630687
momentum_in_trend_context,1,6589cb8021b76574,QQQ,bullish,"fast_above_slow,momentum_elevated,momentum_confirms_trend",269,2022-12-13T05:00:00+00:00,2022-12-13T05:00:00+00:00,1,evaluated,-0.005346217992033275,evaluated,-0.06425960781970463,evaluated,-0.031244576918602718
momentum_in_trend_context,1,6589cb8021b76574,QQQ,neutral,momentum_midrange,270,2022-12-14T05:00:00+00:00,2022-12-28T05:00:00+00:00,10,evaluated,-0.019268133682412425,evaluated,-0.031452466218856445,evaluated,-0.004817006397633938
momentum_in_trend_context,1,6589cb8021b76574,QQQ,bearish,"fast_below_slow,momentum_depressed,momentum_confirms_trend",271,2022-12-29T05:00:00+00:00,2023-01-05T05:00:00+00:00,5,evaluated,0.010090295544262107,evaluated,0.01964946806663348,evaluated,0.10109246032205421
momentum_in_trend_context,1,6589cb8021b76574,QQQ,neutral,momentum_midrange,272,2023-01-06T05:00:00+00:00,2023-01-30T05:00:00+00:00,16,evaluated,-0.0010707013319087855,evaluated,0.037440516749174035,evaluated,0.12096153081218586
momentum_in_trend_context,1,6589cb8021b76574,QQQ,bullish,"fast_above_slow,momentum_elevated,momentum_confirms_trend",273,2023-01-31T05:00:00+00:00,2023-02-17T05:00:00+00:00,14,evaluated,0.022112053546578636,evaluated,0.0525457729977743,evaluated,-0.01090313309721025
momentum_in_trend_context,1,6589cb8021b76574,QQQ,neutral,momentum_midrange,274,2023-02-21T05:00:00+00:00,2023-03-03T05:00:00+00:00,9,evaluated,-0.001255838447218549,evaluated,-0.0035978466368927764,evaluated,0.053356871499676606
momentum_in_trend_context,1,6589cb8021b76574,QQQ,bullish,"fast_above_slow,momentum_elevated,momentum_confirms_trend",275,2023-03-06T05:00:00+00:00,2023-03-06T05:00:00+00:00,1,evaluated,-0.012430469208133621,evaluated,-0.03125938832226449,evaluated,0.06691767281682925
momentum_in_trend_context,1,6589cb8021b76574,QQQ,neutral,momentum_midrange,276,2023-03-07T05:00:00+00:00,2023-03-15T04:00:00+00:00,7,evaluated,0.003538155303494994,evaluated,0.0020217883402218195,evaluated,0.07514243062333215
momentum_in_trend_context,1,6589cb8021b76574,QQQ,bullish,"fast_above_slow,momentum_elevated,momentum_confirms_trend",277,2023-03-16T04:00:00+00:00,2023-04-11T04:00:00+00:00,18,evaluated,-0.004434063196817828,evaluated,0.009878712725736483,evaluated,0.03863460503506211
momentum_in_trend_context,1,6589cb8021b76574,QQQ,neutral,momentum_midrange,278,2023-04-12T04:00:00+00:00,2023-04-12T04:00:00+00:00,1,evaluated,0.013785303308370134,evaluated,0.012324127460209056,evaluated,0.03274792273894578
momentum_in_trend_context,1,6589cb8021b76574,QQQ,bullish,"fast_above_slow,momentum_elevated,momentum_confirms_trend",279,2023-04-13T04:00:00+00:00,2023-04-24T04:00:00+00:00,8,evaluated,0.003085774103808614,evaluated,-0.004124807373340644,evaluated,0.02711047567121816
momentum_in_trend_context,1,6589cb8021b76574,QQQ,neutral,momentum_midrange,280,2023-04-25T04:00:00+00:00,2023-04-26T04:00:00+00:00,2,evaluated,-0.005008956457343783,evaluated,0.018951003047279036,evaluated,0.06355277805959059
momentum_in_trend_context,1,6589cb8021b76574,QQQ,bullish,"fast_above_slow,momentum_elevated,momentum_confirms_trend",281,2023-04-27T04:00:00+00:00,2023-05-02T04:00:00+00:00,4,evaluated,0.007653657552545656,evaluated,-0.012308181887862757,evaluated,0.06126024418639675
momentum_in_trend_context,1,6589cb8021b76574,QQQ,neutral,momentum_midrange,282,2023-05-03T04:00:00+00:00,2023-05-04T04:00:00+00:00,2,evaluated,-0.0028069896477397327,evaluated,0.025484189592067885,evaluated,0.11023154127342205
momentum_in_trend_context,1,6589cb8021b76574,QQQ,bullish,"fast_above_slow,momentum_elevated,momentum_confirms_trend",283,2023-05-05T04:00:00+00:00,2023-08-01T04:00:00+00:00,60,evaluated,0.003938927364248501,evaluated,0.008094985555688883,evaluated,0.10073810283501494
momentum_in_trend_context,1,6589cb8021b76574,QQQ,neutral,momentum_midrange,284,2023-08-02T04:00:00+00:00,2023-08-23T04:00:00+00:00,16,evaluated,0.004973936902113785,evaluated,-0.01083507757392066,evaluated,0.013227893955642278
momentum_in_trend_context,1,6589cb8021b76574,QQQ,bearish,"fast_below_slow,momentum_depressed,momentum_confirms_trend",285,2023-08-24T04:00:00+00:00,2023-08-24T04:00:00+00:00,1,evaluated,0.005385648217216099,evaluated,0.04396935009284153,evaluated,-0.011489500864357072
momentum_in_trend_context,1,6589cb8021b76574,QQQ,neutral,momentum_midrange,286,2023-08-25T04:00:00+00:00,2023-09-19T04:00:00+00:00,17,evaluated,-0.0006266668706771394,evaluated,0.028883638206987694,evaluated,-0.020109553609621078
momentum_in_trend_context,1,6589cb8021b76574,QQQ,bearish,"fast_below_slow,momentum_depressed,momentum_confirms_trend",287,2023-09-20T04:00:00+00:00,2023-10-05T04:00:00+00:00,12,evaluated,-0.008148565800654262,evaluated,-0.015964466305226188,evaluated,0.0071230804079003285
momentum_in_trend_context,1,6589cb8021b76574,QQQ,neutral,momentum_midrange,288,2023-10-06T04:00:00+00:00,2023-10-18T04:00:00+00:00,9,evaluated,0.011758238777693109,evaluated,0.008225258312818395,evaluated,0.01493238709464384
momentum_in_trend_context,1,6589cb8021b76574,QQQ,bearish,"fast_below_slow,momentum_depressed,momentum_confirms_trend",289,2023-10-19T04:00:00+00:00,2023-10-31T04:00:00+00:00,9,evaluated,-0.01352023999079699,evaluated,-0.04395478820608412,evaluated,0.07369393362727994
momentum_in_trend_context,1,6589cb8021b76574,QQQ,neutral,momentum_midrange,290,2023-11-01T04:00:00+00:00,2023-11-16T05:00:00+00:00,12,evaluated,0.005255279779771138,evaluated,0.031531763088587406,evaluated,0.07548259496141752
momentum_in_trend_context,1,6589cb8021b76574,QQQ,bullish,"fast_above_slow,momentum_elevated,momentum_confirms_trend",291,2023-11-17T05:00:00+00:00,2024-01-02T05:00:00+00:00,30,evaluated,0.012148692111658477,evaluated,0.008081921340297615,evaluated,0.054474807523047675
momentum_in_trend_context,1,6589cb8021b76574,QQQ,neutral,momentum_midrange,292,2024-01-03T05:00:00+00:00,2024-01-05T05:00:00+00:00,3,evaluated,-0.0004036012035213421,evaluated,0.03042073828151648,evaluated,0.06417112875779041
momentum_in_trend_context,1,6589cb8021b76574,QQQ,bullish,"fast_above_slow,momentum_elevated,momentum_confirms_trend",293,2024-01-08T05:00:00+00:00,2024-01-30T05:00:00+00:00,16,evaluated,0.00955436864696435,evaluated,0.018934550725839383,evaluated,0.06389488303797175
momentum_in_trend_context,1,6589cb8021b76574,QQQ,neutral,momentum_midrange,294,2024-01-31T05:00:00+00:00,2024-01-31T05:00:00+00:00,1,evaluated,0.007378390780206967,evaluated,0.03151933288789821,evaluated,0.048258055451937176
momentum_in_trend_context,1,6589cb8021b76574,QQQ,bullish,"fast_above_slow,momentum_elevated,momentum_confirms_trend",295,2024-02-01T05:00:00+00:00,2024-02-16T05:00:00+00:00,12,evaluated,0.012293586887032637,evaluated,0.02121288582090486,evaluated,0.05146294994526568
momentum_in_trend_context,1,6589cb8021b76574,QQQ,neutral,momentum_midrange,296,2024-02-20T05:00:00+00:00,2024-02-21T05:00:00+00:00,2,evaluated,0.002496755597860556,evaluated,0.030738472937869243,evaluated,0.03302324799049772
momentum_in_trend_context,1,6589cb8021b76574,QQQ,bullish,"fast_above_slow,momentum_elevated,momentum_confirms_trend",297,2024-02-22T05:00:00+00:00,2024-03-04T05:00:00+00:00,8,evaluated,-0.006527908920802239,evaluated,-0.0014784349039190792,evaluated,0.014147620395890792
momentum_in_trend_context,1,6589cb8021b76574,QQQ,neutral,momentum_midrange,298,2024-03-05T05:00:00+00:00,2024-03-05T05:00:00+00:00,1,evaluated,-0.0034747428094275,evaluated,0.0075853839987591876,evaluated,0.004042511695332207
momentum_in_trend_context,1,6589cb8021b76574,QQQ,bullish,"fast_above_slow,momentum_elevated,momentum_confirms_trend",299,2024-03-06T05:00:00+00:00,2024-03-08T05:00:00+00:00,3,evaluated,0.00684869284239964,evaluated,-0.004904871755058715,evaluated,-0.016002931320827862
momentum_in_trend_context,1,6589cb8021b76574,QQQ,neutral,momentum_midrange,300,2024-03-11T04:00:00+00:00,2024-03-11T04:00:00+00:00,1,evaluated,0.008937285556121388,evaluated,-0.00511677607574057,evaluated,0.005685306750822905
momentum_in_trend_context,1,6589cb8021b76574,QQQ,bullish,"fast_above_slow,momentum_elevated,momentum_confirms_trend",301,2024-03-12T04:00:00+00:00,2024-03-13T04:00:00+00:00,2,evaluated,-0.005421877170624367,evaluated,-0.009217184295770564,evaluated,-0.009669036119534624
momentum_in_trend_context,1,6589cb8021b76574,QQQ,neutral,momentum_midrange,302,2024-03-14T04:00:00+00:00,2024-03-19T04:00:00+00:00,4,evaluated,-0.00493038700294246,evaluated,0.02247342772575145,evaluated,0.005045019498021608
momentum_in_trend_context,1,6589cb8021b76574,QQQ,bullish,"fast_above_slow,momentum_elevated,momentum_confirms_trend",303,2024-03-20T04:00:00+00:00,2024-04-01T04:00:00+00:00,8,evaluated,-0.006705600010877721,evaluated,-0.009022496583701023,evaluated,-0.05674122470069143
momentum_in_trend_context,1,6589cb8021b76574,QQQ,neutral,momentum_midrange,304,2024-04-02T04:00:00+00:00,2024-04-10T04:00:00+00:00,7,evaluated,0.007153304878717792,evaluated,0.007449470555187521,evaluated,-0.03273645752897292
momentum_in_trend_context,1,6589cb8021b76574,QQQ,bullish,"fast_above_slow,momentum_elevated,momentum_confirms_trend",305,2024-04-11T04:00:00+00:00,2024-04-11T04:00:00+00:00,1,evaluated,-0.006415817389899603,evaluated,-0.040104289722577846,evaluated,-0.00018140351107809316
momentum_in_trend_context,1,6589cb8021b76574,QQQ,neutral,momentum_midrange,306,2024-04-12T04:00:00+00:00,2024-04-19T04:00:00+00:00,6,evaluated,-0.024883500114805113,evaluated,-0.06200516629753694,evaluated,0.0
momentum_in_trend_context,1,6589cb8021b76574,QQQ,bearish,"fast_below_slow,momentum_depressed,momentum_confirms_trend",307,2024-04-22T04:00:00+00:00,2024-04-25T04:00:00+00:00,4,evaluated,0.010219403528817672,evaluated,0.028471638422717715,evaluated,0.08113700011843816
momentum_in_trend_context,1,6589cb8021b76574,QQQ,neutral,momentum_midrange,308,2024-04-26T04:00:00+00:00,2024-04-29T04:00:00+00:00,2,evaluated,-0.0008773460128104205,evaluated,0.005425636822716573,evaluated,0.05730382805258216
momentum_in_trend_context,1,6589cb8021b76574,QQQ,bearish,"fast_below_slow,momentum_depressed,momentum_confirms_trend",309,2024-04-30T04:00:00+00:00,2024-05-01T04:00:00+00:00,2,evaluated,-0.003852073511340426,evaluated,0.040576659991479636,evaluated,0.07867188709700335
momentum_in_trend_context,1,6589cb8021b76574,QQQ,neutral,momentum_midrange,310,2024-05-02T04:00:00+00:00,2024-05-20T04:00:00+00:00,13,evaluated,0.0023939060378357357,evaluated,0.015145904003518007,evaluated,0.03745048550372898
momentum_in_trend_context,1,6589cb8021b76574,QQQ,bullish,"fast_above_slow,momentum_elevated,momentum_confirms_trend",311,2024-05-21T04:00:00+00:00,2024-07-16T04:00:00+00:00,38,evaluated,-0.000767456267572908,evaluated,0.0008332344096100286,evaluated,0.055716361439581696
momentum_in_trend_context,1,6589cb8021b76574,QQQ,neutral,momentum_midrange,312,2024-07-17T04:00:00+00:00,2024-08-05T04:00:00+00:00,14,evaluated,-0.012440031635753579,evaluated,-0.04562023757990885,evaluated,-0.04695896824149215
momentum_in_trend_context,1,6589cb8021b76574,QQQ,bearish,"fast_below_slow,momentum_depressed,momentum_confirms_trend",313,2024-08-06T04:00:00+00:00,2024-08-12T04:00:00+00:00,5,evaluated,-0.026249191419836726,evaluated,0.03603663394434564,evaluated,0.03162443823158401
momentum_in_trend_context,1,6589cb8021b76574,QQQ,neutral,momentum_midrange,314,2024-08-13T04:00:00+00:00,2024-08-30T04:00:00+00:00,14,evaluated,-0.0016828089207637786,evaluated,0.03613729940475219,evaluated,0.01102454152855592
momentum_in_trend_context,1,6589cb8021b76574,QQQ,bearish,"fast_below_slow,momentum_depressed,momentum_confirms_trend",315,2024-09-03T04:00:00+00:00,2024-09-10T04:00:00+00:00,6,evaluated,0.004229559088309021,evaluated,-2.182345767531846e-05,evaluated,0.0492728430556062
momentum_in_trend_context,1,6589cb8021b76574,QQQ,neutral,momentum_midrange,316,2024-09-11T04:00:00+00:00,2024-09-18T04:00:00+00:00,6,evaluated,0.00975142939024165,evaluated,0.005953288341529639,evaluated,0.05227781994895664
momentum_in_trend_context,1,6589cb8021b76574,QQQ,bullish,"fast_above_slow,momentum_elevated,momentum_confirms_trend",317,2024-09-19T04:00:00+00:00,2024-09-30T04:00:00+00:00,8,evaluated,-0.00010360379278429033,evaluated,0.01446664413273635,evaluated,0.018155837308396316
momentum_in_trend_context,1,6589cb8021b76574,QQQ,neutral,momentum_midrange,318,2024-10-01T04:00:00+00:00,2024-10-01T04:00:00+00:00,1,evaluated,0.0033100734947875132,evaluated,0.018611047368700673,evaluated,0.041219125061084716
momentum_in_trend_context,1,6589cb8021b76574,QQQ,bullish,"fast_above_slow,momentum_elevated,momentum_confirms_trend",319,2024-10-02T04:00:00+00:00,2024-10-02T04:00:00+00:00,1,evaluated,0.0038562682727611985,evaluated,0.027952649216418157,evaluated,0.034685485861431165
momentum_in_trend_context,1,6589cb8021b76574,QQQ,neutral,momentum_midrange,320,2024-10-03T04:00:00+00:00,2024-10-03T04:00:00+00:00,1,evaluated,-0.0002667040302735124,evaluated,0.010544638428845232,evaluated,-0.007385385195121552
momentum_in_trend_context,1,6589cb8021b76574,QQQ,bullish,"fast_above_slow,momentum_elevated,momentum_confirms_trend",321,2024-10-04T04:00:00+00:00,2024-10-04T04:00:00+00:00,1,evaluated,-0.006778072159776105,evaluated,0.016419725298423282,evaluated,0.004202760596180077
momentum_in_trend_context,1,6589cb8021b76574,QQQ,neutral,momentum_midrange,322,2024-10-07T04:00:00+00:00,2024-10-07T04:00:00+00:00,1,evaluated,0.0095736889691731,evaluated,0.02649279131942217,evaluated,0.002785470419087499
momentum_in_trend_context,1,6589cb8021b76574,QQQ,bullish,"fast_above_slow,momentum_elevated,momentum_confirms_trend",323,2024-10-08T04:00:00+00:00,2024-10-22T04:00:00+00:00,11,evaluated,0.008486695084835016,evaluated,0.003783243565471661,evaluated,0.006564399703636203
momentum_in_trend_context,1,6589cb8021b76574,QQQ,neutral,momentum_midrange,324,2024-10-23T04:00:00+00:00,2024-10-23T04:00:00+00:00,1,evaluated,0.00042677852290728957,evaluated,0.008676961773493641,evaluated,0.022474707698260987
momentum_in_trend_context,1,6589cb8021b76574,QQQ,bullish,"fast_above_slow,momentum_elevated,momentum_confirms_trend",325,2024-10-24T04:00:00+00:00,2024-10-30T04:00:00+00:00,5,evaluated,0.00036351874309548116,evaluated,-0.022801648444709333,evaluated,0.01987315920099353
momentum_in_trend_context,1,6589cb8021b76574,QQQ,neutral,"fast_above_slow,momentum_depressed,momentum_contradicts_trend",326,2024-10-31T04:00:00+00:00,2024-11-05T05:00:00+00:00,4,evaluated,0.003975268127252907,evaluated,0.057754846606269394,evaluated,0.049927889257209035
momentum_in_trend_context,1,6589cb8021b76574,QQQ,bullish,"fast_above_slow,momentum_elevated,momentum_confirms_trend",327,2024-11-06T05:00:00+00:00,2024-11-14T05:00:00+00:00,7,evaluated,0.010110118396079226,evaluated,0.007572789436931959,evaluated,0.026376876127264026
momentum_in_trend_context,1,6589cb8021b76574,QQQ,neutral,momentum_midrange,328,2024-11-15T05:00:00+00:00,2024-11-20T05:00:00+00:00,4,evaluated,0.0037941583769964815,evaluated,0.015377519095464809,evaluated,0.08038057863381143
momentum_in_trend_context,1,6589cb8021b76574,QQQ,bullish,"fast_above_slow,momentum_elevated,momentum_confirms_trend",329,2024-11-21T05:00:00+00:00,2024-11-26T05:00:00+00:00,4,evaluated,0.002715980890365177,evaluated,0.01054672032239412,evaluated,0.028230362272961163
momentum_in_trend_context,1,6589cb8021b76574,QQQ,neutral,momentum_midrange,330,2024-11-27T05:00:00+00:00,2024-11-27T05:00:00+00:00,1,evaluated,0.007530681346727963,evaluated,0.03138775149270301,evaluated,0.03287017003055914
momentum_in_trend_context,1,6589cb8021b76574,QQQ,bullish,"fast_above_slow,momentum_elevated,momentum_confirms_trend",331,2024-11-29T05:00:00+00:00,2024-12-17T05:00:00+00:00,13,evaluated,0.008375507680723926,evaluated,0.030273322258834723,evaluated,0.00900173283894623
momentum_in_trend_context,1,6589cb8021b76574,QQQ,neutral,momentum_midrange,332,2024-12-18T05:00:00+00:00,2024-12-23T05:00:00+00:00,4,evaluated,-0.013469213719308093,evaluated,0.016136098361704043,evaluated,0.006926428624210557
momentum_in_trend_context,1,6589cb8021b76574,QQQ,bullish,"fast_above_slow,momentum_elevated,momentum_confirms_trend",333,2024-12-24T05:00:00+00:00,2024-12-26T05:00:00+00:00,2,evaluated,0.002422713968758039,evaluated,-0.03424060434415688,evaluated,-0.02670727051020705
momentum_in_trend_context,1,6589cb8021b76574,QQQ,neutral,momentum_midrange,334,2024-12-27T05:00:00+00:00,2024-12-31T05:00:00+00:00,3,evaluated,0.00019393529522915287,evaluated,0.017516572114330442,evaluated,0.010319891415178306
trend_crossover,1,f1126ca778e6f7ce,QQQ,neutral,relationship_unchanged,0,2015-01-02T05:00:00+00:00,2015-01-07T05:00:00+00:00,4,evaluated,-0.010342448830984563,evaluated,0.0012684640991533769,evaluated,-0.004976041735446524
trend_crossover,1,f1126ca778e6f7ce,QQQ,bearish,"crossed_below,fast_below_slow",1,2015-01-08T05:00:00+00:00,2015-01-08T05:00:00+00:00,1,evaluated,-0.009650646337518887,evaluated,-0.03831307774052417,evaluated,-0.004728869717967932
trend_crossover,1,f1126ca778e6f7ce,QQQ,neutral,relationship_unchanged,2,2015-01-09T05:00:00+00:00,2015-02-13T05:00:00+00:00,25,evaluated,-0.012351649940048892,evaluated,-0.019451468643611358,evaluated,-0.00019448203779182105
trend_crossover,1,f1126ca778e6f7ce,QQQ,bullish,"crossed_above,fast_above_slow",3,2015-02-17T05:00:00+00:00,2015-02-17T05:00:00+00:00,1,evaluated,0.0026198205079244197,evaluated,0.01609282620605712,evaluated,-9.351148103264872e-05
trend_crossover,1,f1126ca778e6f7ce,QQQ,neutral,relationship_unchanged,4,2015-02-18T05:00:00+00:00,2015-04-16T04:00:00+00:00,41,evaluated,0.005602821216115217,evaluated,0.011579097353328738,evaluated,0.007750507605172263
trend_crossover,1,f1126ca778e6f7ce,QQQ,bearish,"crossed_below,fast_below_slow",5,2015-04-17T04:00:00+00:00,2015-04-17T04:00:00+00:00,1,evaluated,0.009949291810445793,evaluated,0.03754458387109927,evaluated,0.028533892335308675
trend_crossover,1,f1126ca778e6f7ce,QQQ,neutral,relationship_unchanged,6,2015-04-20T04:00:00+00:00,2015-04-27T04:00:00+00:00,6,evaluated,-0.0014785036065844137,evaluated,0.01885049799035743,evaluated,0.017002368482126995
trend_crossover,1,f1126ca778e6f7ce,QQQ,bullish,"crossed_above,fast_above_slow",7,2015-04-28T04:00:00+00:00,2015-04-28T04:00:00+00:00,1,evaluated,-0.0007310776828253207,evaluated,-0.018093789193199372,evaluated,0.013981529516860602
trend_crossover,1,f1126ca778e6f7ce,QQQ,neutral,relationship_unchanged,8,2015-04-29T04:00:00+00:00,2015-06-29T04:00:00+00:00,43,evaluated,-0.010116858912480486,evaluated,-0.018578168031778364,evaluated,0.018210205705956106
trend_crossover,1,f1126ca778e6f7ce,QQQ,bearish,"crossed_below,fast_below_slow",9,2015-06-30T04:00:00+00:00,2015-06-30T04:00:00+00:00,1,evaluated,-0.0019420983058058283,evaluated,-0.018866188544759854,evaluated,0.03162864963664602
trend_crossover,1,f1126ca778e6f7ce,QQQ,neutral,relationship_unchanged,10,2015-07-01T04:00:00+00:00,2015-07-27T04:00:00+00:00,18,evaluated,-0.0025871421972331055,evaluated,-0.020327122880900994,evaluated,0.035572376926055416
trend_crossover,1,f1126ca778e6f7ce,QQQ,bullish,"crossed_above,fast_above_slow",11,2015-07-28T04:00:00+00:00,2015-07-28T04:00:00+00:00,1,evaluated,0.0016162368747119071,evaluated,0.0001795514283313704,evaluated,-0.11924222035721344
trend_crossover,1,f1126ca778e6f7ce,QQQ,neutral,relationship_unchanged,12,2015-07-29T04:00:00+00:00,2015-08-24T04:00:00+00:00,19,evaluated,0.0070985794683116055,evaluated,0.008626103662280782,evaluated,-0.07422052357156572
trend_crossover,1,f1126ca778e6f7ce,QQQ,bearish,"crossed_below,fast_below_slow",13,2015-08-25T04:00:00+00:00,2015-08-25T04:00:00+00:00,1,evaluated,0.020503166735295508,evaluated,0.0008914814590068598,evaluated,0.031893831714568055
trend_crossover,1,f1126ca778e6f7ce,QQQ,neutral,relationship_unchanged,14,2015-08-26T04:00:00+00:00,2015-10-21T04:00:00+00:00,40,evaluated,0.010715679128911804,evaluated,-0.005931832540186255,evaluated,-0.006888572660094461
trend_crossover,1,f1126ca778e6f7ce,QQQ,bullish,"crossed_above,fast_above_slow",15,2015-10-22T04:00:00+00:00,2015-10-22T04:00:00+00:00,1,evaluated,0.0010651084083699303,evaluated,0.010473927191767984,evaluated,0.009320037175859053
trend_crossover,1,f1126ca778e6f7ce,QQQ,neutral,relationship_unchanged,16,2015-10-23T04:00:00+00:00,2015-12-29T05:00:00+00:00,46,evaluated,0.0013309807448158573,evaluated,0.005590105588927585,evaluated,0.015794201037191424
trend_crossover,1,f1126ca778e6f7ce,QQQ,bearish,"crossed_below,fast_below_slow",17,2015-12-30T05:00:00+00:00,2015-12-30T05:00:00+00:00,1,evaluated,-0.008948366365314486,evaluated,-0.07087799951561757,evaluated,-0.07743426313887225
trend_crossover,1,f1126ca778e6f7ce,QQQ,neutral,relationship_unchanged,18,2015-12-31T05:00:00+00:00,2016-03-10T05:00:00+00:00,48,evaluated,0.00045685749796287034,evaluated,-0.04970301474365724,evaluated,-0.0460483638799567
trend_crossover,1,f1126ca778e6f7ce,QQQ,bullish,"crossed_above,fast_above_slow",19,2016-03-11T05:00:00+00:00,2016-03-11T05:00:00+00:00,1,evaluated,0.005467073721139748,evaluated,0.012065288461455381,evaluated,0.02365917827196684
trend_crossover,1,f1126ca778e6f7ce,QQQ,neutral,relationship_unchanged,20,2016-03-14T04:00:00+00:00,2016-05-11T04:00:00+00:00,42,evaluated,0.0031987612659900577,evaluated,0.014112334058516973,evaluated,0.03029448859693007
trend_crossover,1,f1126ca778e6f7ce,QQQ,bearish,"crossed_below,fast_below_slow",21,2016-05-12T04:00:00+00:00,2016-05-12T04:00:00+00:00,1,evaluated,-0.002835567515164006,evaluated,-0.004631431748866266,evaluated,0.029678632316412434
trend_crossover,1,f1126ca778e6f7ce,QQQ,neutral,relationship_unchanged,22,2016-05-13T04:00:00+00:00,2016-06-09T04:00:00+00:00,19,evaluated,0.01097857270973046,evaluated,0.0076660754355455385,evaluated,0.02243039026164073
trend_crossover,1,f1126ca778e6f7ce,QQQ,bullish,"crossed_above,fast_above_slow",23,2016-06-10T04:00:00+00:00,2016-06-10T04:00:00+00:00,1,evaluated,-0.0026772610445382483,evaluated,-0.01689440395319841,evaluated,0.024095278966994593
trend_crossover,1,f1126ca778e6f7ce,QQQ,neutral,relationship_unchanged,24,2016-06-13T04:00:00+00:00,2016-07-05T04:00:00+00:00,16,evaluated,0.002691673670664363,evaluated,-0.005383276528309611,evaluated,0.03480601516942339
trend_crossover,1,f1126ca778e6f7ce,QQQ,bearish,"crossed_below,fast_below_slow",25,2016-07-06T04:00:00+00:00,2016-07-06T04:00:00+00:00,1,evaluated,0.0020295315277334414,evaluated,0.026014756966133312,evaluated,0.06402209146053295
trend_crossover,1,f1126ca778e6f7ce,QQQ,neutral,relationship_unchanged,26,2016-07-07T04:00:00+00:00,2016-07-13T04:00:00+00:00,5,evaluated,0.010073316247774189,evaluated,0.025457934856985887,evaluated,0.05924909708348913
trend_crossover,1,f1126ca778e6f7ce,QQQ,bullish,"crossed_above,fast_above_slow",27,2016-07-14T04:00:00+00:00,2016-07-14T04:00:00+00:00,1,evaluated,-0.003920124914344347,evaluated,0.008374932816260117,evaluated,0.04347830520039353
trend_crossover,1,f1126ca778e6f7ce,QQQ,neutral,relationship_unchanged,28,2016-07-15T04:00:00+00:00,2016-11-03T04:00:00+00:00,79,evaluated,0.0059890779699278696,evaluated,0.01591131434339088,evaluated,0.04764453446679662
trend_crossover,1,f1126ca778e6f7ce,QQQ,bearish,"crossed_below,fast_below_slow",29,2016-11-04T04:00:00+00:00,2016-11-04T04:00:00+00:00,1,evaluated,0.007446537589913316,evaluated,0.002684260054744758,evaluated,0.00961122721346741
trend_crossover,1,f1126ca778e6f7ce,QQQ,neutral,relationship_unchanged,30,2016-11-07T05:00:00+00:00,2016-12-08T05:00:00+00:00,23,evaluated,0.007571171195061899,evaluated,-0.013765861286281877,evaluated,0.005592307301999222
trend_crossover,1,f1126ca778e6f7ce,QQQ,bullish,"crossed_above,fast_above_slow",31,2016-12-09T05:00:00+00:00,2016-12-09T05:00:00+00:00,1,evaluated,-8.407275891264554e-05,evaluated,0.005295429494442505,evaluated,0.03051187035531666
trend_crossover,1,f1126ca778e6f7ce,QQQ,neutral,relationship_unchanged,32,2016-12-12T05:00:00+00:00,2017-07-06T04:00:00+00:00,142,evaluated,0.009554135036575095,evaluated,0.006453206880956852,evaluated,0.030254782262693514
trend_crossover,1,f1126ca778e6f7ce,QQQ,bearish,"crossed_below,fast_below_slow",33,2017-07-07T04:00:00+00:00,2017-07-07T04:00:00+00:00,1,evaluated,0.005875934151105433,evaluated,0.03097561715351249,evaluated,0.04207462848143351
trend_crossover,1,f1126ca778e6f7ce,QQQ,neutral,relationship_unchanged,34,2017-07-10T04:00:00+00:00,2017-07-24T04:00:00+00:00,11,evaluated,0.004261131801834184,evaluated,0.026939156049928803,evaluated,0.04405597680875761
trend_crossover,1,f1126ca778e6f7ce,QQQ,bullish,"crossed_above,fast_above_slow",35,2017-07-25T04:00:00+00:00,2017-07-25T04:00:00+00:00,1,evaluated,0.0007598826645878187,evaluated,-0.008289561990730276,evaluated,-0.010776441128699243
trend_crossover,1,f1126ca778e6f7ce,QQQ,neutral,relationship_unchanged,36,2017-07-26T04:00:00+00:00,2018-04-04T04:00:00+00:00,174,evaluated,-0.012755455472005295,evaluated,-0.012824100137498573,evaluated,-0.021464852047724747
trend_crossover,1,f1126ca778e6f7ce,QQQ,bearish,"crossed_below,fast_below_slow",37,2018-04-05T04:00:00+00:00,2018-04-05T04:00:00+00:00,1,evaluated,-0.014161630984714346,evaluated,0.02095922538214201,evaluated,0.01837863846428678
trend_crossover,1,f1126ca778e6f7ce,QQQ,neutral,relationship_unchanged,38,2018-04-06T04:00:00+00:00,2018-05-14T04:00:00+00:00,27,evaluated,-0.0015824788375812249,evaluated,0.021458409174127446,evaluated,0.04361311290026437
trend_crossover,1,f1126ca778e6f7ce,QQQ,bullish,"crossed_above,fast_above_slow",39,2018-05-15T04:00:00+00:00,2018-05-15T04:00:00+00:00,1,evaluated,0.005294779041219,evaluated,0.0005354056746464941,evaluated,0.045987335086791425
trend_crossover,1,f1126ca778e6f7ce,QQQ,neutral,relationship_unchanged,40,2018-05-16T04:00:00+00:00,2018-10-11T04:00:00+00:00,104,evaluated,-0.000356301198475073,evaluated,0.007185739760395604,evaluated,0.05469449936011683
trend_crossover,1,f1126ca778e6f7ce,QQQ,bearish,"crossed_below,fast_below_slow",41,2018-10-12T04:00:00+00:00,2018-10-12T04:00:00+00:00,1,evaluated,-0.008635081123857025,evaluated,-0.003972151371468224,evaluated,-0.01260723249532536
trend_crossover,1,f1126ca778e6f7ce,QQQ,neutral,relationship_unchanged,42,2018-10-15T04:00:00+00:00,2019-01-29T05:00:00+00:00,72,evaluated,0.018388672966769937,evaluated,-0.0006321147434252827,evaluated,-0.04419033589590138
trend_crossover,1,f1126ca778e6f7ce,QQQ,bullish,"crossed_above,fast_above_slow",43,2019-01-30T05:00:00+00:00,2019-01-30T05:00:00+00:00,1,evaluated,0.008758288785815083,evaluated,0.022915461272652538,evaluated,0.03893224722241073
trend_crossover,1,f1126ca778e6f7ce,QQQ,neutral,relationship_unchanged,44,2019-01-31T05:00:00+00:00,2019-05-24T04:00:00+00:00,80,evaluated,0.0007171165712926975,evaluated,0.005378556664291878,evaluated,0.042192060487287186
trend_crossover,1,f1126ca778e6f7ce,QQQ,bearish,"crossed_below,fast_below_slow",45,2019-05-28T04:00:00+00:00,2019-05-28T04:00:00+00:00,1,evaluated,-0.002040935492926166,evaluated,-0.008390474134929438,evaluated,0.048415405157226754
trend_crossover,1,f1126ca778e6f7ce,QQQ,neutral,relationship_unchanged,46,2019-05-29T04:00:00+00:00,2019-06-28T04:00:00+00:00,23,evaluated,0.0015297692490705561,evaluated,-0.001643021451177451,evaluated,0.05263452286760795
trend_crossover,1,f1126ca778e6f7ce,QQQ,bullish,"crossed_above,fast_above_slow",47,2019-07-01T04:00:00+00:00,2019-07-01T04:00:00+00:00,1,evaluated,0.004281171097562542,evaluated,0.007716737512773797,evaluated,0.024207198229012628
trend_crossover,1,f1126ca778e6f7ce,QQQ,neutral,relationship_unchanged,48,2019-07-02T04:00:00+00:00,2019-08-16T04:00:00+00:00,33,evaluated,0.004987122268082844,evaluated,0.010866670196531425,evaluated,0.003202270947351371
trend_crossover,1,f1126ca778e6f7ce,QQQ,bearish,"crossed_below,fast_below_slow",49,2019-08-19T04:00:00+00:00,2019-08-19T04:00:00+00:00,1,evaluated,-0.005267107138760441,evaluated,-0.016705678216049846,evaluated,0.024686099297239972
trend_crossover,1,f1126ca778e6f7ce,QQQ,neutral,relationship_unchanged,50,2019-08-20T04:00:00+00:00,2019-09-19T04:00:00+00:00,22,evaluated,0.00010606156829551239,evaluated,-0.022162175499939485,evaluated,0.020730627482405062
trend_crossover,1,f1126ca778e6f7ce,QQQ,bullish,"crossed_above,fast_above_slow",51,2019-09-20T04:00:00+00:00,2019-09-20T04:00:00+00:00,1,evaluated,0.0007354454150008127,evaluated,-0.017493180397025077,evaluated,0.006986771521277024
trend_crossover,1,f1126ca778e6f7ce,QQQ,neutral,relationship_unchanged,52,2019-09-23T04:00:00+00:00,2020-03-09T04:00:00+00:00,116,evaluated,-0.01776659864783059,evaluated,-0.013377214944412352,evaluated,0.010555491059212052
trend_crossover,1,f1126ca778e6f7ce,QQQ,bearish,"crossed_below,fast_below_slow",53,2020-03-10T04:00:00+00:00,2020-03-10T04:00:00+00:00,1,evaluated,-0.020717355186174014,evaluated,-0.08633060540229243,evaluated,-0.014798154585956791
trend_crossover,1,f1126ca778e6f7ce,QQQ,neutral,relationship_unchanged,54,2020-03-11T04:00:00+00:00,2020-04-24T04:00:00+00:00,32,evaluated,-0.026195777415583876,evaluated,-0.030149872836438774,evaluated,0.10148833740452257
trend_crossover,1,f1126ca778e6f7ce,QQQ,bullish,"crossed_above,fast_above_slow",55,2020-04-27T04:00:00+00:00,2020-04-27T04:00:00+00:00,1,evaluated,-0.02678081689706513,evaluated,-0.009663197279312752,evaluated,0.053929622524027776
trend_crossover,1,f1126ca778e6f7ce,QQQ,neutral,relationship_unchanged,56,2020-04-28T04:00:00+00:00,2020-09-30T04:00:00+00:00,109,evaluated,0.01299781454674509,evaluated,0.0067995800180515875,evaluated,0.0652203648896672
trend_crossover,1,f1126ca778e6f7ce,QQQ,bearish,"crossed_below,fast_below_slow",57,2020-10-01T04:00:00+00:00,2020-10-01T04:00:00+00:00,1,evaluated,-0.006195172535107374,evaluated,0.019527624313362857,evaluated,0.0013405754999407105
trend_crossover,1,f1126ca778e6f7ce,QQQ,neutral,relationship_unchanged,58,2020-10-02T04:00:00+00:00,2020-10-15T04:00:00+00:00,10,evaluated,0.013823577385981833,evaluated,0.033907488026925,evaluated,-0.025186334035294355
trend_crossover,1,f1126ca778e6f7ce,QQQ,bullish,"crossed_above,fast_above_slow",59,2020-10-16T04:00:00+00:00,2020-10-16T04:00:00+00:00,1,evaluated,-0.02303006184828804,evaluated,-0.019794141599718262,evaluated,0.0015146905442464664
trend_crossover,1,f1126ca778e6f7ce,QQQ,neutral,relationship_unchanged,60,2020-10-19T04:00:00+00:00,2021-03-10T05:00:00+00:00,98,evaluated,-0.0005271081591624593,evaluated,-0.014373054445393163,evaluated,0.03036271690527559
trend_crossover,1,f1126ca778e6f7ce,QQQ,bearish,"crossed_below,fast_below_slow",61,2021-03-11T05:00:00+00:00,2021-03-11T05:00:00+00:00,1,evaluated,0.005097833996657419,evaluated,-0.005798690153515529,evaluated,0.07407761768024401
trend_crossover,1,f1126ca778e6f7ce,QQQ,neutral,relationship_unchanged,62,2021-03-12T05:00:00+00:00,2021-04-12T04:00:00+00:00,21,evaluated,0.00962658078180234,evaluated,-0.008391633125743425,evaluated,0.06611990347326735
trend_crossover,1,f1126ca778e6f7ce,QQQ,bullish,"crossed_above,fast_above_slow",63,2021-04-13T04:00:00+00:00,2021-04-13T04:00:00+00:00,1,evaluated,-0.012732862726053673,evaluated,-0.01302626481414182,evaluated,-0.04559192684949642
trend_crossover,1,f1126ca778e6f7ce,QQQ,neutral,relationship_unchanged,64,2021-04-14T04:00:00+00:00,2021-05-25T04:00:00+00:00,30,evaluated,0.006303897614411191,evaluated,-0.0005302167353050669,evaluated,-0.06651541076109835
trend_crossover,1,f1126ca778e6f7ce,QQQ,bearish,"crossed_below,fast_below_slow",65,2021-05-26T04:00:00+00:00,2021-05-26T04:00:00+00:00,1,evaluated,-0.0023676342288185825,evaluated,-0.010998930919901895,evaluated,0.048610904690169265
trend_crossover,1,f1126ca778e6f7ce,QQQ,neutral,relationship_unchanged,66,2021-05-27T04:00:00+00:00,2021-06-15T04:00:00+00:00,13,evaluated,-0.000568665282482117,evaluated,0.0044295792169188886,evaluated,0.045911638220006434
trend_crossover,1,f1126ca778e6f7ce,QQQ,bullish,"crossed_above,fast_above_slow",67,2021-06-16T04:00:00+00:00,2021-06-16T04:00:00+00:00,1,evaluated,0.015795496949454035,evaluated,0.022854925392748804,evaluated,0.06044647386293356
trend_crossover,1,f1126ca778e6f7ce,QQQ,neutral,relationship_unchanged,68,2021-06-17T04:00:00+00:00,2021-10-04T04:00:00+00:00,76,evaluated,-0.002910106759568376,evaluated,0.018217296733909594,evaluated,0.040654194983547276
trend_crossover,1,f1126ca778e6f7ce,QQQ,bearish,"crossed_below,fast_below_slow",69,2021-10-05T04:00:00+00:00,2021-10-05T04:00:00+00:00,1,evaluated,0.015787469124092457,evaluated,0.00864219439735936,evaluated,0.098762998607282
trend_crossover,1,f1126ca778e6f7ce,QQQ,neutral,relationship_unchanged,70,2021-10-06T04:00:00+00:00,2021-11-01T04:00:00+00:00,19,evaluated,0.00046861475593917845,evaluated,-0.007717717439854388,evaluated,0.0837376127480709
trend_crossover,1,f1126ca778e6f7ce,QQQ,bullish,"crossed_above,fast_above_slow",71,2021-11-02T04:00:00+00:00,2021-11-02T04:00:00+00:00,1,evaluated,0.009318457185375939,evaluated,0.014812013122989853,evaluated,-0.006237948278598582
trend_crossover,1,f1126ca778e6f7ce,QQQ,neutral,relationship_unchanged,72,2021-11-03T04:00:00+00:00,2022-01-06T05:00:00+00:00,45,evaluated,0.009480810510585247,evaluated,-0.012598867071303532,evaluated,-0.011584889467002979
trend_crossover,1,f1126ca778e6f7ce,QQQ,bearish,"crossed_below,fast_below_slow",73,2022-01-07T05:00:00+00:00,2022-01-07T05:00:00+00:00,1,evaluated,0.014113382220730664,evaluated,0.013846652633238143,evaluated,-0.05253188745704929
trend_crossover,1,f1126ca778e6f7ce,QQQ,neutral,relationship_unchanged,74,2022-01-10T05:00:00+00:00,2022-04-04T04:00:00+00:00,59,evaluated,0.01702873845977604,evaluated,-0.023223317953339984,evaluated,-0.053352991923009685
trend_crossover,1,f1126ca778e6f7ce,QQQ,bullish,"crossed_above,fast_above_slow",75,2022-04-05T04:00:00+00:00,2022-04-05T04:00:00+00:00,1,evaluated,-0.006720045471320879,evaluated,-0.04555034997179919,evaluated,-0.07324613592022411
trend_crossover,1,f1126ca778e6f7ce,QQQ,neutral,relationship_unchanged,76,2022-04-06T04:00:00+00:00,2022-04-27T04:00:00+00:00,15,evaluated,0.0052805357730763,evaluated,-0.016721508897783788,evaluated,-0.11140129264784882
trend_crossover,1,f1126ca778e6f7ce,QQQ,bearish,"crossed_below,fast_below_slow",77,2022-04-28T04:00:00+00:00,2022-04-28T04:00:00+00:00,1,evaluated,-0.032283014559627676,evaluated,-0.03305533457993126,evaluated,-0.07528583477216277
trend_crossover,1,f1126ca778e6f7ce,QQQ,neutral,relationship_unchanged,78,2022-04-29T04:00:00+00:00,2022-07-27T04:00:00+00:00,61,evaluated,0.018061006478217845,evaluated,-0.011443872793309162,evaluated,-0.011923346957943726
trend_crossover,1,f1126ca778e6f7ce,QQQ,bullish,"crossed_above,fast_above_slow",79,2022-07-28T04:00:00+00:00,2022-07-28T04:00:00+00:00,1,evaluated,0.013070351055526563,evaluated,0.041780335386589984,evaluated,0.02951273801828136
trend_crossover,1,f1126ca778e6f7ce,QQQ,neutral,relationship_unchanged,80,2022-07-29T04:00:00+00:00,2022-09-13T04:00:00+00:00,32,evaluated,0.005164977359196632,evaluated,0.02582498409417755,evaluated,-0.019799112309651923
trend_crossover,1,f1126ca778e6f7ce,QQQ,bearish,"crossed_below,fast_below_slow",81,2022-09-14T04:00:00+00:00,2022-09-14T04:00:00+00:00,1,evaluated,-0.01009964004057251,evaluated,-0.035739822164310264,evaluated,-0.10681131322406212
trend_crossover,1,f1126ca778e6f7ce,QQQ,neutral,relationship_unchanged,82,2022-09-15T04:00:00+00:00,2022-11-18T05:00:00+00:00,47,evaluated,0.005560983236227335,evaluated,-0.026588328458320265,evaluated,-0.06568884268141872
trend_crossover,1,f1126ca778e6f7ce,QQQ,bullish,"crossed_above,fast_above_slow",83,2022-11-21T05:00:00+00:00,2022-11-21T05:00:00+00:00,1,evaluated,0.011711001227872497,evaluated,-0.007323829666487702,evaluated,-0.04634873133519368
trend_crossover,1,f1126ca778e6f7ce,QQQ,neutral,relationship_unchanged,84,2022-11-22T05:00:00+00:00,2022-12-28T05:00:00+00:00,25,evaluated,0.009966101658740234,evaluated,0.025841815922349243,evaluated,-0.0437807775648793
trend_crossover,1,f1126ca778e6f7ce,QQQ,bearish,"crossed_below,fast_below_slow",85,2022-12-29T05:00:00+00:00,2022-12-29T05:00:00+00:00,1,evaluated,0.010090295544262107,evaluated,0.01964946806663348,evaluated,0.10109246032205421
trend_crossover,1,f1126ca778e6f7ce,QQQ,neutral,relationship_unchanged,86,2022-12-30T05:00:00+00:00,2023-01-30T05:00:00+00:00,20,evaluated,-0.015521991456895479,evaluated,0.007035230565334505,evaluated,0.0966685345643814
trend_crossover,1,f1126ca778e6f7ce,QQQ,bullish,"crossed_above,fast_above_slow",87,2023-01-31T05:00:00+00:00,2023-01-31T05:00:00+00:00,1,evaluated,0.022112053546578636,evaluated,0.0525457729977743,evaluated,-0.01090313309721025
trend_crossover,1,f1126ca778e6f7ce,QQQ,neutral,relationship_unchanged,88,2023-02-01T05:00:00+00:00,2023-08-22T04:00:00+00:00,140,evaluated,0.013492843247585373,evaluated,-0.010404175084789746,evaluated,-0.04538811210528915
trend_crossover,1,f1126ca778e6f7ce,QQQ,bearish,"crossed_below,fast_below_slow",89,2023-08-23T04:00:00+00:00,2023-08-23T04:00:00+00:00,1,evaluated,-0.030646234915239656,evaluated,0.011324523768887929,evaluated,-0.03966302253079024
trend_crossover,1,f1126ca778e6f7ce,QQQ,neutral,relationship_unchanged,90,2023-08-24T04:00:00+00:00,2023-11-16T05:00:00+00:00,60,evaluated,0.005385648217216099,evaluated,0.04396935009284153,evaluated,-0.011489500864357072
trend_crossover,1,f1126ca778e6f7ce,QQQ,bullish,"crossed_above,fast_above_slow",91,2023-11-17T05:00:00+00:00,2023-11-17T05:00:00+00:00,1,evaluated,0.012148692111658477,evaluated,0.008081921340297615,evaluated,0.054474807523047675
trend_crossover,1,f1126ca778e6f7ce,QQQ,neutral,relationship_unchanged,92,2023-11-20T05:00:00+00:00,2024-04-19T04:00:00+00:00,104,evaluated,-0.0013881610533549305,evaluated,0.0030333221412275346,evaluated,0.05179813729889515
trend_crossover,1,f1126ca778e6f7ce,QQQ,bearish,"crossed_below,fast_below_slow",93,2024-04-22T04:00:00+00:00,2024-04-22T04:00:00+00:00,1,evaluated,0.010219403528817672,evaluated,0.028471638422717715,evaluated,0.08113700011843816
trend_crossover,1,f1126ca778e6f7ce,QQQ,neutral,relationship_unchanged,94,2024-04-23T04:00:00+00:00,2024-05-20T04:00:00+00:00,20,evaluated,-0.003946759442382097,evaluated,-0.008430676707676499,evaluated,0.06445580289379604
trend_crossover,1,f1126ca778e6f7ce,QQQ,bullish,"crossed_above,fast_above_slow",95,2024-05-21T04:00:00+00:00,2024-05-21T04:00:00+00:00,1,evaluated,-0.000767456267572908,evaluated,0.0008332344096100286,evaluated,0.055716361439581696
trend_crossover,1,f1126ca778e6f7ce,QQQ,neutral,relationship_unchanged,96,2024-05-22T04:00:00+00:00,2024-08-05T04:00:00+00:00,51,evaluated,-0.014960339406102974,evaluated,-0.019541852651282166,evaluated,0.0426229625515413
trend_crossover,1,f1126ca778e6f7ce,QQQ,bearish,"crossed_below,fast_below_slow",97,2024-08-06T04:00:00+00:00,2024-08-06T04:00:00+00:00,1,evaluated,-0.026249191419836726,evaluated,0.03603663394434564,evaluated,0.03162443823158401
trend_crossover,1,f1126ca778e6f7ce,QQQ,neutral,relationship_unchanged,98,2024-08-07T04:00:00+00:00,2024-09-13T04:00:00+00:00,27,evaluated,0.015893551454286614,evaluated,0.049131668135139694,evaluated,0.04529998434889526
trend_crossover,1,f1126ca778e6f7ce,QQQ,bullish,"crossed_above,fast_above_slow",99,2024-09-16T04:00:00+00:00,2024-09-16T04:00:00+00:00,1,evaluated,-0.005878809675434971,evaluated,0.014172037789794034,evaluated,0.044531674136678134
trend_crossover,1,f1126ca778e6f7ce,QQQ,neutral,relationship_unchanged,100,2024-09-17T04:00:00+00:00,2024-12-31T05:00:00+00:00,74,evaluated,-0.006867515655767931,evaluated,0.02247731753902449,evaluated,0.034021473522610535
trend_alignment,1,650add07184f8440,IWM,bullish,fast_above_slow,0,2015-01-02T05:00:00+00:00,2015-01-28T05:00:00+00:00,18,evaluated,-0.007527759399245326,evaluated,-0.005582370323688801,evaluated,-0.012433402511756952
trend_alignment,1,650add07184f8440,IWM,neutral,trend_margin_below_threshold,1,2015-01-29T05:00:00+00:00,2015-01-30T05:00:00+00:00,2,evaluated,-0.015151569269906351,evaluated,0.020939726031489414,evaluated,0.04341163030635964
trend_alignment,1,650add07184f8440,IWM,bearish,fast_below_slow,2,2015-02-02T05:00:00+00:00,2015-02-03T05:00:00+00:00,2,evaluated,0.01295488467864403,evaluated,0.013040132578366004,evaluated,0.04610922993510891
trend_alignment,1,650add07184f8440,IWM,neutral,trend_margin_below_threshold,3,2015-02-04T05:00:00+00:00,2015-02-09T05:00:00+00:00,4,evaluated,0.009851021566128493,evaluated,0.005725354251034931,evaluated,0.033257596104068865
trend_alignment,1,650add07184f8440,IWM,bullish,fast_above_slow,4,2015-02-10T05:00:00+00:00,2015-05-11T04:00:00+00:00,63,evaluated,0.0006701365487105093,evaluated,0.02236741314829005,evaluated,0.013990099107986653
trend_alignment,1,650add07184f8440,IWM,neutral,trend_margin_below_threshold,5,2015-05-12T04:00:00+00:00,2015-05-12T04:00:00+00:00,1,evaluated,-0.0021994482548257643,evaluated,0.01726942880658222,evaluated,0.02631146685672614
trend_alignment,1,650add07184f8440,IWM,bearish,fast_below_slow,6,2015-05-13T04:00:00+00:00,2015-06-04T04:00:00+00:00,16,evaluated,0.005768598260562641,evaluated,0.016493327503223076,evaluated,0.026243058819358067
trend_alignment,1,650add07184f8440,IWM,neutral,trend_margin_below_threshold,7,2015-06-05T04:00:00+00:00,2015-06-09T04:00:00+00:00,3,evaluated,-0.0036717679514272072,evaluated,0.005188390263508813,evaluated,-0.012292472306296376
trend_alignment,1,650add07184f8440,IWM,bullish,fast_above_slow,8,2015-06-10T04:00:00+00:00,2015-07-21T04:00:00+00:00,29,evaluated,0.0011096091914100104,evaluated,0.0004755899885797721,evaluated,-0.029642529270402007
trend_alignment,1,650add07184f8440,IWM,neutral,trend_margin_below_threshold,9,2015-07-22T04:00:00+00:00,2015-07-22T04:00:00+00:00,1,evaluated,-0.011360894417271838,evaluated,-0.024401915949207154,evaluated,-0.04464352585830078
trend_alignment,1,650add07184f8440,IWM,bearish,fast_below_slow,10,2015-07-23T04:00:00+00:00,2015-10-27T04:00:00+00:00,68,evaluated,-0.015387119162822871,evaluated,-0.009637207718292684,evaluated,-0.05741823594538342
trend_alignment,1,650add07184f8440,IWM,bullish,fast_above_slow,11,2015-10-28T04:00:00+00:00,2015-12-17T05:00:00+00:00,36,evaluated,-0.007452416764670011,evaluated,0.013277394895677475,evaluated,0.020815490402967818
trend_alignment,1,650add07184f8440,IWM,neutral,trend_margin_below_threshold,12,2015-12-18T05:00:00+00:00,2015-12-18T05:00:00+00:00,1,evaluated,0.0013372695758895325,evaluated,0.016047098877961297,evaluated,-0.11580634818416058
trend_alignment,1,650add07184f8440,IWM,bearish,fast_below_slow,13,2015-12-21T05:00:00+00:00,2016-03-09T05:00:00+00:00,54,evaluated,0.006303258951703361,evaluated,0.02272725117600638,evaluated,-0.12153766437843527
trend_alignment,1,650add07184f8440,IWM,neutral,trend_margin_below_threshold,14,2016-03-10T05:00:00+00:00,2016-03-10T05:00:00+00:00,1,evaluated,0.013203446208696734,evaluated,0.017230043282292717,evaluated,0.021724877562828926
trend_alignment,1,650add07184f8440,IWM,bullish,fast_above_slow,15,2016-03-11T05:00:00+00:00,2016-10-17T04:00:00+00:00,153,evaluated,0.0004634784563855021,evaluated,0.016130507272325678,evaluated,0.008343319491691537
trend_alignment,1,650add07184f8440,IWM,neutral,trend_margin_below_threshold,16,2016-10-18T04:00:00+00:00,2016-10-19T04:00:00+00:00,2,evaluated,0.002640915240240016,evaluated,-0.0019806706890834747,evaluated,0.06915907410618582
trend_alignment,1,650add07184f8440,IWM,bearish,fast_below_slow,17,2016-10-20T04:00:00+00:00,2016-11-18T05:00:00+00:00,22,evaluated,0.006735386198282178,evaluated,-0.015799114353304167,evaluated,0.08348578693815445
trend_alignment,1,650add07184f8440,IWM,neutral,trend_margin_below_threshold,18,2016-11-21T05:00:00+00:00,2016-11-21T05:00:00+00:00,1,evaluated,0.005146896455507477,evaluated,0.001059638168501742,evaluated,0.04420232979496963
trend_alignment,1,650add07184f8440,IWM,bullish,fast_above_slow,19,2016-11-22T05:00:00+00:00,2017-02-03T05:00:00+00:00,50,evaluated,0.00868062494233901,evaluated,-0.006566992340313438,evaluated,0.034571270974932844
trend_alignment,1,650add07184f8440,IWM,neutral,trend_margin_below_threshold,20,2017-02-06T05:00:00+00:00,2017-02-15T05:00:00+00:00,8,evaluated,-0.0042703710777319825,evaluated,0.018259428609947115,evaluated,0.007215400343777656
trend_alignment,1,650add07184f8440,IWM,bullish,fast_above_slow,21,2017-02-16T05:00:00+00:00,2017-03-24T04:00:00+00:00,26,evaluated,0.004767090477843183,evaluated,0.0014445428143776695,evaluated,7.229877822778619e-05
trend_alignment,1,650add07184f8440,IWM,neutral,trend_margin_below_threshold,22,2017-03-27T04:00:00+00:00,2017-03-27T04:00:00+00:00,1,evaluated,0.011245118562428491,evaluated,0.013032469585260387,evaluated,0.044608322517259325
trend_alignment,1,650add07184f8440,IWM,bearish,fast_below_slow,23,2017-03-28T04:00:00+00:00,2017-04-28T04:00:00+00:00,23,evaluated,0.003905665373736378,evaluated,0.0012527499835548461,evaluated,0.03898311469335969
trend_alignment,1,650add07184f8440,IWM,neutral,trend_margin_below_threshold,24,2017-05-01T04:00:00+00:00,2017-05-02T04:00:00+00:00,2,evaluated,-0.005929431750164027,evaluated,-0.01121583164272677,evaluated,-0.0251463717753162
trend_alignment,1,650add07184f8440,IWM,bullish,fast_above_slow,25,2017-05-03T04:00:00+00:00,2017-08-11T04:00:00+00:00,71,evaluated,-0.0031039679460785896,evaluated,0.004908741359723079,evaluated,0.0030318210686945957
trend_alignment,1,650add07184f8440,IWM,neutral,trend_margin_below_threshold,26,2017-08-14T04:00:00+00:00,2017-08-15T04:00:00+00:00,2,evaluated,-0.010086521069825771,evaluated,-0.02860231364132415,evaluated,0.019740563214204476
trend_alignment,1,650add07184f8440,IWM,bearish,fast_below_slow,27,2017-08-16T04:00:00+00:00,2017-09-19T04:00:00+00:00,24,evaluated,-0.014965711167310713,evaluated,-0.006643221139605915,evaluated,0.03540667436698253
trend_alignment,1,650add07184f8440,IWM,neutral,trend_margin_below_threshold,28,2017-09-20T04:00:00+00:00,2017-09-20T04:00:00+00:00,1,evaluated,-0.002291361069746811,evaluated,0.023746688428610607,evaluated,0.03818913926425771
trend_alignment,1,650add07184f8440,IWM,bullish,fast_above_slow,29,2017-09-21T04:00:00+00:00,2018-02-15T05:00:00+00:00,102,evaluated,0.004385083112979915,evaluated,0.028955270516656695,evaluated,0.039117388381802565
trend_alignment,1,650add07184f8440,IWM,neutral,trend_margin_below_threshold,30,2018-02-16T05:00:00+00:00,2018-02-16T05:00:00+00:00,1,evaluated,-0.0030809650036104363,evaluated,0.01599477150176387,evaluated,0.024450971176143144
trend_alignment,1,650add07184f8440,IWM,bearish,fast_below_slow,31,2018-02-20T05:00:00+00:00,2018-03-14T04:00:00+00:00,17,evaluated,-0.0011808993435477033,evaluated,0.002230654389024256,evaluated,0.025062376132458652
trend_alignment,1,650add07184f8440,IWM,neutral,trend_margin_below_threshold,32,2018-03-15T04:00:00+00:00,2018-03-16T04:00:00+00:00,2,evaluated,0.005223642161654718,evaluated,-0.02312389936819592,evaluated,-0.01930181463729852
trend_alignment,1,650add07184f8440,IWM,bullish,fast_above_slow,33,2018-03-19T04:00:00+00:00,2018-04-10T04:00:00+00:00,16,evaluated,-0.002744575737580357,evaluated,-0.02131867222139705,evaluated,0.002489304871427178
trend_alignment,1,650add07184f8440,IWM,neutral,trend_margin_below_threshold,34,2018-04-11T04:00:00+00:00,2018-04-16T04:00:00+00:00,4,evaluated,0.002136902458756973,evaluated,0.019750069263819503,evaluated,0.027520560782015258
trend_alignment,1,650add07184f8440,IWM,bearish,fast_below_slow,35,2018-04-17T04:00:00+00:00,2018-04-27T04:00:00+00:00,9,evaluated,-0.00025399024782069013,evaluated,-0.019616629716025957,evaluated,0.011046154057775093
trend_alignment,1,650add07184f8440,IWM,neutral,trend_margin_below_threshold,36,2018-04-30T04:00:00+00:00,2018-04-30T04:00:00+00:00,1,evaluated,0.006927735804444168,evaluated,0.026403559832435475,evaluated,0.05561734573648924
trend_alignment,1,650add07184f8440,IWM,bullish,fast_above_slow,37,2018-05-01T04:00:00+00:00,2018-08-14T04:00:00+00:00,74,evaluated,0.005657400989033112,evaluated,0.026336344673602907,evaluated,0.06697882126101629
trend_alignment,1,650add07184f8440,IWM,neutral,trend_margin_below_threshold,38,2018-08-15T04:00:00+00:00,2018-08-22T04:00:00+00:00,6,evaluated,0.0046146725976528025,evaluated,0.025889919990577326,evaluated,0.022773600850161335
trend_alignment,1,650add07184f8440,IWM,bullish,fast_above_slow,39,2018-08-23T04:00:00+00:00,2018-10-03T04:00:00+00:00,29,evaluated,0.0025708586450337023,evaluated,0.007069861273842903,evaluated,-0.004382121102812442
trend_alignment,1,650add07184f8440,IWM,neutral,trend_margin_below_threshold,40,2018-10-04T04:00:00+00:00,2018-10-04T04:00:00+00:00,1,evaluated,-0.009709901300095414,evaluated,-0.06216789420324431,evaluated,-0.0626564550035782
trend_alignment,1,650add07184f8440,IWM,bearish,fast_below_slow,41,2018-10-05T04:00:00+00:00,2019-01-29T05:00:00+00:00,78,evaluated,0.00030909965035053055,evaluated,-0.05050378904104502,evaluated,-0.0480311804861816
trend_alignment,1,650add07184f8440,IWM,bullish,fast_above_slow,42,2019-01-30T05:00:00+00:00,2019-04-11T04:00:00+00:00,51,evaluated,0.009823161996115548,evaluated,0.02249164725765107,evaluated,0.06212314972582034
trend_alignment,1,650add07184f8440,IWM,neutral,trend_margin_below_threshold,43,2019-04-12T04:00:00+00:00,2019-04-18T04:00:00+00:00,5,evaluated,-0.004938263971935752,evaluated,-0.01722064750399732,evaluated,-0.04001261277327317
trend_alignment,1,650add07184f8440,IWM,bullish,fast_above_slow,44,2019-04-22T04:00:00+00:00,2019-05-23T04:00:00+00:00,24,evaluated,0.01415982671153393,evaluated,0.02355669548260475,evaluated,-0.023106110901161325
trend_alignment,1,650add07184f8440,IWM,neutral,trend_margin_below_threshold,45,2019-05-24T04:00:00+00:00,2019-05-24T04:00:00+00:00,1,evaluated,-0.009403338988142496,evaluated,-0.030726439033400443,evaluated,0.007085672227941986
trend_alignment,1,650add07184f8440,IWM,bearish,fast_below_slow,46,2019-05-28T04:00:00+00:00,2019-07-03T04:00:00+00:00,27,evaluated,-0.0033593120955534017,evaluated,0.008868633140934223,evaluated,0.01552000547856558
trend_alignment,1,650add07184f8440,IWM,neutral,trend_margin_below_threshold,47,2019-07-05T04:00:00+00:00,2019-07-08T04:00:00+00:00,2,evaluated,-0.006529698666035477,evaluated,-0.0006402029269405585,evaluated,-0.023237979174161705
trend_alignment,1,650add07184f8440,IWM,bullish,fast_above_slow,48,2019-07-09T04:00:00+00:00,2019-08-12T04:00:00+00:00,25,evaluated,-0.0033930780387434467,evaluated,-0.006145912124417174,evaluated,-0.043789990214641916
trend_alignment,1,650add07184f8440,IWM,neutral,trend_margin_below_threshold,49,2019-08-13T04:00:00+00:00,2019-08-13T04:00:00+00:00,1,evaluated,-0.012706925737086205,evaluated,0.008110827799895137,evaluated,0.06116933584610895
trend_alignment,1,650add07184f8440,IWM,bearish,fast_below_slow,50,2019-08-14T04:00:00+00:00,2019-09-20T04:00:00+00:00,27,evaluated,-0.00770692716992849,evaluated,0.02564459071642844,evaluated,0.0710680569905695
trend_alignment,1,650add07184f8440,IWM,neutral,trend_margin_below_threshold,51,2019-09-23T04:00:00+00:00,2019-09-23T04:00:00+00:00,1,evaluated,-0.017531429762851936,evaluated,-0.02455686566855919,evaluated,-0.007154370957256684
trend_alignment,1,650add07184f8440,IWM,bullish,fast_above_slow,52,2019-09-24T04:00:00+00:00,2019-10-15T04:00:00+00:00,16,evaluated,0.0119517161728937,evaluated,-0.02567640985981512,evaluated,0.01267407374600471
trend_alignment,1,650add07184f8440,IWM,neutral,trend_margin_below_threshold,53,2019-10-16T04:00:00+00:00,2019-10-17T04:00:00+00:00,2,evaluated,0.00689476064119976,evaluated,0.013855149408189549,evaluated,0.03847922298703765
trend_alignment,1,650add07184f8440,IWM,bearish,fast_below_slow,54,2019-10-18T04:00:00+00:00,2019-10-29T04:00:00+00:00,8,evaluated,-0.0008432566929787999,evaluated,0.0053836793209605105,evaluated,0.030810145011448853
trend_alignment,1,650add07184f8440,IWM,neutral,trend_margin_below_threshold,55,2019-10-30T04:00:00+00:00,2019-10-30T04:00:00+00:00,1,evaluated,-0.0041640559247793085,evaluated,0.013645032291740966,evaluated,0.04311335979753994
trend_alignment,1,650add07184f8440,IWM,bullish,fast_above_slow,56,2019-10-31T04:00:00+00:00,2020-02-20T05:00:00+00:00,76,evaluated,0.010869643691651554,evaluated,0.014386189819733497,evaluated,0.034335106045661146
trend_alignment,1,650add07184f8440,IWM,neutral,trend_margin_below_threshold,57,2020-02-21T05:00:00+00:00,2020-02-24T05:00:00+00:00,2,evaluated,0.0012974589958931748,evaluated,-0.09594710688703456,evaluated,-0.3735326755003485
trend_alignment,1,650add07184f8440,IWM,bearish,fast_below_slow,58,2020-02-25T05:00:00+00:00,2020-05-05T04:00:00+00:00,50,evaluated,-0.01623688635598064,evaluated,-0.057943367887211106,evaluated,-0.30569882969316575
trend_alignment,1,650add07184f8440,IWM,bullish,fast_above_slow,59,2020-05-06T04:00:00+00:00,2020-09-23T04:00:00+00:00,98,evaluated,0.00039251944420581886,evaluated,-0.036659064222625215,evaluated,0.13501842397873376
trend_alignment,1,650add07184f8440,IWM,neutral,trend_margin_below_threshold,60,2020-09-24T04:00:00+00:00,2020-09-24T04:00:00+00:00,1,evaluated,0.020705529630176578,evaluated,0.060931330769777414,evaluated,0.1302983974016656
trend_alignment,1,650add07184f8440,IWM,bearish,fast_below_slow,61,2020-09-25T04:00:00+00:00,2020-10-15T04:00:00+00:00,15,evaluated,0.011120908603995172,evaluated,0.03019485835252378,evaluated,0.09907671827730868
trend_alignment,1,650add07184f8440,IWM,neutral,trend_margin_below_threshold,62,2020-10-16T04:00:00+00:00,2020-10-16T04:00:00+00:00,1,evaluated,-0.01516454535030387,evaluated,0.0011665179009723303,evaluated,0.06520134331300076
trend_alignment,1,650add07184f8440,IWM,bullish,fast_above_slow,63,2020-10-19T04:00:00+00:00,2021-04-12T04:00:00+00:00,120,evaluated,-0.004951739687094725,evaluated,-0.01244116450365107,evaluated,0.09946773685974186
trend_alignment,1,650add07184f8440,IWM,bearish,fast_below_slow,64,2021-04-13T04:00:00+00:00,2021-04-26T04:00:00+00:00,10,evaluated,0.006535413705964999,evaluated,-0.02109340054435649,evaluated,-0.013115736545553647
trend_alignment,1,650add07184f8440,IWM,neutral,trend_margin_below_threshold,65,2021-04-27T04:00:00+00:00,2021-04-27T04:00:00+00:00,1,evaluated,0.0033321400418038216,evaluated,-0.021001440312465314,evaluated,-0.038670673682087986
trend_alignment,1,650add07184f8440,IWM,bullish,fast_above_slow,66,2021-04-28T04:00:00+00:00,2021-05-12T04:00:00+00:00,11,evaluated,-0.01238899950069361,evaluated,-0.03660390722815132,evaluated,-0.03248862812088005
trend_alignment,1,650add07184f8440,IWM,neutral,trend_margin_below_threshold,67,2021-05-13T04:00:00+00:00,2021-05-13T04:00:00+00:00,1,evaluated,0.014132338242414999,evaluated,0.006699052210346945,evaluated,0.06313661720057717
trend_alignment,1,650add07184f8440,IWM,bearish,fast_below_slow,68,2021-05-14T04:00:00+00:00,2021-06-08T04:00:00+00:00,17,evaluated,0.007007045925359057,evaluated,0.0008645119777119792,evaluated,0.051142076420026106
trend_alignment,1,650add07184f8440,IWM,neutral,trend_margin_below_threshold,69,2021-06-09T04:00:00+00:00,2021-06-09T04:00:00+00:00,1,evaluated,-0.010359090004992355,evaluated,-0.0078124897091425005,evaluated,-0.043076640379151376
trend_alignment,1,650add07184f8440,IWM,bullish,fast_above_slow,70,2021-06-10T04:00:00+00:00,2021-07-20T04:00:00+00:00,28,evaluated,0.006079000772612808,evaluated,-0.013069951045326378,evaluated,-0.01702126841945517
trend_alignment,1,650add07184f8440,IWM,neutral,trend_margin_below_threshold,71,2021-07-21T04:00:00+00:00,2021-07-21T04:00:00+00:00,1,evaluated,-0.013274946607673588,evaluated,-0.002934907178858248,evaluated,-0.03142640843231537
trend_alignment,1,650add07184f8440,IWM,bearish,fast_below_slow,72,2021-07-22T04:00:00+00:00,2021-09-03T04:00:00+00:00,32,evaluated,-0.0014553694116340443,evaluated,0.01205261842963612,evaluated,-0.03606673421516515
trend_alignment,1,650add07184f8440,IWM,neutral,trend_margin_below_threshold,73,2021-09-07T04:00:00+00:00,2021-09-09T04:00:00+00:00,3,evaluated,-0.007490813513737038,evaluated,-0.02468865435552503,evaluated,-0.02034482658336567
trend_alignment,1,650add07184f8440,IWM,bullish,fast_above_slow,74,2021-09-10T04:00:00+00:00,2021-10-04T04:00:00+00:00,17,evaluated,-0.0014784365446380843,evaluated,-0.0032705119142079075,evaluated,-0.00730256186454048
trend_alignment,1,650add07184f8440,IWM,neutral,trend_margin_below_threshold,75,2021-10-05T04:00:00+00:00,2021-10-05T04:00:00+00:00,1,evaluated,0.005074056675005378,evaluated,0.012616611057460814,evaluated,0.07172244850699139
trend_alignment,1,650add07184f8440,IWM,bearish,fast_below_slow,76,2021-10-06T04:00:00+00:00,2021-10-15T04:00:00+00:00,8,evaluated,0.007809306807529115,evaluated,0.004694662351160783,evaluated,0.07723559204005448
trend_alignment,1,650add07184f8440,IWM,neutral,trend_margin_below_threshold,77,2021-10-18T04:00:00+00:00,2021-10-18T04:00:00+00:00,1,evaluated,-0.00048677145070918915,evaluated,0.015886413242560238,evaluated,0.05562442500164577
trend_alignment,1,650add07184f8440,IWM,bullish,fast_above_slow,78,2021-10-19T04:00:00+00:00,2021-12-08T05:00:00+00:00,36,evaluated,0.006195485634914011,evaluated,0.008275413139291476,evaluated,0.05761828650761647
trend_alignment,1,650add07184f8440,IWM,neutral,trend_margin_below_threshold,79,2021-12-09T05:00:00+00:00,2021-12-09T05:00:00+00:00,1,evaluated,-0.010306000529181958,evaluated,-0.04059407919146818,evaluated,-0.0275877124582109
trend_alignment,1,650add07184f8440,IWM,bearish,fast_below_slow,80,2021-12-10T05:00:00+00:00,2022-03-24T04:00:00+00:00,72,evaluated,-0.01076059393783313,evaluated,-0.014881633816031137,evaluated,-0.014057383918721689
trend_alignment,1,650add07184f8440,IWM,neutral,trend_margin_below_threshold,81,2022-03-25T04:00:00+00:00,2022-03-25T04:00:00+00:00,1,evaluated,0.0028696319084424715,evaluated,0.009581717715082538,evaluated,-0.057149803750901174
trend_alignment,1,650add07184f8440,IWM,bullish,fast_above_slow,82,2022-03-28T04:00:00+00:00,2022-04-22T04:00:00+00:00,19,evaluated,0.017836570739746094,evaluated,-0.00043267470139718434,evaluated,-0.0974038197444036
trend_alignment,1,650add07184f8440,IWM,neutral,trend_margin_below_threshold,83,2022-04-25T04:00:00+00:00,2022-04-25T04:00:00+00:00,1,evaluated,-0.023814484487480247,evaluated,-0.028234233193514036,evaluated,-0.07336730487205367
trend_alignment,1,650add07184f8440,IWM,bearish,fast_below_slow,84,2022-04-26T04:00:00+00:00,2022-07-29T04:00:00+00:00,66,evaluated,-0.0037831910374879207,evaluated,0.004369410839342391,evaluated,-0.06447482795749715
trend_alignment,1,650add07184f8440,IWM,bullish,fast_above_slow,85,2022-08-01T04:00:00+00:00,2022-09-16T04:00:00+00:00,34,evaluated,0.002842273694574571,evaluated,0.034053767694246284,evaluated,0.0041293734510656765
trend_alignment,1,650add07184f8440,IWM,bearish,fast_below_slow,86,2022-09-19T04:00:00+00:00,2022-11-07T05:00:00+00:00,36,evaluated,-0.003971621060013364,evaluated,-0.08166921605743183,evaluated,-0.037142693018726525
trend_alignment,1,650add07184f8440,IWM,neutral,trend_margin_below_threshold,87,2022-11-08T05:00:00+00:00,2022-11-08T05:00:00+00:00,1,evaluated,-0.018932556838131998,evaluated,0.05365170253796525,evaluated,0.008651647674903451
trend_alignment,1,650add07184f8440,IWM,bullish,fast_above_slow,88,2022-11-09T05:00:00+00:00,2022-12-22T05:00:00+00:00,31,evaluated,0.019411595605267618,evaluated,0.013197656397757829,evaluated,-0.0055540815602176385
trend_alignment,1,650add07184f8440,IWM,neutral,trend_margin_below_threshold,89,2022-12-23T05:00:00+00:00,2022-12-23T05:00:00+00:00,1,evaluated,-0.0065381933107240275,evaluated,-0.005505888452091434,evaluated,0.07507453711899958
trend_alignment,1,650add07184f8440,IWM,bearish,fast_below_slow,90,2022-12-27T05:00:00+00:00,2023-01-25T05:00:00+00:00,20,evaluated,-0.015301963324629297,evaluated,0.0137429552111612,evaluated,0.08880936328254818
trend_alignment,1,650add07184f8440,IWM,neutral,trend_margin_below_threshold,91,2023-01-26T05:00:00+00:00,2023-01-26T05:00:00+00:00,1,evaluated,0.008511576443669622,evaluated,0.05500591462756832,evaluated,-0.0025002725363626466
trend_alignment,1,650add07184f8440,IWM,bullish,fast_above_slow,92,2023-01-27T05:00:00+00:00,2023-03-14T04:00:00+00:00,32,evaluated,-0.0047912793549327315,evaluated,0.04871171919538475,evaluated,0.0017568240922507528
trend_alignment,1,650add07184f8440,IWM,bearish,fast_below_slow,93,2023-03-15T04:00:00+00:00,2023-06-01T04:00:00+00:00,55,evaluated,0.026301944799259847,evaluated,0.0009914163861612924,evaluated,0.03907387240067983
trend_alignment,1,650add07184f8440,IWM,neutral,trend_margin_below_threshold,94,2023-06-02T04:00:00+00:00,2023-06-02T04:00:00+00:00,1,evaluated,-0.009268414027883476,evaluated,0.020798876678321587,evaluated,0.03525322510923634
trend_alignment,1,650add07184f8440,IWM,bullish,fast_above_slow,95,2023-06-05T04:00:00+00:00,2023-08-25T04:00:00+00:00,58,evaluated,0.0300676527303112,evaluated,0.03839496259537056,evaluated,0.038283163158273625
trend_alignment,1,650add07184f8440,IWM,bearish,fast_below_slow,96,2023-08-28T04:00:00+00:00,2023-11-24T05:00:00+00:00,63,evaluated,0.014498235090791622,evaluated,0.0069527249735990004,evaluated,-0.06025651115843189
trend_alignment,1,650add07184f8440,IWM,neutral,trend_margin_below_threshold,97,2023-11-27T05:00:00+00:00,2023-11-27T05:00:00+00:00,1,evaluated,-0.0028563974063733344,evaluated,0.046709583843989266,evaluated,0.1430971863066921
trend_alignment,1,650add07184f8440,IWM,bullish,fast_above_slow,98,2023-11-28T05:00:00+00:00,2024-04-18T04:00:00+00:00,98,evaluated,-0.003174643912729036,evaluated,0.02695625873364893,evaluated,0.14074076214399445
trend_alignment,1,650add07184f8440,IWM,neutral,trend_margin_below_threshold,99,2024-04-19T04:00:00+00:00,2024-04-19T04:00:00+00:00,1,evaluated,0.005612462284173336,evaluated,0.021368589429063833,evaluated,0.07141751010606989
trend_alignment,1,650add07184f8440,IWM,bearish,fast_below_slow,100,2024-04-22T04:00:00+00:00,2024-05-17T04:00:00+00:00,20,evaluated,0.016951822751725576,evaluated,0.024070533336344457,evaluated,0.06801187725544033
trend_alignment,1,650add07184f8440,IWM,neutral,trend_margin_below_threshold,101,2024-05-20T04:00:00+00:00,2024-05-20T04:00:00+00:00,1,evaluated,0.0024539022390546172,evaluated,-0.012847029521347753,evaluated,-0.03406631270113747
trend_alignment,1,650add07184f8440,IWM,bullish,fast_above_slow,102,2024-05-21T04:00:00+00:00,2024-06-25T04:00:00+00:00,24,evaluated,-0.004577636745675906,evaluated,-0.02602030515225484,evaluated,-0.03676579254899348
trend_alignment,1,650add07184f8440,IWM,neutral,trend_margin_below_threshold,103,2024-06-26T04:00:00+00:00,2024-06-27T04:00:00+00:00,2,evaluated,0.007127511543532528,evaluated,0.0059811439916133136,evaluated,0.09938694091670475
trend_alignment,1,650add07184f8440,IWM,bearish,fast_below_slow,104,2024-06-28T04:00:00+00:00,2024-07-15T04:00:00+00:00,11,evaluated,-0.011448515045898944,evaluated,-0.006092794158475079,evaluated,0.08947519198505738
trend_alignment,1,650add07184f8440,IWM,neutral,trend_margin_below_threshold,105,2024-07-16T04:00:00+00:00,2024-07-16T04:00:00+00:00,1,evaluated,-0.0004946960336824624,evaluated,0.0012142663775849272,evaluated,-0.06471487385388386
trend_alignment,1,650add07184f8440,IWM,bullish,fast_above_slow,106,2024-07-17T04:00:00+00:00,2024-08-28T04:00:00+00:00,31,evaluated,-0.015627147177809775,evaluated,-0.016078756604090083,evaluated,-0.06652820894582245
trend_alignment,1,650add07184f8440,IWM,neutral,trend_margin_below_threshold,107,2024-08-29T04:00:00+00:00,2024-08-29T04:00:00+00:00,1,evaluated,0.0016840157747997075,evaluated,-0.053752730674498705,evaluated,0.002821879287432383
trend_alignment,1,650add07184f8440,IWM,bullish,fast_above_slow,108,2024-08-30T04:00:00+00:00,2024-12-30T05:00:00+00:00,84,evaluated,-0.02191353171181043,evaluated,-0.044239714570481814,evaluated,0.012652979622490346
trend_alignment,1,650add07184f8440,IWM,neutral,trend_margin_below_threshold,109,2024-12-31T05:00:00+00:00,2024-12-31T05:00:00+00:00,1,evaluated,-0.008029396424625967,evaluated,-0.005472507073950972,evaluated,0.015924295376983144
momentum_in_trend_context,1,6589cb8021b76574,IWM,neutral,momentum_midrange,0,2015-01-02T05:00:00+00:00,2015-01-23T05:00:00+00:00,15,evaluated,-0.007527759399245326,evaluated,-0.005582370323688801,evaluated,-0.012433402511756952
momentum_in_trend_context,1,6589cb8021b76574,IWM,bullish,"fast_above_slow,momentum_elevated,momentum_confirms_trend",1,2015-01-26T05:00:00+00:00,2015-01-26T05:00:00+00:00,1,evaluated,0.007042269020502534,evaluated,-0.009333094081322102,evaluated,0.04072631110555269
momentum_in_trend_context,1,6589cb8021b76574,IWM,neutral,momentum_midrange,2,2015-01-27T05:00:00+00:00,2015-01-29T05:00:00+00:00,3,evaluated,-0.02089274926492335,evaluated,-0.002768936316577264,evaluated,0.03037424683094936
momentum_in_trend_context,1,6589cb8021b76574,IWM,bearish,"fast_below_slow,momentum_depressed,momentum_confirms_trend",3,2015-01-30T05:00:00+00:00,2015-01-30T05:00:00+00:00,1,evaluated,0.005511534399849749,evaluated,0.031777426151674115,evaluated,0.06329657509707087
momentum_in_trend_context,1,6589cb8021b76574,IWM,neutral,momentum_midrange,4,2015-02-02T05:00:00+00:00,2015-02-05T05:00:00+00:00,4,evaluated,0.01295488467864403,evaluated,0.013040132578366004,evaluated,0.04610922993510891
momentum_in_trend_context,1,6589cb8021b76574,IWM,bullish,"fast_above_slow,momentum_elevated,momentum_confirms_trend",5,2015-02-06T05:00:00+00:00,2015-02-06T05:00:00+00:00,1,evaluated,-0.004522620675262767,evaluated,0.017839172748723264,evaluated,0.019262942989701548
momentum_in_trend_context,1,6589cb8021b76574,IWM,neutral,momentum_midrange,6,2015-02-09T05:00:00+00:00,2015-02-09T05:00:00+00:00,1,evaluated,0.0007529822488439031,evaluated,0.019911360387504073,evaluated,0.006441933241233322
momentum_in_trend_context,1,6589cb8021b76574,IWM,bullish,"fast_above_slow,momentum_elevated,momentum_confirms_trend",7,2015-02-10T05:00:00+00:00,2015-02-10T05:00:00+00:00,1,evaluated,0.0006701365487105093,evaluated,0.02236741314829005,evaluated,0.013990099107986653
momentum_in_trend_context,1,6589cb8021b76574,IWM,neutral,momentum_midrange,8,2015-02-11T05:00:00+00:00,2015-02-11T05:00:00+00:00,1,evaluated,0.005409403101485966,evaluated,0.015729022403853543,evaluated,0.024051259167527483
momentum_in_trend_context,1,6589cb8021b76574,IWM,bullish,"fast_above_slow,momentum_elevated,momentum_confirms_trend",9,2015-02-12T05:00:00+00:00,2015-03-05T05:00:00+00:00,15,evaluated,0.005127740454959451,evaluated,0.012157749952738328,evaluated,0.014060018995557533
momentum_in_trend_context,1,6589cb8021b76574,IWM,neutral,momentum_midrange,10,2015-03-06T05:00:00+00:00,2015-03-11T04:00:00+00:00,4,evaluated,0.002718910720873824,evaluated,0.010216674925505487,evaluated,0.03155634930368345
momentum_in_trend_context,1,6589cb8021b76574,IWM,bullish,"fast_above_slow,momentum_elevated,momentum_confirms_trend",11,2015-03-12T04:00:00+00:00,2015-03-24T04:00:00+00:00,9,evaluated,-0.0026842510533702235,evaluated,0.01586137066469928,evaluated,0.021799253716894063
momentum_in_trend_context,1,6589cb8021b76574,IWM,neutral,momentum_midrange,12,2015-03-25T04:00:00+00:00,2015-03-27T04:00:00+00:00,3,evaluated,0.001883883723749591,evaluated,0.019084297657002702,evaluated,0.0343189660667218
momentum_in_trend_context,1,6589cb8021b76574,IWM,bullish,"fast_above_slow,momentum_elevated,momentum_confirms_trend",13,2015-03-30T04:00:00+00:00,2015-04-06T04:00:00+00:00,5,evaluated,0.000724203155529457,evaluated,0.0009655837444537685,evaluated,0.007080824681815923
momentum_in_trend_context,1,6589cb8021b76574,IWM,neutral,momentum_midrange,14,2015-04-07T04:00:00+00:00,2015-04-07T04:00:00+00:00,1,evaluated,0.008763498885309806,evaluated,0.010371449943828548,evaluated,-0.02838075942472229
momentum_in_trend_context,1,6589cb8021b76574,IWM,bullish,"fast_above_slow,momentum_elevated,momentum_confirms_trend",15,2015-04-08T04:00:00+00:00,2015-04-16T04:00:00+00:00,7,evaluated,-0.002712220529911824,evaluated,0.009492680564872291,evaluated,-0.032626068501689365
momentum_in_trend_context,1,6589cb8021b76574,IWM,neutral,momentum_midrange,16,2015-04-17T04:00:00+00:00,2015-04-17T04:00:00+00:00,1,evaluated,0.004798068448448989,evaluated,0.0064773893548686345,evaluated,-0.011195533720214756
momentum_in_trend_context,1,6589cb8021b76574,IWM,bullish,"fast_above_slow,momentum_elevated,momentum_confirms_trend",17,2015-04-20T04:00:00+00:00,2015-04-24T04:00:00+00:00,5,evaluated,-0.004204731422924102,evaluated,-0.012534722671969423,evaluated,-0.007933359585793776
momentum_in_trend_context,1,6589cb8021b76574,IWM,neutral,momentum_midrange,18,2015-04-27T04:00:00+00:00,2015-06-09T04:00:00+00:00,31,evaluated,0.004978342235620881,evaluated,-0.017102916635296173,evaluated,-0.010438437788671373
momentum_in_trend_context,1,6589cb8021b76574,IWM,bullish,"fast_above_slow,momentum_elevated,momentum_confirms_trend",19,2015-06-10T04:00:00+00:00,2015-06-12T04:00:00+00:00,3,evaluated,0.0011096091914100104,evaluated,0.0004755899885797721,evaluated,-0.029642529270402007
momentum_in_trend_context,1,6589cb8021b76574,IWM,neutral,momentum_midrange,20,2015-06-15T04:00:00+00:00,2015-06-15T04:00:00+00:00,1,evaluated,0.008294791340801355,evaluated,0.026798598766554882,evaluated,0.006779439481064964
momentum_in_trend_context,1,6589cb8021b76574,IWM,bullish,"fast_above_slow,momentum_elevated,momentum_confirms_trend",21,2015-06-16T04:00:00+00:00,2015-06-26T04:00:00+00:00,9,evaluated,-0.004023942839135319,evaluated,0.017910657103737515,evaluated,-0.00931040180736109
momentum_in_trend_context,1,6589cb8021b76574,IWM,neutral,"fast_above_slow,momentum_depressed,momentum_contradicts_trend",22,2015-06-29T04:00:00+00:00,2015-07-22T04:00:00+00:00,17,evaluated,-0.0025563164566551055,evaluated,-0.010385069888069531,evaluated,-0.028598832260161466
momentum_in_trend_context,1,6589cb8021b76574,IWM,bearish,"fast_below_slow,momentum_depressed,momentum_confirms_trend",23,2015-07-23T04:00:00+00:00,2015-07-30T04:00:00+00:00,6,evaluated,-0.015387119162822871,evaluated,-0.009637207718292684,evaluated,-0.05741823594538342
momentum_in_trend_context,1,6589cb8021b76574,IWM,neutral,momentum_midrange,24,2015-07-31T04:00:00+00:00,2015-07-31T04:00:00+00:00,1,evaluated,-0.005527109744962511,evaluated,-0.02560352399523047,evaluated,-0.06022918073833039
momentum_in_trend_context,1,6589cb8021b76574,IWM,bearish,"fast_below_slow,momentum_depressed,momentum_confirms_trend",25,2015-08-03T04:00:00+00:00,2015-08-14T04:00:00+00:00,10,evaluated,-0.002696313691481267,evaluated,-0.009232758060733648,evaluated,-0.05874664986732869
momentum_in_trend_context,1,6589cb8021b76574,IWM,neutral,momentum_midrange,26,2015-08-17T04:00:00+00:00,2015-08-17T04:00:00+00:00,1,evaluated,-0.006586492906252239,evaluated,-0.08990612754204541,evaluated,-0.045447033465127684
momentum_in_trend_context,1,6589cb8021b76574,IWM,bearish,"fast_below_slow,momentum_depressed,momentum_confirms_trend",27,2015-08-18T04:00:00+00:00,2015-09-04T04:00:00+00:00,14,evaluated,-0.004086721080347688,evaluated,-0.08515428652658485,evaluated,-0.024687231416204547
momentum_in_trend_context,1,6589cb8021b76574,IWM,neutral,momentum_midrange,28,2015-09-08T04:00:00+00:00,2015-09-08T04:00:00+00:00,1,evaluated,-0.017646513339717784,evaluated,-0.0019798203595094988,evaluated,-0.03167771682172171
momentum_in_trend_context,1,6589cb8021b76574,IWM,bearish,"fast_below_slow,momentum_depressed,momentum_confirms_trend",29,2015-09-09T04:00:00+00:00,2015-09-10T04:00:00+00:00,2,evaluated,0.007824170458447854,evaluated,0.028043977506868156,evaluated,0.006417611929086631
momentum_in_trend_context,1,6589cb8021b76574,IWM,neutral,momentum_midrange,30,2015-09-11T04:00:00+00:00,2015-09-21T04:00:00+00:00,7,evaluated,-0.007531121385638606,evaluated,0.0017313416157265227,evaluated,0.0019044427553343013
momentum_in_trend_context,1,6589cb8021b76574,IWM,bearish,"fast_below_slow,momentum_depressed,momentum_confirms_trend",31,2015-09-22T04:00:00+00:00,2015-10-02T04:00:00+00:00,9,evaluated,-0.005262221468040895,evaluated,-0.05691982156503761,evaluated,0.012804830353027041
momentum_in_trend_context,1,6589cb8021b76574,IWM,neutral,momentum_midrange,32,2015-10-05T04:00:00+00:00,2015-10-27T04:00:00+00:00,17,evaluated,-0.0063598730370617584,evaluated,0.020846220558579986,evaluated,0.040014122568067245
momentum_in_trend_context,1,6589cb8021b76574,IWM,bullish,"fast_above_slow,momentum_elevated,momentum_confirms_trend",33,2015-10-28T04:00:00+00:00,2015-10-28T04:00:00+00:00,1,evaluated,-0.007452416764670011,evaluated,0.013277394895677475,evaluated,0.020815490402967818
momentum_in_trend_context,1,6589cb8021b76574,IWM,neutral,momentum_midrange,34,2015-10-29T04:00:00+00:00,2015-10-30T04:00:00+00:00,2,evaluated,-0.0019037835354017707,evaluated,0.02440290545518886,evaluated,0.03513330974180473
momentum_in_trend_context,1,6589cb8021b76574,IWM,bullish,"fast_above_slow,momentum_elevated,momentum_confirms_trend",35,2015-11-02T05:00:00+00:00,2015-11-10T05:00:00+00:00,7,evaluated,0.006463152988342991,evaluated,0.001955977243784268,evaluated,0.019559512912551202
momentum_in_trend_context,1,6589cb8021b76574,IWM,neutral,momentum_midrange,36,2015-11-11T05:00:00+00:00,2015-11-20T05:00:00+00:00,8,evaluated,-0.012292618264139299,evaluated,0.0018911821304932186,evaluated,-0.016074982525125625
momentum_in_trend_context,1,6589cb8021b76574,IWM,bullish,"fast_above_slow,momentum_elevated,momentum_confirms_trend",37,2015-11-23T05:00:00+00:00,2015-12-02T05:00:00+00:00,7,evaluated,0.01172144745701531,evaluated,0.025752927848759377,evaluated,-0.030201906761198605
momentum_in_trend_context,1,6589cb8021b76574,IWM,neutral,momentum_midrange,38,2015-12-03T05:00:00+00:00,2015-12-17T05:00:00+00:00,11,evaluated,0.010120071360358418,evaluated,-0.018353339774042965,evaluated,-0.05651797962375826
momentum_in_trend_context,1,6589cb8021b76574,IWM,bearish,"fast_below_slow,momentum_depressed,momentum_confirms_trend",39,2015-12-18T05:00:00+00:00,2015-12-21T05:00:00+00:00,2,evaluated,0.0013372695758895325,evaluated,0.016047098877961297,evaluated,-0.11580634818416058
momentum_in_trend_context,1,6589cb8021b76574,IWM,neutral,momentum_midrange,40,2015-12-22T05:00:00+00:00,2015-12-30T05:00:00+00:00,6,evaluated,0.007549162782430674,evaluated,0.0010533949131921183,evaluated,-0.11016498967768085
momentum_in_trend_context,1,6589cb8021b76574,IWM,bearish,"fast_below_slow,momentum_depressed,momentum_confirms_trend",41,2015-12-31T05:00:00+00:00,2016-01-28T05:00:00+00:00,19,evaluated,-0.005424450509088463,evaluated,-0.06111565047399359,evaluated,-0.07341110841493037
momentum_in_trend_context,1,6589cb8021b76574,IWM,neutral,momentum_midrange,42,2016-01-29T05:00:00+00:00,2016-01-29T05:00:00+00:00,1,evaluated,0.0034266543588463705,evaluated,-0.040140968265333865,evaluated,0.00577642422959479
momentum_in_trend_context,1,6589cb8021b76574,IWM,bearish,"fast_below_slow,momentum_depressed,momentum_confirms_trend",43,2016-02-01T05:00:00+00:00,2016-02-16T05:00:00+00:00,11,evaluated,-0.010362212896319334,evaluated,-0.04835686802856842,evaluated,0.03562617729318163
momentum_in_trend_context,1,6589cb8021b76574,IWM,neutral,momentum_midrange,44,2016-02-17T05:00:00+00:00,2016-03-09T05:00:00+00:00,16,evaluated,-0.005571636415142578,evaluated,0.01094416924427244,evaluated,0.06447115301774775
momentum_in_trend_context,1,6589cb8021b76574,IWM,bullish,"fast_above_slow,momentum_elevated,momentum_confirms_trend",45,2016-03-10T05:00:00+00:00,2016-03-22T04:00:00+00:00,9,evaluated,0.013203446208696734,evaluated,0.017230043282292717,evaluated,0.021724877562828926
momentum_in_trend_context,1,6589cb8021b76574,IWM,neutral,momentum_midrange,46,2016-03-23T04:00:00+00:00,2016-03-28T04:00:00+00:00,3,evaluated,0.00903613614246912,evaluated,0.0413215312304287,evaluated,0.06353539284380871
momentum_in_trend_context,1,6589cb8021b76574,IWM,bullish,"fast_above_slow,momentum_elevated,momentum_confirms_trend",47,2016-03-29T04:00:00+00:00,2016-04-06T04:00:00+00:00,7,evaluated,-0.005140226332054909,evaluated,-0.017584966714538686,evaluated,0.031743207609662205
momentum_in_trend_context,1,6589cb8021b76574,IWM,neutral,momentum_midrange,48,2016-04-07T04:00:00+00:00,2016-04-11T04:00:00+00:00,3,evaluated,-0.004561627563322679,evaluated,0.02335551085064025,evaluated,0.005930129753302094
momentum_in_trend_context,1,6589cb8021b76574,IWM,bullish,"fast_above_slow,momentum_elevated,momentum_confirms_trend",49,2016-04-12T04:00:00+00:00,2016-04-28T04:00:00+00:00,13,evaluated,0.015644743162350094,evaluated,0.025411444312389175,evaluated,0.01600648050061193
momentum_in_trend_context,1,6589cb8021b76574,IWM,neutral,momentum_midrange,50,2016-04-29T04:00:00+00:00,2016-04-29T04:00:00+00:00,1,evaluated,0.005760892629002923,evaluated,-0.017016734359538654,evaluated,0.015687287196154642
momentum_in_trend_context,1,6589cb8021b76574,IWM,bullish,"fast_above_slow,momentum_elevated,momentum_confirms_trend",51,2016-05-02T04:00:00+00:00,2016-05-02T04:00:00+00:00,1,evaluated,-0.008262996712208981,evaluated,-0.011728117805711591,evaluated,0.02176807536038461
momentum_in_trend_context,1,6589cb8021b76574,IWM,neutral,momentum_midrange,52,2016-05-03T04:00:00+00:00,2016-05-23T04:00:00+00:00,15,evaluated,-0.0026128563033517294,evaluated,0.01225336189321169,evaluated,0.04315705025426397
momentum_in_trend_context,1,6589cb8021b76574,IWM,bullish,"fast_above_slow,momentum_elevated,momentum_confirms_trend",53,2016-05-24T04:00:00+00:00,2016-06-10T04:00:00+00:00,13,evaluated,0.002647797125179485,evaluated,0.021888752521976196,evaluated,0.011738695197144766
momentum_in_trend_context,1,6589cb8021b76574,IWM,neutral,momentum_midrange,54,2016-06-13T04:00:00+00:00,2016-06-22T04:00:00+00:00,8,evaluated,0.000786816747665009,evaluated,0.007955272899422106,evaluated,0.04659499833459235
momentum_in_trend_context,1,6589cb8021b76574,IWM,bullish,"fast_above_slow,momentum_elevated,momentum_confirms_trend",55,2016-06-23T04:00:00+00:00,2016-06-23T04:00:00+00:00,1,evaluated,0.003930630716593386,evaluated,0.027157413339512715,evaluated,0.07557619170949148
momentum_in_trend_context,1,6589cb8021b76574,IWM,neutral,"fast_above_slow,momentum_depressed,momentum_contradicts_trend",56,2016-06-24T04:00:00+00:00,2016-07-07T04:00:00+00:00,9,evaluated,-0.02142790366397085,evaluated,0.038894388283909676,evaluated,0.08238049474222953
momentum_in_trend_context,1,6589cb8021b76574,IWM,bullish,"fast_above_slow,momentum_elevated,momentum_confirms_trend",57,2016-07-08T04:00:00+00:00,2016-08-01T04:00:00+00:00,17,evaluated,0.004933666579616913,evaluated,0.01820346575442744,evaluated,0.04031988424295063
momentum_in_trend_context,1,6589cb8021b76574,IWM,neutral,momentum_midrange,58,2016-08-02T04:00:00+00:00,2016-08-02T04:00:00+00:00,1,evaluated,0.009047450589013906,evaluated,0.02513194212091019,evaluated,0.03820053157135672
momentum_in_trend_context,1,6589cb8021b76574,IWM,bullish,"fast_above_slow,momentum_elevated,momentum_confirms_trend",59,2016-08-03T04:00:00+00:00,2016-09-08T04:00:00+00:00,26,evaluated,0.0009132470995314446,evaluated,0.008634295905995293,evaluated,0.023080170021805735
momentum_in_trend_context,1,6589cb8021b76574,IWM,neutral,"fast_above_slow,momentum_depressed,momentum_contradicts_trend",60,2016-09-09T04:00:00+00:00,2016-09-20T04:00:00+00:00,8,evaluated,0.018642803500582783,evaluated,0.00969424264875074,evaluated,0.017731372494481423
momentum_in_trend_context,1,6589cb8021b76574,IWM,bullish,"fast_above_slow,momentum_elevated,momentum_confirms_trend",61,2016-09-21T04:00:00+00:00,2016-09-23T04:00:00+00:00,3,evaluated,0.007776746293614689,evaluated,-0.0004008903264014485,evaluated,-0.025976151735459307
momentum_in_trend_context,1,6589cb8021b76574,IWM,neutral,momentum_midrange,62,2016-09-26T04:00:00+00:00,2016-09-27T04:00:00+00:00,2,evaluated,0.004546603850883901,evaluated,0.005277271539675832,evaluated,-0.010798098975615789
momentum_in_trend_context,1,6589cb8021b76574,IWM,bullish,"fast_above_slow,momentum_elevated,momentum_confirms_trend",63,2016-09-28T04:00:00+00:00,2016-09-28T04:00:00+00:00,1,evaluated,-0.014122950549194546,evaluated,-0.005376390495692052,evaluated,-0.03923928167127688
momentum_in_trend_context,1,6589cb8021b76574,IWM,neutral,momentum_midrange,64,2016-09-29T04:00:00+00:00,2016-10-19T04:00:00+00:00,15,evaluated,0.006400914983371919,evaluated,0.0032409782191971104,evaluated,-0.04099819829576801
momentum_in_trend_context,1,6589cb8021b76574,IWM,bearish,"fast_below_slow,momentum_depressed,momentum_confirms_trend",65,2016-10-20T04:00:00+00:00,2016-10-21T04:00:00+00:00,2,evaluated,0.006735386198282178,evaluated,-0.015799114353304167,evaluated,0.08348578693815445
momentum_in_trend_context,1,6589cb8021b76574,IWM,neutral,momentum_midrange,66,2016-10-24T04:00:00+00:00,2016-10-24T04:00:00+00:00,1,evaluated,-0.007224343412326806,evaluated,-0.02717344737653049,evaluated,0.08037114145916169
momentum_in_trend_context,1,6589cb8021b76574,IWM,bearish,"fast_below_slow,momentum_depressed,momentum_confirms_trend",67,2016-10-25T04:00:00+00:00,2016-11-04T04:00:00+00:00,9,evaluated,-0.0031637436640327143,evaluated,-0.02547662595157818,evaluated,0.10565317106752703
momentum_in_trend_context,1,6589cb8021b76574,IWM,neutral,momentum_midrange,68,2016-11-07T05:00:00+00:00,2016-11-18T05:00:00+00:00,10,evaluated,0.0049027403778374445,evaluated,0.09171589657507906,evaluated,0.1377007004725581
momentum_in_trend_context,1,6589cb8021b76574,IWM,bullish,"fast_above_slow,momentum_elevated,momentum_confirms_trend",69,2016-11-21T05:00:00+00:00,2016-12-29T05:00:00+00:00,27,evaluated,0.005146896455507477,evaluated,0.001059638168501742,evaluated,0.04420232979496963
momentum_in_trend_context,1,6589cb8021b76574,IWM,neutral,momentum_midrange,70,2016-12-30T05:00:00+00:00,2016-12-30T05:00:00+00:00,1,evaluated,-0.007106756404605119,evaluated,-0.0123818768656353,evaluated,-0.009231516703895992
momentum_in_trend_context,1,6589cb8021b76574,IWM,bullish,"fast_above_slow,momentum_elevated,momentum_confirms_trend",71,2017-01-03T05:00:00+00:00,2017-01-05T05:00:00+00:00,3,evaluated,0.012715881578340804,evaluated,0.00029396020018901403,evaluated,-0.006615282139545764
momentum_in_trend_context,1,6589cb8021b76574,IWM,neutral,momentum_midrange,72,2017-01-06T05:00:00+00:00,2017-01-09T05:00:00+00:00,2,evaluated,-0.005459571130513763,evaluated,0.0053120942627107315,evaluated,0.002213391372423157
momentum_in_trend_context,1,6589cb8021b76574,IWM,bullish,"fast_above_slow,momentum_elevated,momentum_confirms_trend",73,2017-01-10T05:00:00+00:00,2017-01-11T05:00:00+00:00,2,evaluated,0.0007340975310285991,evaluated,-0.010129851481339158,evaluated,-0.0090288171923536
momentum_in_trend_context,1,6589cb8021b76574,IWM,neutral,momentum_midrange,74,2017-01-12T05:00:00+00:00,2017-01-12T05:00:00+00:00,1,evaluated,0.0044968716387636665,evaluated,-0.008919952152754873,evaluated,0.01688174454817437
momentum_in_trend_context,1,6589cb8021b76574,IWM,bullish,"fast_above_slow,momentum_elevated,momentum_confirms_trend",75,2017-01-13T05:00:00+00:00,2017-01-13T05:00:00+00:00,1,evaluated,-0.008775828818900044,evaluated,-0.01268437421300772,evaluated,0.01991148102295104
momentum_in_trend_context,1,6589cb8021b76574,IWM,neutral,momentum_midrange,76,2017-01-17T05:00:00+00:00,2017-01-24T05:00:00+00:00,6,evaluated,0.0006679400441436112,evaluated,0.008682088280182798,evaluated,0.029682399547716676
momentum_in_trend_context,1,6589cb8021b76574,IWM,bullish,"fast_above_slow,momentum_elevated,momentum_confirms_trend",77,2017-01-25T05:00:00+00:00,2017-01-26T05:00:00+00:00,2,evaluated,-0.004951162763309647,evaluated,-0.01594584607398919,evaluated,0.010266518856170803
momentum_in_trend_context,1,6589cb8021b76574,IWM,neutral,momentum_midrange,78,2017-01-27T05:00:00+00:00,2017-02-02T05:00:00+00:00,5,evaluated,-0.006951138586886896,evaluated,0.012127482374196807,evaluated,0.035273270895249675
momentum_in_trend_context,1,6589cb8021b76574,IWM,bullish,"fast_above_slow,momentum_elevated,momentum_confirms_trend",79,2017-02-03T05:00:00+00:00,2017-02-03T05:00:00+00:00,1,evaluated,-0.004105554132346478,evaluated,0.011290385731912878,evaluated,0.009530814588924352
momentum_in_trend_context,1,6589cb8021b76574,IWM,neutral,momentum_midrange,80,2017-02-06T05:00:00+00:00,2017-02-13T05:00:00+00:00,6,evaluated,-0.0042703710777319825,evaluated,0.018259428609947115,evaluated,0.007215400343777656
momentum_in_trend_context,1,6589cb8021b76574,IWM,bullish,"fast_above_slow,momentum_elevated,momentum_confirms_trend",81,2017-02-14T05:00:00+00:00,2017-02-27T05:00:00+00:00,9,evaluated,0.010130934740217423,evaluated,0.010058610355968556,evaluated,-0.0033287987968755317
momentum_in_trend_context,1,6589cb8021b76574,IWM,neutral,momentum_midrange,82,2017-02-28T05:00:00+00:00,2017-02-28T05:00:00+00:00,1,evaluated,0.005084187217319069,evaluated,-0.020408098598551416,evaluated,-0.027640535474801275
momentum_in_trend_context,1,6589cb8021b76574,IWM,bullish,"fast_above_slow,momentum_elevated,momentum_confirms_trend",83,2017-03-01T05:00:00+00:00,2017-03-01T05:00:00+00:00,1,evaluated,-0.01125918770354517,evaluated,-0.031568501936625526,evaluated,-0.02921688911863396
momentum_in_trend_context,1,6589cb8021b76574,IWM,neutral,momentum_midrange,84,2017-03-02T05:00:00+00:00,2017-03-24T04:00:00+00:00,17,evaluated,-0.0010807575790722224,evaluated,-0.02478387871593557,evaluated,-0.011095162183444751
momentum_in_trend_context,1,6589cb8021b76574,IWM,bearish,"fast_below_slow,momentum_depressed,momentum_confirms_trend",85,2017-03-27T04:00:00+00:00,2017-03-27T04:00:00+00:00,1,evaluated,0.011245118562428491,evaluated,0.013032469585260387,evaluated,0.044608322517259325
momentum_in_trend_context,1,6589cb8021b76574,IWM,neutral,momentum_midrange,86,2017-03-28T04:00:00+00:00,2017-04-04T04:00:00+00:00,6,evaluated,0.003905665373736378,evaluated,0.0012527499835548461,evaluated,0.03898311469335969
momentum_in_trend_context,1,6589cb8021b76574,IWM,bearish,"fast_below_slow,momentum_depressed,momentum_confirms_trend",87,2017-04-05T04:00:00+00:00,2017-04-05T04:00:00+00:00,1,evaluated,0.007730107007735798,evaluated,0.0037163670651938485,evaluated,0.026460628772379646
momentum_in_trend_context,1,6589cb8021b76574,IWM,neutral,momentum_midrange,88,2017-04-06T04:00:00+00:00,2017-04-12T04:00:00+00:00,5,evaluated,0.002292711657427615,evaluated,-0.011019935057892782,evaluated,0.027956501675916234
momentum_in_trend_context,1,6589cb8021b76574,IWM,bearish,"fast_below_slow,momentum_depressed,momentum_confirms_trend",89,2017-04-13T04:00:00+00:00,2017-04-13T04:00:00+00:00,1,evaluated,0.00909961882051502,evaluated,0.02342059534654184,evaluated,0.025658141229889964
momentum_in_trend_context,1,6589cb8021b76574,IWM,neutral,momentum_midrange,90,2017-04-17T04:00:00+00:00,2017-05-01T04:00:00+00:00,11,evaluated,0.004453726975051531,evaluated,0.03117574903641529,evaluated,0.028652023273277427
momentum_in_trend_context,1,6589cb8021b76574,IWM,bullish,"fast_above_slow,momentum_elevated,momentum_confirms_trend",91,2017-05-02T04:00:00+00:00,2017-05-02T04:00:00+00:00,1,evaluated,-0.0014442356783725963,evaluated,-0.0010108988670329833,evaluated,-0.015668987528868472
momentum_in_trend_context,1,6589cb8021b76574,IWM,neutral,momentum_midrange,92,2017-05-03T04:00:00+00:00,2017-05-04T04:00:00+00:00,2,evaluated,-0.0031039679460785896,evaluated,0.004908741359723079,evaluated,0.0030318210686945957
momentum_in_trend_context,1,6589cb8021b76574,IWM,bullish,"fast_above_slow,momentum_elevated,momentum_confirms_trend",93,2017-05-05T04:00:00+00:00,2017-05-05T04:00:00+00:00,1,evaluated,-0.0018029712490792438,evaluated,-0.008293733772543499,evaluated,0.002307745975612896
momentum_in_trend_context,1,6589cb8021b76574,IWM,neutral,momentum_midrange,94,2017-05-08T04:00:00+00:00,2017-05-09T04:00:00+00:00,2,evaluated,-0.001731656257424885,evaluated,-7.211564398612591e-05,evaluated,0.001876107745836686
momentum_in_trend_context,1,6589cb8021b76574,IWM,bullish,"fast_above_slow,momentum_elevated,momentum_confirms_trend",95,2017-05-10T04:00:00+00:00,2017-05-10T04:00:00+00:00,1,evaluated,-0.003100834221237858,evaluated,-0.027258951678153176,evaluated,0.015937165522816876
momentum_in_trend_context,1,6589cb8021b76574,IWM,neutral,momentum_midrange,96,2017-05-11T04:00:00+00:00,2017-05-31T04:00:00+00:00,14,evaluated,-0.0014524159268021197,evaluated,-0.01691962615248399,evaluated,0.028320337712187893
momentum_in_trend_context,1,6589cb8021b76574,IWM,bullish,"fast_above_slow,momentum_elevated,momentum_confirms_trend",97,2017-06-01T04:00:00+00:00,2017-06-19T04:00:00+00:00,13,evaluated,0.002868477332573116,evaluated,0.010254628654463582,evaluated,0.012119056854719812
momentum_in_trend_context,1,6589cb8021b76574,IWM,neutral,momentum_midrange,98,2017-06-20T04:00:00+00:00,2017-06-22T04:00:00+00:00,3,evaluated,-0.004284227707541555,evaluated,-0.0014995123833705382,evaluated,0.021777957767202816
momentum_in_trend_context,1,6589cb8021b76574,IWM,bullish,"fast_above_slow,momentum_elevated,momentum_confirms_trend",99,2017-06-23T04:00:00+00:00,2017-06-26T04:00:00+00:00,2,evaluated,-7.083781341943318e-05,evaluated,-0.0012048917241318513,evaluated,0.011765565987640336
momentum_in_trend_context,1,6589cb8021b76574,IWM,neutral,momentum_midrange,100,2017-06-27T04:00:00+00:00,2017-06-27T04:00:00+00:00,1,evaluated,0.00931255829704658,evaluated,0.006540116449282873,evaluated,0.018340810866835255
momentum_in_trend_context,1,6589cb8021b76574,IWM,bullish,"fast_above_slow,momentum_elevated,momentum_confirms_trend",101,2017-06-28T04:00:00+00:00,2017-06-29T04:00:00+00:00,2,evaluated,-0.0077334509352819936,evaluated,-0.02179419279946959,evaluated,0.000702972728241047
momentum_in_trend_context,1,6589cb8021b76574,IWM,neutral,momentum_midrange,102,2017-06-30T04:00:00+00:00,2017-06-30T04:00:00+00:00,1,evaluated,0.005377174086011127,evaluated,-0.010329641240316989,evaluated,0.0012027605302813438
momentum_in_trend_context,1,6589cb8021b76574,IWM,bullish,"fast_above_slow,momentum_elevated,momentum_confirms_trend",103,2017-07-03T04:00:00+00:00,2017-07-05T04:00:00+00:00,2,evaluated,-0.0007762922563204766,evaluated,-0.009950625917263811,evaluated,0.0005645859758480753
momentum_in_trend_context,1,6589cb8021b76574,IWM,neutral,momentum_midrange,104,2017-07-06T04:00:00+00:00,2017-07-12T04:00:00+00:00,5,evaluated,0.0076024734495085955,evaluated,0.014774531489598397,evaluated,0.0007172495787772792
momentum_in_trend_context,1,6589cb8021b76574,IWM,bullish,"fast_above_slow,momentum_elevated,momentum_confirms_trend",105,2017-07-13T04:00:00+00:00,2017-07-26T04:00:00+00:00,10,evaluated,0.004464844768052423,evaluated,0.014882996129609971,evaluated,-0.03423105331059473
momentum_in_trend_context,1,6589cb8021b76574,IWM,neutral,momentum_midrange,106,2017-07-27T04:00:00+00:00,2017-08-14T04:00:00+00:00,13,evaluated,-0.0004224585043571816,evaluated,-0.017532780018701177,evaluated,-0.03893816795476046
momentum_in_trend_context,1,6589cb8021b76574,IWM,bearish,"fast_below_slow,momentum_depressed,momentum_confirms_trend",107,2017-08-15T04:00:00+00:00,2017-08-25T04:00:00+00:00,9,evaluated,-0.0016706307154651379,evaluated,-0.010024005964749061,evaluated,0.03116153557042467
momentum_in_trend_context,1,6589cb8021b76574,IWM,neutral,momentum_midrange,108,2017-08-28T04:00:00+00:00,2017-09-20T04:00:00+00:00,17,evaluated,0.007326543774299088,evaluated,0.019635083653912533,evaluated,0.05949149967316969
momentum_in_trend_context,1,6589cb8021b76574,IWM,bullish,"fast_above_slow,momentum_elevated,momentum_confirms_trend",109,2017-09-21T04:00:00+00:00,2017-10-27T04:00:00+00:00,27,evaluated,0.004385083112979915,evaluated,0.028955270516656695,evaluated,0.039117388381802565
momentum_in_trend_context,1,6589cb8021b76574,IWM,neutral,momentum_midrange,110,2017-10-30T04:00:00+00:00,2017-10-30T04:00:00+00:00,1,evaluated,0.0031588227831913507,evaluated,-6.717190192162548e-05,evaluated,0.027354039302843747
momentum_in_trend_context,1,6589cb8021b76574,IWM,bullish,"fast_above_slow,momentum_elevated,momentum_confirms_trend",111,2017-10-31T04:00:00+00:00,2017-10-31T04:00:00+00:00,1,evaluated,-0.014817247359063535,evaluated,-0.023255813953488413,evaluated,0.019069734997923637
momentum_in_trend_context,1,6589cb8021b76574,IWM,neutral,momentum_midrange,112,2017-11-01T04:00:00+00:00,2017-11-16T05:00:00+00:00,12,evaluated,0.0031705423859067494,evaluated,-0.007015707679327021,evaluated,0.03649479359719665
momentum_in_trend_context,1,6589cb8021b76574,IWM,bullish,"fast_above_slow,momentum_elevated,momentum_confirms_trend",113,2017-11-17T05:00:00+00:00,2017-12-04T05:00:00+00:00,11,evaluated,0.005176151525237982,evaluated,0.011629544569851546,evaluated,0.03724125268549461
momentum_in_trend_context,1,6589cb8021b76574,IWM,neutral,momentum_midrange,114,2017-12-05T05:00:00+00:00,2017-12-06T05:00:00+00:00,2,evaluated,-0.0009974988452149391,evaluated,0.0033916990236484423,evaluated,0.027266118485409052
momentum_in_trend_context,1,6589cb8021b76574,IWM,bullish,"fast_above_slow,momentum_elevated,momentum_confirms_trend",115,2017-12-07T05:00:00+00:00,2017-12-11T05:00:00+00:00,3,evaluated,-0.00486355743713307,evaluated,-0.013473466153166358,evaluated,0.018928721645377955
momentum_in_trend_context,1,6589cb8021b76574,IWM,neutral,momentum_midrange,116,2017-12-12T05:00:00+00:00,2017-12-12T05:00:00+00:00,1,evaluated,0.006431942420304315,evaluated,0.015052080824939917,evaluated,0.04436047045758351
momentum_in_trend_context,1,6589cb8021b76574,IWM,bullish,"fast_above_slow,momentum_elevated,momentum_confirms_trend",117,2017-12-13T05:00:00+00:00,2017-12-13T05:00:00+00:00,1,evaluated,-0.011524530323739568,evaluated,0.010075724187023516,evaluated,0.04155414754670628
momentum_in_trend_context,1,6589cb8021b76574,IWM,neutral,momentum_midrange,118,2017-12-14T05:00:00+00:00,2017-12-14T05:00:00+00:00,1,evaluated,0.00787820203484868,evaluated,0.016021172592205035,evaluated,0.03369742624994543
momentum_in_trend_context,1,6589cb8021b76574,IWM,bullish,"fast_above_slow,momentum_elevated,momentum_confirms_trend",119,2017-12-15T05:00:00+00:00,2017-12-28T05:00:00+00:00,9,evaluated,0.004099725973315094,evaluated,-0.0031235487294751785,evaluated,0.02570441202126883
momentum_in_trend_context,1,6589cb8021b76574,IWM,neutral,momentum_midrange,120,2017-12-29T05:00:00+00:00,2017-12-29T05:00:00+00:00,1,evaluated,0.004569170771450359,evaluated,0.01194518190279692,evaluated,0.025979084900920046
momentum_in_trend_context,1,6589cb8021b76574,IWM,bullish,"fast_above_slow,momentum_elevated,momentum_confirms_trend",121,2018-01-02T05:00:00+00:00,2018-01-29T05:00:00+00:00,19,evaluated,0.001234824510532695,evaluated,0.006174122552663475,evaluated,0.016182527927343315
momentum_in_trend_context,1,6589cb8021b76574,IWM,neutral,momentum_midrange,122,2018-01-30T05:00:00+00:00,2018-02-27T05:00:00+00:00,20,evaluated,-0.008748604252282077,evaluated,-0.0510333635819904,evaluated,-0.04684924009317781
momentum_in_trend_context,1,6589cb8021b76574,IWM,bearish,"fast_below_slow,momentum_depressed,momentum_confirms_trend",123,2018-02-28T05:00:00+00:00,2018-03-01T05:00:00+00:00,2,evaluated,-0.0006664851814840445,evaluated,0.04458515365107063,evaluated,0.0017327191039526735
momentum_in_trend_context,1,6589cb8021b76574,IWM,neutral,momentum_midrange,124,2018-03-02T05:00:00+00:00,2018-03-15T04:00:00+00:00,10,evaluated,0.012448948086349665,evaluated,0.04676584443553744,evaluated,-0.024305113050917426
momentum_in_trend_context,1,6589cb8021b76574,IWM,bullish,"fast_above_slow,momentum_elevated,momentum_confirms_trend",125,2018-03-16T04:00:00+00:00,2018-03-16T04:00:00+00:00,1,evaluated,-0.005662654450703464,evaluated,-0.04530123560562793,evaluated,-0.011452586834180378
momentum_in_trend_context,1,6589cb8021b76574,IWM,neutral,momentum_midrange,126,2018-03-19T04:00:00+00:00,2018-03-20T04:00:00+00:00,2,evaluated,-0.002744575737580357,evaluated,-0.02131867222139705,evaluated,0.002489304871427178
momentum_in_trend_context,1,6589cb8021b76574,IWM,bullish,"fast_above_slow,momentum_elevated,momentum_confirms_trend",127,2018-03-21T04:00:00+00:00,2018-03-21T04:00:00+00:00,1,evaluated,-0.014840019942489846,evaluated,-0.03436981869233968,evaluated,0.004689680780964434
momentum_in_trend_context,1,6589cb8021b76574,IWM,neutral,"fast_above_slow,momentum_depressed,momentum_contradicts_trend",128,2018-03-22T04:00:00+00:00,2018-05-04T04:00:00+00:00,31,evaluated,-0.022857479569160843,evaluated,-0.011265927032064083,evaluated,0.012959139911452144
momentum_in_trend_context,1,6589cb8021b76574,IWM,bullish,"fast_above_slow,momentum_elevated,momentum_confirms_trend",129,2018-05-07T04:00:00+00:00,2018-06-22T04:00:00+00:00,34,evaluated,0.005799156721437271,evaluated,0.014720861493426218,evaluated,0.056143242807768834
momentum_in_trend_context,1,6589cb8021b76574,IWM,neutral,momentum_midrange,130,2018-06-25T04:00:00+00:00,2018-07-03T04:00:00+00:00,7,evaluated,0.004902242810254753,evaluated,-0.001997227135434043,evaluated,0.01004662413020152
momentum_in_trend_context,1,6589cb8021b76574,IWM,bullish,"fast_above_slow,momentum_elevated,momentum_confirms_trend",131,2018-07-05T04:00:00+00:00,2018-07-10T04:00:00+00:00,4,evaluated,0.007666040426058007,evaluated,0.005689626527501046,evaluated,0.0
momentum_in_trend_context,1,6589cb8021b76574,IWM,neutral,momentum_midrange,132,2018-07-11T04:00:00+00:00,2018-07-11T04:00:00+00:00,1,evaluated,-0.0008925397080756792,evaluated,-0.0005355601401626497,evaluated,-0.0029749507836663858
momentum_in_trend_context,1,6589cb8021b76574,IWM,bullish,"fast_above_slow,momentum_elevated,momentum_confirms_trend",133,2018-07-12T04:00:00+00:00,2018-07-13T04:00:00+00:00,2,evaluated,-0.0025618583195351485,evaluated,0.007864116874774618,evaluated,0.0008936186537393809
momentum_in_trend_context,1,6589cb8021b76574,IWM,neutral,momentum_midrange,134,2018-07-16T04:00:00+00:00,2018-07-16T04:00:00+00:00,1,evaluated,0.004557688196917153,evaluated,0.011634197549662773,evaluated,-0.00119938199845393
momentum_in_trend_context,1,6589cb8021b76574,IWM,bullish,"fast_above_slow,momentum_elevated,momentum_confirms_trend",135,2018-07-17T04:00:00+00:00,2018-07-23T04:00:00+00:00,5,evaluated,0.0037045597211187165,evaluated,-0.0028083246832519837,evaluated,0.005019098558957991
momentum_in_trend_context,1,6589cb8021b76574,IWM,neutral,momentum_midrange,136,2018-07-24T04:00:00+00:00,2018-07-25T04:00:00+00:00,2,evaluated,0.00335448394874871,evaluated,-0.006409532218584424,evaluated,0.02288242488058212
momentum_in_trend_context,1,6589cb8021b76574,IWM,bullish,"fast_above_slow,momentum_elevated,momentum_confirms_trend",137,2018-07-26T04:00:00+00:00,2018-07-26T04:00:00+00:00,1,evaluated,-0.01922851924726443,evaluated,-0.009080111449833117,evaluated,0.012819012831509546
momentum_in_trend_context,1,6589cb8021b76574,IWM,neutral,"fast_above_slow,momentum_depressed,momentum_contradicts_trend",138,2018-07-27T04:00:00+00:00,2018-08-08T04:00:00+00:00,9,evaluated,-0.0063540275446766215,evaluated,0.006898634733122133,evaluated,0.03836608979056355
momentum_in_trend_context,1,6589cb8021b76574,IWM,bullish,"fast_above_slow,momentum_elevated,momentum_confirms_trend",139,2018-08-09T04:00:00+00:00,2018-08-09T04:00:00+00:00,1,evaluated,0.0028733655718062856,evaluated,0.0034720252646447403,evaluated,0.020891889677449926
momentum_in_trend_context,1,6589cb8021b76574,IWM,neutral,momentum_midrange,140,2018-08-10T04:00:00+00:00,2018-08-13T04:00:00+00:00,2,evaluated,-0.007094326949063756,evaluated,0.003636583941666993,evaluated,0.0179444044847048
momentum_in_trend_context,1,6589cb8021b76574,IWM,bullish,"fast_above_slow,momentum_elevated,momentum_confirms_trend",141,2018-08-14T04:00:00+00:00,2018-08-14T04:00:00+00:00,1,evaluated,-0.0096004808565886,evaluated,0.018246855183534416,evaluated,0.017412034717248837
momentum_in_trend_context,1,6589cb8021b76574,IWM,neutral,momentum_midrange,142,2018-08-15T04:00:00+00:00,2018-08-20T04:00:00+00:00,4,evaluated,0.0046146725976528025,evaluated,0.025889919990577326,evaluated,0.022773600850161335
momentum_in_trend_context,1,6589cb8021b76574,IWM,bullish,"fast_above_slow,momentum_elevated,momentum_confirms_trend",143,2018-08-21T04:00:00+00:00,2018-09-05T04:00:00+00:00,11,evaluated,0.003458563518121016,evaluated,0.008265453381665733,evaluated,-0.005510302254443822
momentum_in_trend_context,1,6589cb8021b76574,IWM,neutral,momentum_midrange,144,2018-09-06T04:00:00+00:00,2018-09-10T04:00:00+00:00,3,evaluated,0.001938702539506787,evaluated,0.002643774927984399,evaluated,-0.038599418747825465
momentum_in_trend_context,1,6589cb8021b76574,IWM,bullish,"fast_above_slow,momentum_elevated,momentum_confirms_trend",145,2018-09-11T04:00:00+00:00,2018-09-11T04:00:00+00:00,1,evaluated,-0.0009953637544823923,evaluated,-0.003044610539920334,evaluated,-0.05620932854446126
momentum_in_trend_context,1,6589cb8021b76574,IWM,neutral,momentum_midrange,146,2018-09-12T04:00:00+00:00,2018-09-13T04:00:00+00:00,2,evaluated,-0.003619775348004284,evaluated,-0.009516609612502669,evaluated,-0.08594115673523917
momentum_in_trend_context,1,6589cb8021b76574,IWM,bullish,"fast_above_slow,momentum_elevated,momentum_confirms_trend",147,2018-09-14T04:00:00+00:00,2018-09-14T04:00:00+00:00,1,evaluated,-0.010850546203590605,evaluated,-0.005950322502370264,evaluated,-0.10395515258299648
momentum_in_trend_context,1,6589cb8021b76574,IWM,neutral,momentum_midrange,148,2018-09-17T04:00:00+00:00,2018-09-19T04:00:00+00:00,3,evaluated,0.0027679694479150196,evaluated,-0.00017667125299003494,evaluated,-0.0920494970665473
momentum_in_trend_context,1,6589cb8021b76574,IWM,bullish,"fast_above_slow,momentum_elevated,momentum_confirms_trend",149,2018-09-20T04:00:00+00:00,2018-09-20T04:00:00+00:00,1,evaluated,-0.00786029754594253,evaluated,-0.021601203574190375,evaluated,-0.09752547307132464
momentum_in_trend_context,1,6589cb8021b76574,IWM,neutral,momentum_midrange,150,2018-09-21T04:00:00+00:00,2018-10-04T04:00:00+00:00,10,evaluated,-0.0028778941042155726,evaluated,-0.010043413075579988,evaluated,-0.09925992271664175
momentum_in_trend_context,1,6589cb8021b76574,IWM,bearish,"fast_below_slow,momentum_depressed,momentum_confirms_trend",151,2018-10-05T04:00:00+00:00,2018-11-01T04:00:00+00:00,20,evaluated,0.00030909965035053055,evaluated,-0.05050378904104502,evaluated,-0.0480311804861816
momentum_in_trend_context,1,6589cb8021b76574,IWM,neutral,momentum_midrange,152,2018-11-02T04:00:00+00:00,2018-11-09T05:00:00+00:00,6,evaluated,-0.0010386160107338505,evaluated,0.00025972829567422195,evaluated,0.00025972829567422195
momentum_in_trend_context,1,6589cb8021b76574,IWM,bearish,"fast_below_slow,momentum_depressed,momentum_confirms_trend",153,2018-11-12T05:00:00+00:00,2018-11-27T05:00:00+00:00,11,evaluated,-0.006926141223509208,evaluated,-0.01807391413489212,evaluated,-0.044722945292412164
momentum_in_trend_context,1,6589cb8021b76574,IWM,neutral,momentum_midrange,154,2018-11-28T05:00:00+00:00,2018-12-03T05:00:00+00:00,4,evaluated,0.0014510996624064187,evaluated,-0.029087815080506396,evaluated,-0.12367258046643526
momentum_in_trend_context,1,6589cb8021b76574,IWM,bearish,"fast_below_slow,momentum_depressed,momentum_confirms_trend",155,2018-12-04T05:00:00+00:00,2019-01-03T05:00:00+00:00,20,evaluated,0.012031626240753601,evaluated,-0.004331314109601636,evaluated,-0.056789238089672955
momentum_in_trend_context,1,6589cb8021b76574,IWM,neutral,momentum_midrange,156,2019-01-04T05:00:00+00:00,2019-01-29T05:00:00+00:00,17,evaluated,0.01697509780199402,evaluated,0.04677253697999806,evaluated,0.09981067139230393
momentum_in_trend_context,1,6589cb8021b76574,IWM,bullish,"fast_above_slow,momentum_elevated,momentum_confirms_trend",157,2019-01-30T05:00:00+00:00,2019-03-05T05:00:00+00:00,24,evaluated,0.009823161996115548,evaluated,0.02249164725765107,evaluated,0.06212314972582034
momentum_in_trend_context,1,6589cb8021b76574,IWM,neutral,momentum_midrange,158,2019-03-06T05:00:00+00:00,2019-03-12T04:00:00+00:00,5,evaluated,-0.008757100766339843,evaluated,0.012808726966104578,evaluated,0.013985095607748521
momentum_in_trend_context,1,6589cb8021b76574,IWM,bullish,"fast_above_slow,momentum_elevated,momentum_confirms_trend",159,2019-03-13T04:00:00+00:00,2019-03-13T04:00:00+00:00,1,evaluated,-0.0035505991907029966,evaluated,-0.01058747226771617,evaluated,0.0155584490450007
momentum_in_trend_context,1,6589cb8021b76574,IWM,neutral,momentum_midrange,160,2019-03-14T04:00:00+00:00,2019-03-15T04:00:00+00:00,2,evaluated,0.001488356496187837,evaluated,0.0047887497509202515,evaluated,0.016695799206855044
momentum_in_trend_context,1,6589cb8021b76574,IWM,bullish,"fast_above_slow,momentum_elevated,momentum_confirms_trend",161,2019-03-18T04:00:00+00:00,2019-03-18T04:00:00+00:00,1,evaluated,-0.00971363148755744,evaluated,-0.03962165847088561,evaluated,0.004409524924883446
momentum_in_trend_context,1,6589cb8021b76574,IWM,neutral,momentum_midrange,162,2019-03-19T04:00:00+00:00,2019-04-02T04:00:00+00:00,11,evaluated,-0.008282637730719578,evaluated,-0.017341741893434737,evaluated,0.01941245069452968
momentum_in_trend_context,1,6589cb8021b76574,IWM,bullish,"fast_above_slow,momentum_elevated,momentum_confirms_trend",163,2019-04-03T04:00:00+00:00,2019-04-08T04:00:00+00:00,4,evaluated,0.0041215829126717285,evaluated,0.013073150407362899,evaluated,0.014425589327494936
momentum_in_trend_context,1,6589cb8021b76574,IWM,neutral,momentum_midrange,164,2019-04-09T04:00:00+00:00,2019-04-09T04:00:00+00:00,1,evaluated,0.011770014672894291,evaluated,0.01324927717520441,evaluated,0.008232562480513073
momentum_in_trend_context,1,6589cb8021b76574,IWM,bullish,"fast_above_slow,momentum_elevated,momentum_confirms_trend",165,2019-04-10T04:00:00+00:00,2019-04-16T04:00:00+00:00,5,evaluated,-0.002602867261228603,evaluated,-0.009014716419694535,evaluated,-0.008443383665443505
momentum_in_trend_context,1,6589cb8021b76574,IWM,neutral,momentum_midrange,166,2019-04-17T04:00:00+00:00,2019-04-22T04:00:00+00:00,3,evaluated,-0.0030107053927713734,evaluated,0.004099669381501414,evaluated,-0.0071103747742728984
momentum_in_trend_context,1,6589cb8021b76574,IWM,bullish,"fast_above_slow,momentum_elevated,momentum_confirms_trend",167,2019-04-23T04:00:00+00:00,2019-04-24T04:00:00+00:00,2,evaluated,0.0027915394939526106,evaluated,0.0042507181176296704,evaluated,-0.02410853895880105
momentum_in_trend_context,1,6589cb8021b76574,IWM,neutral,momentum_midrange,168,2019-04-25T04:00:00+00:00,2019-04-25T04:00:00+00:00,1,evaluated,0.008346059521912697,evaluated,0.0035677722645273136,evaluated,-0.04822889271417152
momentum_in_trend_context,1,6589cb8021b76574,IWM,bullish,"fast_above_slow,momentum_elevated,momentum_confirms_trend",169,2019-04-26T04:00:00+00:00,2019-04-30T04:00:00+00:00,3,evaluated,0.0025848170138100812,evaluated,0.012041380159533377,evaluated,-0.04936327116433159
momentum_in_trend_context,1,6589cb8021b76574,IWM,neutral,momentum_midrange,170,2019-05-01T04:00:00+00:00,2019-05-02T04:00:00+00:00,2,evaluated,0.005618008722174883,evaluated,0.0007660566755303133,evaluated,-0.05560525247577852
momentum_in_trend_context,1,6589cb8021b76574,IWM,bullish,"fast_above_slow,momentum_elevated,momentum_confirms_trend",171,2019-05-03T04:00:00+00:00,2019-05-06T04:00:00+00:00,2,evaluated,0.015994526205799442,evaluated,-0.009862167346228468,evaluated,-0.07466176574429673
momentum_in_trend_context,1,6589cb8021b76574,IWM,neutral,momentum_midrange,172,2019-05-07T04:00:00+00:00,2019-05-24T04:00:00+00:00,14,evaluated,-0.003179448158878495,evaluated,-0.023655102064380484,evaluated,-0.044957346511431795
momentum_in_trend_context,1,6589cb8021b76574,IWM,bearish,"fast_below_slow,momentum_depressed,momentum_confirms_trend",173,2019-05-28T04:00:00+00:00,2019-06-03T04:00:00+00:00,5,evaluated,-0.0033593120955534017,evaluated,0.008868633140934223,evaluated,0.01552000547856558
momentum_in_trend_context,1,6589cb8021b76574,IWM,neutral,momentum_midrange,174,2019-06-04T04:00:00+00:00,2019-06-05T04:00:00+00:00,2,evaluated,-0.0037807912324103743,evaluated,0.003581908759603847,evaluated,0.029119126755137836
momentum_in_trend_context,1,6589cb8021b76574,IWM,bearish,"fast_below_slow,momentum_depressed,momentum_confirms_trend",175,2019-06-06T04:00:00+00:00,2019-06-06T04:00:00+00:00,1,evaluated,0.0033920484611407176,evaluated,0.018091128102984078,evaluated,0.04210167153506772
momentum_in_trend_context,1,6589cb8021b76574,IWM,neutral,momentum_midrange,176,2019-06-07T04:00:00+00:00,2019-06-25T04:00:00+00:00,13,evaluated,0.0019808719564406996,evaluated,0.001848786958989379,evaluated,0.024694655454118086
momentum_in_trend_context,1,6589cb8021b76574,IWM,bearish,"fast_below_slow,momentum_depressed,momentum_confirms_trend",177,2019-06-26T04:00:00+00:00,2019-06-26T04:00:00+00:00,1,evaluated,0.015802693089405295,evaluated,0.03319220332809869,evaluated,0.02724143723582273
momentum_in_trend_context,1,6589cb8021b76574,IWM,neutral,momentum_midrange,178,2019-06-27T04:00:00+00:00,2019-07-05T04:00:00+00:00,6,evaluated,0.01006822398495344,evaluated,0.01773300280387069,evaluated,0.021110750662064914
momentum_in_trend_context,1,6589cb8021b76574,IWM,bullish,"fast_above_slow,momentum_elevated,momentum_confirms_trend",179,2019-07-08T04:00:00+00:00,2019-07-10T04:00:00+00:00,3,evaluated,0.0055649064819049965,evaluated,0.00485311267363242,evaluated,-0.042319099069869415
momentum_in_trend_context,1,6589cb8021b76574,IWM,neutral,momentum_midrange,180,2019-07-11T04:00:00+00:00,2019-07-11T04:00:00+00:00,1,evaluated,0.006252425064582345,evaluated,-0.0027716428868952425,evaluated,-0.01675909574413148
momentum_in_trend_context,1,6589cb8021b76574,IWM,bullish,"fast_above_slow,momentum_elevated,momentum_confirms_trend",181,2019-07-12T04:00:00+00:00,2019-07-12T04:00:00+00:00,1,evaluated,-0.008111933394644,evaluated,-0.01750121536217797,evaluated,-0.03794074178612039
momentum_in_trend_context,1,6589cb8021b76574,IWM,neutral,momentum_midrange,182,2019-07-15T04:00:00+00:00,2019-07-23T04:00:00+00:00,7,evaluated,0.0007090866169614518,evaluated,-0.009347077685755267,evaluated,-0.04164253536088758
momentum_in_trend_context,1,6589cb8021b76574,IWM,bullish,"fast_above_slow,momentum_elevated,momentum_confirms_trend",183,2019-07-24T04:00:00+00:00,2019-07-24T04:00:00+00:00,1,evaluated,-0.011579031366821813,evaluated,-0.003944491322546262,evaluated,-0.043262425943709215
momentum_in_trend_context,1,6589cb8021b76574,IWM,neutral,momentum_midrange,184,2019-07-25T04:00:00+00:00,2019-07-25T04:00:00+00:00,1,evaluated,0.01041261793367676,evaluated,-0.008291609009766554,evaluated,-0.03567298487233983
momentum_in_trend_context,1,6589cb8021b76574,IWM,bullish,"fast_above_slow,momentum_elevated,momentum_confirms_trend",185,2019-07-26T04:00:00+00:00,2019-07-26T04:00:00+00:00,1,evaluated,-0.0066162512168007614,evaluated,-0.029327568794141223,evaluated,-0.07481398042479603
momentum_in_trend_context,1,6589cb8021b76574,IWM,neutral,momentum_midrange,186,2019-07-29T04:00:00+00:00,2019-07-29T04:00:00+00:00,1,evaluated,0.01792853619932755,evaluated,-0.04553074725753126,evaluated,-0.05178639820539477
momentum_in_trend_context,1,6589cb8021b76574,IWM,bullish,"fast_above_slow,momentum_elevated,momentum_confirms_trend",187,2019-07-30T04:00:00+00:00,2019-07-30T04:00:00+00:00,1,evaluated,-0.007732293257332712,evaluated,-0.053365434364866626,evaluated,-0.0819495042199091
momentum_in_trend_context,1,6589cb8021b76574,IWM,neutral,momentum_midrange,188,2019-07-31T04:00:00+00:00,2019-08-12T04:00:00+00:00,9,evaluated,-0.016509507369115606,evaluated,-0.0481896820709623,evaluated,-0.06591032174178957
momentum_in_trend_context,1,6589cb8021b76574,IWM,bearish,"fast_below_slow,momentum_depressed,momentum_confirms_trend",189,2019-08-13T04:00:00+00:00,2019-08-16T04:00:00+00:00,4,evaluated,-0.012706925737086205,evaluated,0.008110827799895137,evaluated,0.06116933584610895
momentum_in_trend_context,1,6589cb8021b76574,IWM,neutral,momentum_midrange,190,2019-08-19T04:00:00+00:00,2019-08-19T04:00:00+00:00,1,evaluated,-0.005136101133040416,evaluated,-0.019276943869701024,evaluated,0.050493646055732144
momentum_in_trend_context,1,6589cb8021b76574,IWM,bearish,"fast_below_slow,momentum_depressed,momentum_confirms_trend",191,2019-08-20T04:00:00+00:00,2019-08-20T04:00:00+00:00,1,evaluated,-0.0015933491047339654,evaluated,-0.038308253888752475,evaluated,0.03917148683136684
momentum_in_trend_context,1,6589cb8021b76574,IWM,neutral,momentum_midrange,192,2019-08-21T04:00:00+00:00,2019-08-22T04:00:00+00:00,2,evaluated,-0.004247689635801355,evaluated,-0.02741093072943135,evaluated,0.03378241454667874
momentum_in_trend_context,1,6589cb8021b76574,IWM,bearish,"fast_below_slow,momentum_depressed,momentum_confirms_trend",193,2019-08-23T04:00:00+00:00,2019-08-28T04:00:00+00:00,4,evaluated,0.0015667283566607182,evaluated,0.0138964117419913,evaluated,0.05796998862347125
momentum_in_trend_context,1,6589cb8021b76574,IWM,neutral,momentum_midrange,194,2019-08-29T04:00:00+00:00,2019-08-30T04:00:00+00:00,2,evaluated,-0.007005157489048064,evaluated,6.66789437362425e-05,evaluated,0.008472908650559718
momentum_in_trend_context,1,6589cb8021b76574,IWM,bearish,"fast_below_slow,momentum_depressed,momentum_confirms_trend",195,2019-09-03T04:00:00+00:00,2019-09-03T04:00:00+00:00,1,evaluated,-0.0011485587139689057,evaluated,0.039456873274932525,evaluated,0.0024322723039824634
momentum_in_trend_context,1,6589cb8021b76574,IWM,neutral,momentum_midrange,196,2019-09-04T04:00:00+00:00,2019-09-20T04:00:00+00:00,13,evaluated,0.004938206234464948,evaluated,0.04771433837343464,evaluated,-0.017350724041476195
momentum_in_trend_context,1,6589cb8021b76574,IWM,bullish,"fast_above_slow,momentum_elevated,momentum_confirms_trend",197,2019-09-23T04:00:00+00:00,2019-09-23T04:00:00+00:00,1,evaluated,-0.017531429762851936,evaluated,-0.02455686566855919,evaluated,-0.007154370957256684
momentum_in_trend_context,1,6589cb8021b76574,IWM,neutral,momentum_midrange,198,2019-09-24T04:00:00+00:00,2019-10-29T04:00:00+00:00,26,evaluated,0.0119517161728937,evaluated,-0.02567640985981512,evaluated,0.01267407374600471
momentum_in_trend_context,1,6589cb8021b76574,IWM,bullish,"fast_above_slow,momentum_elevated,momentum_confirms_trend",199,2019-10-30T04:00:00+00:00,2020-01-23T05:00:00+00:00,58,evaluated,-0.0041640559247793085,evaluated,0.013645032291740966,evaluated,0.04311335979753994
momentum_in_trend_context,1,6589cb8021b76574,IWM,neutral,momentum_midrange,200,2020-01-24T05:00:00+00:00,2020-02-04T05:00:00+00:00,8,evaluated,0.004052737971043108,evaluated,-0.014246283311429742,evaluated,-0.004789676082671224
momentum_in_trend_context,1,6589cb8021b76574,IWM,bullish,"fast_above_slow,momentum_elevated,momentum_confirms_trend",201,2020-02-05T05:00:00+00:00,2020-02-06T05:00:00+00:00,2,evaluated,-0.005718069672745352,evaluated,0.0013103890732200085,evaluated,-0.12252065126100642
momentum_in_trend_context,1,6589cb8021b76574,IWM,neutral,momentum_midrange,202,2020-02-07T05:00:00+00:00,2020-02-10T05:00:00+00:00,2,evaluated,0.007596013724750605,evaluated,0.020296526418587035,evaluated,-0.2078269169642205
momentum_in_trend_context,1,6589cb8021b76574,IWM,bullish,"fast_above_slow,momentum_elevated,momentum_confirms_trend",203,2020-02-11T05:00:00+00:00,2020-02-20T05:00:00+00:00,7,evaluated,0.0005356287085001021,evaluated,0.0022615737076594478,evaluated,-0.25080351117423383
momentum_in_trend_context,1,6589cb8021b76574,IWM,neutral,momentum_midrange,204,2020-02-21T05:00:00+00:00,2020-02-21T05:00:00+00:00,1,evaluated,0.0012974589958931748,evaluated,-0.09594710688703456,evaluated,-0.3735326755003485
momentum_in_trend_context,1,6589cb8021b76574,IWM,bearish,"fast_below_slow,momentum_depressed,momentum_confirms_trend",205,2020-02-24T05:00:00+00:00,2020-04-07T04:00:00+00:00,32,evaluated,-0.03821072206875076,evaluated,-0.07069902283476037,evaluated,-0.3853064305954673
momentum_in_trend_context,1,6589cb8021b76574,IWM,neutral,momentum_midrange,206,2020-04-08T04:00:00+00:00,2020-05-07T04:00:00+00:00,21,evaluated,0.014763804780111078,evaluated,-0.041092475246706894,evaluated,0.04527562627430348
momentum_in_trend_context,1,6589cb8021b76574,IWM,bullish,"fast_above_slow,momentum_elevated,momentum_confirms_trend",207,2020-05-08T04:00:00+00:00,2020-05-11T04:00:00+00:00,2,evaluated,0.009891827696555833,evaluated,-0.04087111173514457,evaluated,0.17391298243150755
momentum_in_trend_context,1,6589cb8021b76574,IWM,neutral,momentum_midrange,208,2020-05-12T04:00:00+00:00,2020-05-15T04:00:00+00:00,4,evaluated,-0.023318744684394765,evaluated,0.03509746103589628,evaluated,0.1633902976568924
momentum_in_trend_context,1,6589cb8021b76574,IWM,bullish,"fast_above_slow,momentum_elevated,momentum_confirms_trend",209,2020-05-18T04:00:00+00:00,2020-06-10T04:00:00+00:00,17,evaluated,-0.01633643656154471,evaluated,0.04961426030879945,evaluated,0.09196795908216449
momentum_in_trend_context,1,6589cb8021b76574,IWM,neutral,momentum_midrange,210,2020-06-11T04:00:00+00:00,2020-06-15T04:00:00+00:00,3,evaluated,-0.01467966601378523,evaluated,0.009905218923333958,evaluated,0.006983508264461369
momentum_in_trend_context,1,6589cb8021b76574,IWM,bullish,"fast_above_slow,momentum_elevated,momentum_confirms_trend",211,2020-06-16T04:00:00+00:00,2020-06-16T04:00:00+00:00,1,evaluated,-0.019503369090899447,evaluated,-0.01099658605824283,evaluated,0.016875319892146967
momentum_in_trend_context,1,6589cb8021b76574,IWM,neutral,momentum_midrange,212,2020-06-17T04:00:00+00:00,2020-07-14T04:00:00+00:00,19,evaluated,0.009617483440022667,evaluated,-0.014319260360149633,evaluated,0.041248192251400306
momentum_in_trend_context,1,6589cb8021b76574,IWM,bullish,"fast_above_slow,momentum_elevated,momentum_confirms_trend",213,2020-07-15T04:00:00+00:00,2020-07-27T04:00:00+00:00,9,evaluated,0.00034222881082013323,evaluated,0.013688316964241443,evaluated,0.07809187334505419
momentum_in_trend_context,1,6589cb8021b76574,IWM,neutral,momentum_midrange,214,2020-07-28T04:00:00+00:00,2020-07-28T04:00:00+00:00,1,evaluated,0.015986436078337496,evaluated,0.02578226725260424,evaluated,0.06394553671077796
momentum_in_trend_context,1,6589cb8021b76574,IWM,bullish,"fast_above_slow,momentum_elevated,momentum_confirms_trend",215,2020-07-29T04:00:00+00:00,2020-09-02T04:00:00+00:00,26,evaluated,0.011009889383630567,evaluated,0.04519501103757806,evaluated,0.056272929275813066
momentum_in_trend_context,1,6589cb8021b76574,IWM,neutral,momentum_midrange,216,2020-09-03T04:00:00+00:00,2020-09-23T04:00:00+00:00,14,evaluated,-0.018688610472265887,evaluated,-0.04212968039644038,evaluated,-0.018367481131813856
momentum_in_trend_context,1,6589cb8021b76574,IWM,bearish,"fast_below_slow,momentum_depressed,momentum_confirms_trend",217,2020-09-24T04:00:00+00:00,2020-09-25T04:00:00+00:00,2,evaluated,0.020705529630176578,evaluated,0.060931330769777414,evaluated,0.1302983974016656
momentum_in_trend_context,1,6589cb8021b76574,IWM,neutral,momentum_midrange,218,2020-09-28T04:00:00+00:00,2020-10-16T04:00:00+00:00,15,evaluated,-0.0034034684341133215,evaluated,0.04818152103187501,evaluated,0.06473137506275095
momentum_in_trend_context,1,6589cb8021b76574,IWM,bullish,"fast_above_slow,momentum_elevated,momentum_confirms_trend",219,2020-10-19T04:00:00+00:00,2020-10-23T04:00:00+00:00,5,evaluated,-0.004951739687094725,evaluated,-0.01244116450365107,evaluated,0.09946773685974186
momentum_in_trend_context,1,6589cb8021b76574,IWM,neutral,momentum_midrange,220,2020-10-26T04:00:00+00:00,2020-11-02T05:00:00+00:00,6,evaluated,-0.007964906219930401,evaluated,-0.02276569265286188,evaluated,0.13402327240503698
momentum_in_trend_context,1,6589cb8021b76574,IWM,bullish,"fast_above_slow,momentum_elevated,momentum_confirms_trend",221,2020-11-03T05:00:00+00:00,2021-01-28T05:00:00+00:00,59,evaluated,0.016925503448147694,evaluated,0.09477018667665416,evaluated,0.1593660817093403
momentum_in_trend_context,1,6589cb8021b76574,IWM,neutral,momentum_midrange,222,2021-01-29T05:00:00+00:00,2021-01-29T05:00:00+00:00,1,evaluated,0.011721201243543256,evaluated,0.06475474778358326,evaluated,0.08598745886881476
momentum_in_trend_context,1,6589cb8021b76574,IWM,bullish,"fast_above_slow,momentum_elevated,momentum_confirms_trend",223,2021-02-01T05:00:00+00:00,2021-02-24T05:00:00+00:00,17,evaluated,0.0021581361812779143,evaluated,0.0664321091605855,evaluated,0.040206462911656304
momentum_in_trend_context,1,6589cb8021b76574,IWM,neutral,momentum_midrange,224,2021-02-25T05:00:00+00:00,2021-02-26T05:00:00+00:00,2,evaluated,-0.005512056716094893,evaluated,-0.02883564917937087,evaluated,-0.013028428182799368
momentum_in_trend_context,1,6589cb8021b76574,IWM,bullish,"fast_above_slow,momentum_elevated,momentum_confirms_trend",225,2021-03-01T05:00:00+00:00,2021-03-01T05:00:00+00:00,1,evaluated,-0.018025564402546324,evaluated,-0.031223650306037465,evaluated,-0.050445102654369744
momentum_in_trend_context,1,6589cb8021b76574,IWM,neutral,momentum_midrange,226,2021-03-02T05:00:00+00:00,2021-03-08T05:00:00+00:00,5,evaluated,-0.013937554492613025,evaluated,0.004136310478010552,evaluated,-0.019827370283312495
momentum_in_trend_context,1,6589cb8021b76574,IWM,bullish,"fast_above_slow,momentum_elevated,momentum_confirms_trend",227,2021-03-09T05:00:00+00:00,2021-03-17T04:00:00+00:00,7,evaluated,0.007180829225883034,evaluated,0.02171983051381665,evaluated,-0.021764200041095916
momentum_in_trend_context,1,6589cb8021b76574,IWM,neutral,momentum_midrange,228,2021-03-18T04:00:00+00:00,2021-04-19T04:00:00+00:00,22,evaluated,0.010553480161604512,evaluated,-0.035222885532926296,evaluated,0.0003561765581194809
momentum_in_trend_context,1,6589cb8021b76574,IWM,bearish,"fast_below_slow,momentum_depressed,momentum_confirms_trend",229,2021-04-20T04:00:00+00:00,2021-04-20T04:00:00+00:00,1,evaluated,0.02525110874414649,evaluated,0.0526679220844144,evaluated,0.012072597297980936
momentum_in_trend_context,1,6589cb8021b76574,IWM,neutral,momentum_midrange,230,2021-04-21T04:00:00+00:00,2021-04-27T04:00:00+00:00,5,evaluated,-0.007524826288257458,evaluated,0.02499329019236285,evaluated,-0.0237839187012574
momentum_in_trend_context,1,6589cb8021b76574,IWM,bullish,"fast_above_slow,momentum_elevated,momentum_confirms_trend",231,2021-04-28T04:00:00+00:00,2021-04-29T04:00:00+00:00,2,evaluated,-0.01238899950069361,evaluated,-0.03660390722815132,evaluated,-0.03248862812088005
momentum_in_trend_context,1,6589cb8021b76574,IWM,neutral,momentum_midrange,232,2021-04-30T04:00:00+00:00,2021-05-12T04:00:00+00:00,9,evaluated,-0.005369487190938327,evaluated,-0.008010242816949287,evaluated,-0.0075261065240874725
momentum_in_trend_context,1,6589cb8021b76574,IWM,bearish,"fast_below_slow,momentum_depressed,momentum_confirms_trend",233,2021-05-13T04:00:00+00:00,2021-05-13T04:00:00+00:00,1,evaluated,0.014132338242414999,evaluated,0.006699052210346945,evaluated,0.06313661720057717
momentum_in_trend_context,1,6589cb8021b76574,IWM,neutral,momentum_midrange,234,2021-05-14T04:00:00+00:00,2021-05-18T04:00:00+00:00,3,evaluated,0.007007045925359057,evaluated,0.0008645119777119792,evaluated,0.051142076420026106
momentum_in_trend_context,1,6589cb8021b76574,IWM,bearish,"fast_below_slow,momentum_depressed,momentum_confirms_trend",235,2021-05-19T04:00:00+00:00,2021-05-19T04:00:00+00:00,1,evaluated,0.005177026627135151,evaluated,0.023273934721298017,evaluated,0.04132491335095434
momentum_in_trend_context,1,6589cb8021b76574,IWM,neutral,momentum_midrange,236,2021-05-20T04:00:00+00:00,2021-06-08T04:00:00+00:00,13,evaluated,-0.006144673560296021,evaluated,0.019518330229478797,evaluated,0.0036145260251181366
momentum_in_trend_context,1,6589cb8021b76574,IWM,bullish,"fast_above_slow,momentum_elevated,momentum_confirms_trend",237,2021-06-09T04:00:00+00:00,2021-06-16T04:00:00+00:00,6,evaluated,-0.010359090004992355,evaluated,-0.0078124897091425005,evaluated,-0.043076640379151376
momentum_in_trend_context,1,6589cb8021b76574,IWM,neutral,momentum_midrange,238,2021-06-17T04:00:00+00:00,2021-06-23T04:00:00+00:00,5,evaluated,-0.007018292744067178,evaluated,0.03661154471674477,evaluated,-0.03911488654165918
momentum_in_trend_context,1,6589cb8021b76574,IWM,bullish,"fast_above_slow,momentum_elevated,momentum_confirms_trend",239,2021-06-24T04:00:00+00:00,2021-06-28T04:00:00+00:00,3,evaluated,-4.3025989602707426e-05,evaluated,-0.0038744410973217125,evaluated,-0.05484519610227889
momentum_in_trend_context,1,6589cb8021b76574,IWM,neutral,momentum_midrange,240,2021-06-29T04:00:00+00:00,2021-06-30T04:00:00+00:00,2,evaluated,0.0031489229823862264,evaluated,-0.02138639632705286,evaluated,-0.03424442064848887
momentum_in_trend_context,1,6589cb8021b76574,IWM,bullish,"fast_above_slow,momentum_elevated,momentum_confirms_trend",241,2021-07-01T04:00:00+00:00,2021-07-01T04:00:00+00:00,1,evaluated,-0.012112058442214413,evaluated,-0.024224116884428826,evaluated,-0.047198262707940475
momentum_in_trend_context,1,6589cb8021b76574,IWM,neutral,momentum_midrange,242,2021-07-02T04:00:00+00:00,2021-07-21T04:00:00+00:00,13,evaluated,-0.01525985346479819,evaluated,-0.012164253918330759,evaluated,-0.04102722199628683
momentum_in_trend_context,1,6589cb8021b76574,IWM,bearish,"fast_below_slow,momentum_depressed,momentum_confirms_trend",243,2021-07-22T04:00:00+00:00,2021-07-22T04:00:00+00:00,1,evaluated,-0.0014553694116340443,evaluated,0.01205261842963612,evaluated,-0.03606673421516515
momentum_in_trend_context,1,6589cb8021b76574,IWM,neutral,momentum_midrange,244,2021-07-23T04:00:00+00:00,2021-07-26T04:00:00+00:00,2,evaluated,-0.0009074683460957855,evaluated,0.0029947078539733774,evaluated,-0.022097169248489257
momentum_in_trend_context,1,6589cb8021b76574,IWM,bearish,"fast_below_slow,momentum_depressed,momentum_confirms_trend",245,2021-07-27T04:00:00+00:00,2021-07-27T04:00:00+00:00,1,evaluated,0.008310535727026336,evaluated,0.00849315347192503,evaluated,0.012694058352953785
momentum_in_trend_context,1,6589cb8021b76574,IWM,neutral,momentum_midrange,246,2021-07-28T04:00:00+00:00,2021-08-03T04:00:00+00:00,5,evaluated,-0.0012118543103735169,evaluated,-0.02100629658788422,evaluated,-0.0010323431683202378
momentum_in_trend_context,1,6589cb8021b76574,IWM,bearish,"fast_below_slow,momentum_depressed,momentum_confirms_trend",247,2021-08-04T04:00:00+00:00,2021-08-04T04:00:00+00:00,1,evaluated,0.013419154185716708,evaluated,0.02099596595191544,evaluated,0.03811221983242841
momentum_in_trend_context,1,6589cb8021b76574,IWM,neutral,momentum_midrange,248,2021-08-05T04:00:00+00:00,2021-08-13T04:00:00+00:00,7,evaluated,-0.0016089412753141907,evaluated,-0.0026368551414106545,evaluated,0.0235530917204958
momentum_in_trend_context,1,6589cb8021b76574,IWM,bearish,"fast_below_slow,momentum_depressed,momentum_confirms_trend",249,2021-08-16T04:00:00+00:00,2021-08-20T04:00:00+00:00,5,evaluated,-0.0012000819774308225,evaluated,0.013661919159266622,evaluated,0.015600431860486319
momentum_in_trend_context,1,6589cb8021b76574,IWM,neutral,momentum_midrange,250,2021-08-23T04:00:00+00:00,2021-09-22T04:00:00+00:00,22,evaluated,0.006626685759544504,evaluated,0.023420425888634577,evaluated,-0.012708800647584284
momentum_in_trend_context,1,6589cb8021b76574,IWM,bullish,"fast_above_slow,momentum_elevated,momentum_confirms_trend",251,2021-09-23T04:00:00+00:00,2021-09-23T04:00:00+00:00,1,evaluated,0.00013451160757860237,evaluated,-0.019146283699485234,evaluated,0.02210560748514001
momentum_in_trend_context,1,6589cb8021b76574,IWM,neutral,momentum_midrange,252,2021-09-24T04:00:00+00:00,2021-09-24T04:00:00+00:00,1,evaluated,0.01261071185848528,evaluated,-0.00599229213464747,evaluated,0.016948433179849287
momentum_in_trend_context,1,6589cb8021b76574,IWM,bullish,"fast_above_slow,momentum_elevated,momentum_confirms_trend",253,2021-09-27T04:00:00+00:00,2021-09-27T04:00:00+00:00,1,evaluated,-0.018277850623490854,evaluated,-0.02284729635599192,evaluated,0.018455275251870518
momentum_in_trend_context,1,6589cb8021b76574,IWM,neutral,momentum_midrange,254,2021-09-28T04:00:00+00:00,2021-10-15T04:00:00+00:00,14,evaluated,-0.0065235835711990875,evaluated,-0.005623790776859594,evaluated,0.025059576003795492
momentum_in_trend_context,1,6589cb8021b76574,IWM,bullish,"fast_above_slow,momentum_elevated,momentum_confirms_trend",255,2021-10-18T04:00:00+00:00,2021-10-26T04:00:00+00:00,7,evaluated,-0.00048677145070918915,evaluated,0.015886413242560238,evaluated,0.05562442500164577
momentum_in_trend_context,1,6589cb8021b76574,IWM,neutral,momentum_midrange,256,2021-10-27T04:00:00+00:00,2021-10-27T04:00:00+00:00,1,evaluated,0.014724188228020907,evaluated,0.06156581917262738,evaluated,0.03016013650914351
momentum_in_trend_context,1,6589cb8021b76574,IWM,bullish,"fast_above_slow,momentum_elevated,momentum_confirms_trend",257,2021-10-28T04:00:00+00:00,2021-11-17T05:00:00+00:00,15,evaluated,0.0010974538922337018,evaluated,0.047190517366048956,evaluated,-0.021729573669573288
momentum_in_trend_context,1,6589cb8021b76574,IWM,neutral,momentum_midrange,258,2021-11-18T05:00:00+00:00,2021-12-08T05:00:00+00:00,14,evaluated,-0.0023577958660960796,evaluated,-0.04466925870492411,evaluated,-0.07772111523450109
momentum_in_trend_context,1,6589cb8021b76574,IWM,bearish,"fast_below_slow,momentum_depressed,momentum_confirms_trend",259,2021-12-09T05:00:00+00:00,2021-12-20T05:00:00+00:00,8,evaluated,-0.010306000529181958,evaluated,-0.04059407919146818,evaluated,-0.0275877124582109
momentum_in_trend_context,1,6589cb8021b76574,IWM,neutral,momentum_midrange,260,2021-12-21T05:00:00+00:00,2022-01-04T05:00:00+00:00,10,evaluated,0.011061659320334982,evaluated,0.023500300595419965,evaluated,-0.07857894845951152
momentum_in_trend_context,1,6589cb8021b76574,IWM,bearish,"fast_below_slow,momentum_depressed,momentum_confirms_trend",261,2022-01-05T05:00:00+00:00,2022-01-05T05:00:00+00:00,1,evaluated,0.003580932664903669,evaluated,-0.008401440499130941,evaluated,-0.09315034369051689
momentum_in_trend_context,1,6589cb8021b76574,IWM,neutral,momentum_midrange,262,2022-01-06T05:00:00+00:00,2022-01-06T05:00:00+00:00,1,evaluated,-0.01157364459586896,evaluated,-0.020997307724255676,evaluated,-0.09249771571885579
momentum_in_trend_context,1,6589cb8021b76574,IWM,bearish,"fast_below_slow,momentum_depressed,momentum_confirms_trend",263,2022-01-07T05:00:00+00:00,2022-02-07T05:00:00+00:00,21,evaluated,0.0025608932384248995,evaluated,-0.0021418573577137723,evaluated,-0.07175119130025243
momentum_in_trend_context,1,6589cb8021b76574,IWM,neutral,momentum_midrange,264,2022-02-08T05:00:00+00:00,2022-02-10T05:00:00+00:00,3,evaluated,0.009972103500488494,evaluated,0.007283522417895538,evaluated,-0.0209708578546548
momentum_in_trend_context,1,6589cb8021b76574,IWM,bearish,"fast_below_slow,momentum_depressed,momentum_confirms_trend",265,2022-02-11T05:00:00+00:00,2022-02-14T05:00:00+00:00,2,evaluated,-0.004711660883921498,evaluated,-0.010712709466851322,evaluated,-0.044239438342173476
momentum_in_trend_context,1,6589cb8021b76574,IWM,neutral,momentum_midrange,266,2022-02-15T05:00:00+00:00,2022-02-17T05:00:00+00:00,3,evaluated,0.005796407324486275,evaluated,-0.06000977662485851,evaluated,-0.016366295959111543
momentum_in_trend_context,1,6589cb8021b76574,IWM,bearish,"fast_below_slow,momentum_depressed,momentum_confirms_trend",267,2022-02-18T05:00:00+00:00,2022-02-24T05:00:00+00:00,4,evaluated,-0.00916964986198432,evaluated,0.024385387448938367,evaluated,0.03506654002260978
momentum_in_trend_context,1,6589cb8021b76574,IWM,neutral,momentum_midrange,268,2022-02-25T05:00:00+00:00,2022-03-04T05:00:00+00:00,6,evaluated,0.01421662137058588,evaluated,-0.009028770128060581,evaluated,0.02818373752721315
momentum_in_trend_context,1,6589cb8021b76574,IWM,bearish,"fast_below_slow,momentum_depressed,momentum_confirms_trend",269,2022-03-07T05:00:00+00:00,2022-03-08T05:00:00+00:00,2,evaluated,0.002315513824852511,evaluated,-0.00838730912184149,evaluated,0.06982611701106123
momentum_in_trend_context,1,6589cb8021b76574,IWM,neutral,momentum_midrange,270,2022-03-09T05:00:00+00:00,2022-03-10T05:00:00+00:00,2,evaluated,0.01271462671735768,evaluated,0.022947159187791222,evaluated,0.01367710297429281
momentum_in_trend_context,1,6589cb8021b76574,IWM,bearish,"fast_below_slow,momentum_depressed,momentum_confirms_trend",271,2022-03-11T05:00:00+00:00,2022-03-15T04:00:00+00:00,3,evaluated,-0.02296693699622654,evaluated,0.05085174660291969,evaluated,0.003194025585470106
momentum_in_trend_context,1,6589cb8021b76574,IWM,neutral,momentum_midrange,272,2022-03-16T04:00:00+00:00,2022-03-25T04:00:00+00:00,8,evaluated,0.021616756714319285,evaluated,0.01558992656978675,evaluated,0.0006973122810638444
momentum_in_trend_context,1,6589cb8021b76574,IWM,bullish,"fast_above_slow,momentum_elevated,momentum_confirms_trend",273,2022-03-28T04:00:00+00:00,2022-03-30T04:00:00+00:00,3,evaluated,0.017836570739746094,evaluated,-0.00043267470139718434,evaluated,-0.0974038197444036
momentum_in_trend_context,1,6589cb8021b76574,IWM,neutral,momentum_midrange,274,2022-03-31T04:00:00+00:00,2022-04-01T04:00:00+00:00,2,evaluated,0.006741753311744869,evaluated,-0.032592813079013294,evaluated,-0.1029682630793537
momentum_in_trend_context,1,6589cb8021b76574,IWM,bullish,"fast_above_slow,momentum_elevated,momentum_confirms_trend",275,2022-04-04T04:00:00+00:00,2022-04-04T04:00:00+00:00,1,evaluated,-0.023898831795775788,evaluated,-0.0549144694126078,evaluated,-0.09362377664995924
momentum_in_trend_context,1,6589cb8021b76574,IWM,neutral,momentum_midrange,276,2022-04-05T04:00:00+00:00,2022-04-25T04:00:00+00:00,14,evaluated,-0.005763420467458591,evaluated,-0.02042033349782124,evaluated,-0.03850548932025044
momentum_in_trend_context,1,6589cb8021b76574,IWM,bearish,"fast_below_slow,momentum_depressed,momentum_confirms_trend",277,2022-04-26T04:00:00+00:00,2022-05-03T04:00:00+00:00,6,evaluated,-0.0037831910374879207,evaluated,0.004369410839342391,evaluated,-0.06447482795749715
momentum_in_trend_context,1,6589cb8021b76574,IWM,neutral,momentum_midrange,278,2022-05-04T04:00:00+00:00,2022-05-04T04:00:00+00:00,1,evaluated,-0.030595732510311002,evaluated,-0.10927788236400093,evaluated,-0.014462508693757425
momentum_in_trend_context,1,6589cb8021b76574,IWM,bearish,"fast_below_slow,momentum_depressed,momentum_confirms_trend",279,2022-05-05T04:00:00+00:00,2022-05-16T04:00:00+00:00,8,evaluated,-0.012867672991028645,evaluated,-0.06682526038979042,evaluated,0.011353756317576513
momentum_in_trend_context,1,6589cb8021b76574,IWM,neutral,momentum_midrange,280,2022-05-17T04:00:00+00:00,2022-05-17T04:00:00+00:00,1,evaluated,-0.023438774859684597,evaluated,-0.027151293086611128,evaluated,-0.04770876351811004
momentum_in_trend_context,1,6589cb8021b76574,IWM,bearish,"fast_below_slow,momentum_depressed,momentum_confirms_trend",281,2022-05-18T04:00:00+00:00,2022-05-25T04:00:00+00:00,6,evaluated,0.009377319431482123,evaluated,0.021956637608164575,evaluated,-0.06283953074228521
momentum_in_trend_context,1,6589cb8021b76574,IWM,neutral,momentum_midrange,282,2022-05-26T04:00:00+00:00,2022-06-09T04:00:00+00:00,10,evaluated,0.02111452437308481,evaluated,0.01795822350024645,evaluated,-0.043643824844441514
momentum_in_trend_context,1,6589cb8021b76574,IWM,bearish,"fast_below_slow,momentum_depressed,momentum_confirms_trend",283,2022-06-10T04:00:00+00:00,2022-06-23T04:00:00+00:00,9,evaluated,-0.019754695836617153,evaluated,-0.04866677399873587,evaluated,-0.012440267242791458
momentum_in_trend_context,1,6589cb8021b76574,IWM,neutral,momentum_midrange,284,2022-06-24T04:00:00+00:00,2022-06-27T04:00:00+00:00,2,evaluated,0.0003985161094577361,evaluated,-0.024249983214202686,evaluated,0.02715320955302536
momentum_in_trend_context,1,6589cb8021b76574,IWM,bearish,"fast_below_slow,momentum_depressed,momentum_confirms_trend",285,2022-06-28T04:00:00+00:00,2022-07-01T04:00:00+00:00,4,evaluated,-0.01077948755407232,evaluated,-0.005795421514423471,evaluated,0.06293828118388389
momentum_in_trend_context,1,6589cb8021b76574,IWM,neutral,momentum_midrange,286,2022-07-05T04:00:00+00:00,2022-07-05T04:00:00+00:00,1,evaluated,-0.005218868729551129,evaluated,-0.005682781936106385,evaluated,0.0843723010103894
momentum_in_trend_context,1,6589cb8021b76574,IWM,bearish,"fast_below_slow,momentum_depressed,momentum_confirms_trend",287,2022-07-06T04:00:00+00:00,2022-07-06T04:00:00+00:00,1,evaluated,0.015908827897084477,evaluated,-0.008908904782455429,evaluated,0.09770912489882866
momentum_in_trend_context,1,6589cb8021b76574,IWM,neutral,momentum_midrange,288,2022-07-07T04:00:00+00:00,2022-07-12T04:00:00+00:00,4,evaluated,0.0029701775970620847,evaluated,-0.03147317950024875,evaluated,0.08156736266567477
momentum_in_trend_context,1,6589cb8021b76574,IWM,bearish,"fast_below_slow,momentum_depressed,momentum_confirms_trend",289,2022-07-13T04:00:00+00:00,2022-07-14T04:00:00+00:00,2,evaluated,0.005217008068668427,evaluated,0.0759426925160287,evaluated,0.15971071621509636
momentum_in_trend_context,1,6589cb8021b76574,IWM,neutral,momentum_midrange,290,2022-07-15T04:00:00+00:00,2022-07-29T04:00:00+00:00,11,evaluated,-0.014446403864316726,evaluated,0.025009932632356735,evaluated,0.14406438088334217
momentum_in_trend_context,1,6589cb8021b76574,IWM,bullish,"fast_above_slow,momentum_elevated,momentum_confirms_trend",291,2022-08-01T04:00:00+00:00,2022-08-19T04:00:00+00:00,15,evaluated,0.002842273694574571,evaluated,0.034053767694246284,evaluated,0.0041293734510656765
momentum_in_trend_context,1,6589cb8021b76574,IWM,neutral,momentum_midrange,292,2022-08-22T04:00:00+00:00,2022-08-24T04:00:00+00:00,3,evaluated,5.23437033002061e-05,evaluated,-0.01937779878984558,evaluated,-0.06745576997028158
momentum_in_trend_context,1,6589cb8021b76574,IWM,bullish,"fast_above_slow,momentum_elevated,momentum_confirms_trend",293,2022-08-25T04:00:00+00:00,2022-08-25T04:00:00+00:00,1,evaluated,-0.032558619481851125,evaluated,-0.07085080678485733,evaluated,-0.14349339257082716
momentum_in_trend_context,1,6589cb8021b76574,IWM,neutral,momentum_midrange,294,2022-08-26T04:00:00+00:00,2022-09-16T04:00:00+00:00,15,evaluated,0.001551262635228312,evaluated,-0.036694307153429806,evaluated,-0.12185075769540454
momentum_in_trend_context,1,6589cb8021b76574,IWM,bearish,"fast_below_slow,momentum_depressed,momentum_confirms_trend",295,2022-09-19T04:00:00+00:00,2022-10-03T04:00:00+00:00,11,evaluated,-0.003971621060013364,evaluated,-0.08166921605743183,evaluated,-0.037142693018726525
momentum_in_trend_context,1,6589cb8021b76574,IWM,neutral,momentum_midrange,296,2022-10-04T04:00:00+00:00,2022-10-06T04:00:00+00:00,3,evaluated,0.007438978483884862,evaluated,-0.03281242328149225,evaluated,0.05864712504569014
momentum_in_trend_context,1,6589cb8021b76574,IWM,bearish,"fast_below_slow,momentum_depressed,momentum_confirms_trend",297,2022-10-07T04:00:00+00:00,2022-10-12T04:00:00+00:00,4,evaluated,-0.00956934952705324,evaluated,-0.01464939350164296,evaluated,0.05546694879819336
momentum_in_trend_context,1,6589cb8021b76574,IWM,neutral,momentum_midrange,298,2022-10-13T04:00:00+00:00,2022-10-13T04:00:00+00:00,1,evaluated,-0.034329094280392325,evaluated,-0.021477403009657836,evaluated,0.07317354977245638
momentum_in_trend_context,1,6589cb8021b76574,IWM,bearish,"fast_below_slow,momentum_depressed,momentum_confirms_trend",299,2022-10-14T04:00:00+00:00,2022-10-14T04:00:00+00:00,1,evaluated,0.011220794550652835,evaluated,0.014569355597193079,evaluated,0.09799079165881563
momentum_in_trend_context,1,6589cb8021b76574,IWM,neutral,momentum_midrange,300,2022-10-17T04:00:00+00:00,2022-10-19T04:00:00+00:00,3,evaluated,-0.009609930828732072,evaluated,-0.013760935747448522,evaluated,0.05089273807107775
momentum_in_trend_context,1,6589cb8021b76574,IWM,bearish,"fast_below_slow,momentum_depressed,momentum_confirms_trend",301,2022-10-20T04:00:00+00:00,2022-10-20T04:00:00+00:00,1,evaluated,0.01948053819750628,evaluated,0.0572019054931463,evaluated,0.07756788585056218
momentum_in_trend_context,1,6589cb8021b76574,IWM,neutral,momentum_midrange,302,2022-10-21T04:00:00+00:00,2022-11-09T05:00:00+00:00,14,evaluated,0.0006923327493462139,evaluated,0.05677357444073716,evaluated,0.0600045779886782
momentum_in_trend_context,1,6589cb8021b76574,IWM,bullish,"fast_above_slow,momentum_elevated,momentum_confirms_trend",303,2022-11-10T05:00:00+00:00,2022-11-16T05:00:00+00:00,5,evaluated,0.006136947800170711,evaluated,-0.017334201743770095,evaluated,-0.03843669035738306
momentum_in_trend_context,1,6589cb8021b76574,IWM,neutral,momentum_midrange,304,2022-11-17T05:00:00+00:00,2022-11-17T05:00:00+00:00,1,evaluated,-0.0047131216991573854,evaluated,0.005363267310281916,evaluated,-0.05536595386239396
momentum_in_trend_context,1,6589cb8021b76574,IWM,bullish,"fast_above_slow,momentum_elevated,momentum_confirms_trend",305,2022-11-18T05:00:00+00:00,2022-11-18T05:00:00+00:00,1,evaluated,-0.00010944453766570383,evaluated,-0.005142808007900679,evaluated,-0.0589233195338047
momentum_in_trend_context,1,6589cb8021b76574,IWM,neutral,momentum_midrange,306,2022-11-21T05:00:00+00:00,2022-11-21T05:00:00+00:00,1,evaluated,0.005279205353780236,evaluated,-0.007456244339926976,evaluated,-0.058887596607921644
momentum_in_trend_context,1,6589cb8021b76574,IWM,bullish,"fast_above_slow,momentum_elevated,momentum_confirms_trend",307,2022-11-22T05:00:00+00:00,2022-11-25T05:00:00+00:00,3,evaluated,0.004883657214507897,evaluated,0.016712800169635944,evaluated,-0.045526071383712785
momentum_in_trend_context,1,6589cb8021b76574,IWM,neutral,momentum_midrange,308,2022-11-28T05:00:00+00:00,2022-11-29T05:00:00+00:00,2,evaluated,0.002253178655708732,evaluated,0.005001035226115835,evaluated,-0.048032563039568155
momentum_in_trend_context,1,6589cb8021b76574,IWM,bullish,"fast_above_slow,momentum_elevated,momentum_confirms_trend",309,2022-11-30T05:00:00+00:00,2022-12-02T05:00:00+00:00,3,evaluated,-0.006324672980175028,evaluated,-0.04576136534497355,evaluated,-0.07068821804100656
momentum_in_trend_context,1,6589cb8021b76574,IWM,neutral,momentum_midrange,310,2022-12-05T05:00:00+00:00,2022-12-22T05:00:00+00:00,14,evaluated,-0.015365253081627839,evaluated,-0.011811043331355298,evaluated,-0.04002628569979172
momentum_in_trend_context,1,6589cb8021b76574,IWM,bearish,"fast_below_slow,momentum_depressed,momentum_confirms_trend",311,2022-12-23T05:00:00+00:00,2022-12-28T05:00:00+00:00,3,evaluated,-0.0065381933107240275,evaluated,-0.005505888452091434,evaluated,0.07507453711899958
momentum_in_trend_context,1,6589cb8021b76574,IWM,neutral,momentum_midrange,312,2022-12-29T05:00:00+00:00,2022-12-29T05:00:00+00:00,1,evaluated,0.005884413834142732,evaluated,0.024460629876206008,evaluated,0.07845855769493171
momentum_in_trend_context,1,6589cb8021b76574,IWM,bearish,"fast_below_slow,momentum_depressed,momentum_confirms_trend",313,2022-12-30T05:00:00+00:00,2023-01-03T05:00:00+00:00,2,evaluated,-0.014380713264504963,evaluated,0.011084023692451872,evaluated,0.08838744784361285
momentum_in_trend_context,1,6589cb8021b76574,IWM,neutral,momentum_midrange,314,2023-01-04T05:00:00+00:00,2023-01-04T05:00:00+00:00,1,evaluated,-0.0052122325516761325,evaluated,0.0467953395974281,evaluated,0.1359185032595025
momentum_in_trend_context,1,6589cb8021b76574,IWM,bearish,"fast_below_slow,momentum_depressed,momentum_confirms_trend",315,2023-01-05T05:00:00+00:00,2023-01-05T05:00:00+00:00,1,evaluated,0.013006267767283974,evaluated,0.06006844606949535,evaluated,0.12373075906337672
momentum_in_trend_context,1,6589cb8021b76574,IWM,neutral,momentum_midrange,316,2023-01-06T05:00:00+00:00,2023-01-25T05:00:00+00:00,13,evaluated,-0.006312438739169313,evaluated,0.044913741085081504,evaluated,0.0845204477241337
momentum_in_trend_context,1,6589cb8021b76574,IWM,bullish,"fast_above_slow,momentum_elevated,momentum_confirms_trend",317,2023-01-26T05:00:00+00:00,2023-02-08T05:00:00+00:00,10,evaluated,0.008511576443669622,evaluated,0.05500591462756832,evaluated,-0.0025002725363626466
momentum_in_trend_context,1,6589cb8021b76574,IWM,neutral,momentum_midrange,318,2023-02-09T05:00:00+00:00,2023-02-10T05:00:00+00:00,2,evaluated,0.005441667296806507,evaluated,0.017540190963810876,evaluated,-0.069209669209637
momentum_in_trend_context,1,6589cb8021b76574,IWM,bullish,"fast_above_slow,momentum_elevated,momentum_confirms_trend",319,2023-02-13T05:00:00+00:00,2023-02-17T05:00:00+00:00,5,evaluated,0.006430341569367393,evaluated,-0.020127593726920967,evaluated,-0.07716433814842472
momentum_in_trend_context,1,6589cb8021b76574,IWM,neutral,momentum_midrange,320,2023-02-21T05:00:00+00:00,2023-03-02T05:00:00+00:00,8,evaluated,0.0005856391911793768,evaluated,0.0018633383448580787,evaluated,-0.059521949771508154
momentum_in_trend_context,1,6589cb8021b76574,IWM,bullish,"fast_above_slow,momentum_elevated,momentum_confirms_trend",321,2023-03-03T05:00:00+00:00,2023-03-03T05:00:00+00:00,1,evaluated,-0.014930051403225564,evaluated,-0.08028818688049999,evaluated,-0.06869912210185758
momentum_in_trend_context,1,6589cb8021b76574,IWM,neutral,momentum_midrange,322,2023-03-06T05:00:00+00:00,2023-03-14T04:00:00+00:00,7,evaluated,-0.011343755414180867,evaluated,-0.08131458698221827,evaluated,-0.053909347988241985
momentum_in_trend_context,1,6589cb8021b76574,IWM,bearish,"fast_below_slow,momentum_depressed,momentum_confirms_trend",323,2023-03-15T04:00:00+00:00,2023-03-30T04:00:00+00:00,12,evaluated,0.026301944799259847,evaluated,0.0009914163861612924,evaluated,0.03907387240067983
momentum_in_trend_context,1,6589cb8021b76574,IWM,neutral,momentum_midrange,324,2023-03-31T04:00:00+00:00,2023-04-03T04:00:00+00:00,2,evaluated,-0.0026264388305022868,evaluated,-0.017882073220530592,evaluated,-0.02039672511165269
momentum_in_trend_context,1,6589cb8021b76574,IWM,bearish,"fast_below_slow,momentum_depressed,momentum_confirms_trend",325,2023-04-04T04:00:00+00:00,2023-04-06T04:00:00+00:00,3,evaluated,-0.003558078147417487,evaluated,0.00912479964356172,evaluated,-0.011018640854779438
momentum_in_trend_context,1,6589cb8021b76574,IWM,neutral,momentum_midrange,326,2023-04-10T04:00:00+00:00,2023-04-24T04:00:00+00:00,11,evaluated,0.003228136386623559,evaluated,0.012516233581052694,evaluated,-0.014271983734098659
momentum_in_trend_context,1,6589cb8021b76574,IWM,bearish,"fast_below_slow,momentum_depressed,momentum_confirms_trend",327,2023-04-25T04:00:00+00:00,2023-04-27T04:00:00+00:00,3,evaluated,-0.004877177952320566,evaluated,-0.003077273369589517,evaluated,0.03013413789788766
momentum_in_trend_context,1,6589cb8021b76574,IWM,neutral,momentum_midrange,328,2023-04-28T04:00:00+00:00,2023-05-01T04:00:00+00:00,2,evaluated,0.001714303152901886,evaluated,-0.0031428745814732206,evaluated,0.006571393694196459
momentum_in_trend_context,1,6589cb8021b76574,IWM,bearish,"fast_below_slow,momentum_depressed,momentum_confirms_trend",329,2023-05-02T04:00:00+00:00,2023-05-04T04:00:00+00:00,3,evaluated,0.0006387214584362422,evaluated,0.007606535531926806,evaluated,0.009000133786850162
momentum_in_trend_context,1,6589cb8021b76574,IWM,neutral,momentum_midrange,330,2023-05-05T04:00:00+00:00,2023-05-11T04:00:00+00:00,5,evaluated,-0.006903979761513246,evaluated,-0.01449271576939215,evaluated,0.02464913533961255
momentum_in_trend_context,1,6589cb8021b76574,IWM,bearish,"fast_below_slow,momentum_depressed,momentum_confirms_trend",331,2023-05-12T04:00:00+00:00,2023-05-12T04:00:00+00:00,1,evaluated,0.008770436177214957,evaluated,0.016156038839081788,evaluated,0.07206742639841868
momentum_in_trend_context,1,6589cb8021b76574,IWM,neutral,momentum_midrange,332,2023-05-15T04:00:00+00:00,2023-05-15T04:00:00+00:00,1,evaluated,-0.0076608595494433995,evaluated,0.026784136168058525,evaluated,0.08248368190245747
momentum_in_trend_context,1,6589cb8021b76574,IWM,bearish,"fast_below_slow,momentum_depressed,momentum_confirms_trend",333,2023-05-16T04:00:00+00:00,2023-05-16T04:00:00+00:00,1,evaluated,0.015510595369943259,evaluated,0.023006432922033193,evaluated,0.07195993492116948
momentum_in_trend_context,1,6589cb8021b76574,IWM,neutral,momentum_midrange,334,2023-05-17T04:00:00+00:00,2023-06-01T04:00:00+00:00,11,evaluated,0.0092846030159488,evaluated,-0.00011394550432397565,evaluated,0.0676692016861502
momentum_in_trend_context,1,6589cb8021b76574,IWM,bullish,"fast_above_slow,momentum_elevated,momentum_confirms_trend",335,2023-06-02T04:00:00+00:00,2023-06-21T04:00:00+00:00,13,evaluated,-0.009268414027883476,evaluated,0.020798876678321587,evaluated,0.03525322510923634
momentum_in_trend_context,1,6589cb8021b76574,IWM,neutral,momentum_midrange,336,2023-06-22T04:00:00+00:00,2023-06-27T04:00:00+00:00,4,evaluated,-0.0011063613625894586,evaluated,0.03103391313691639,evaluated,0.07573160434721427
momentum_in_trend_context,1,6589cb8021b76574,IWM,bullish,"fast_above_slow,momentum_elevated,momentum_confirms_trend",337,2023-06-28T04:00:00+00:00,2023-07-05T04:00:00+00:00,5,evaluated,0.008986594040382156,evaluated,-0.010502395130932984,evaluated,0.049805093587294014
momentum_in_trend_context,1,6589cb8021b76574,IWM,neutral,momentum_midrange,338,2023-07-06T04:00:00+00:00,2023-07-07T04:00:00+00:00,2,evaluated,0.009454645462469768,evaluated,0.05705543056712936,evaluated,0.06328561646868525
momentum_in_trend_context,1,6589cb8021b76574,IWM,bullish,"fast_above_slow,momentum_elevated,momentum_confirms_trend",339,2023-07-10T04:00:00+00:00,2023-08-03T04:00:00+00:00,19,evaluated,0.007003434603887193,evaluated,0.027058606850182798,evaluated,0.030878647369198653
momentum_in_trend_context,1,6589cb8021b76574,IWM,neutral,momentum_midrange,340,2023-08-04T04:00:00+00:00,2023-08-25T04:00:00+00:00,16,evaluated,-0.0018493815040527828,evaluated,-0.01885337562879985,evaluated,-0.019572575192216335
momentum_in_trend_context,1,6589cb8021b76574,IWM,bearish,"fast_below_slow,momentum_depressed,momentum_confirms_trend",341,2023-08-28T04:00:00+00:00,2023-08-28T04:00:00+00:00,1,evaluated,0.014498235090791622,evaluated,0.0069527249735990004,evaluated,-0.06025651115843189
momentum_in_trend_context,1,6589cb8021b76574,IWM,neutral,momentum_midrange,342,2023-08-29T04:00:00+00:00,2023-09-05T04:00:00+00:00,5,evaluated,0.006445462853061246,evaluated,-0.008522830027912542,evaluated,-0.0625365711477125
momentum_in_trend_context,1,6589cb8021b76574,IWM,bearish,"fast_below_slow,momentum_depressed,momentum_confirms_trend",343,2023-09-06T04:00:00+00:00,2023-09-13T04:00:00+00:00,6,evaluated,-0.004375054344085916,evaluated,-0.011720850038344777,evaluated,-0.07518633582605272
momentum_in_trend_context,1,6589cb8021b76574,IWM,neutral,momentum_midrange,344,2023-09-14T04:00:00+00:00,2023-09-14T04:00:00+00:00,1,evaluated,-0.006385587524504799,evaluated,-0.041777077993396916,evaluated,-0.0708371492693427
momentum_in_trend_context,1,6589cb8021b76574,IWM,bearish,"fast_below_slow,momentum_depressed,momentum_confirms_trend",345,2023-09-15T04:00:00+00:00,2023-10-16T04:00:00+00:00,22,evaluated,-0.007131178989419618,evaluated,-0.038268910702690895,evaluated,-0.07310829014093656
momentum_in_trend_context,1,6589cb8021b76574,IWM,neutral,momentum_midrange,346,2023-10-17T04:00:00+00:00,2023-10-17T04:00:00+00:00,1,evaluated,-0.013188166863523532,evaluated,-0.04129231855648552,evaluated,0.02775862325018008
momentum_in_trend_context,1,6589cb8021b76574,IWM,bearish,"fast_below_slow,momentum_depressed,momentum_confirms_trend",347,2023-10-18T04:00:00+00:00,2023-11-01T04:00:00+00:00,11,evaluated,-0.013110180762976986,evaluated,-0.04178859513135147,evaluated,0.04629523372265609
momentum_in_trend_context,1,6589cb8021b76574,IWM,neutral,momentum_midrange,348,2023-11-02T04:00:00+00:00,2023-11-08T05:00:00+00:00,5,evaluated,0.00978010654837802,evaluated,-0.03217591122917052,evaluated,0.0700810208129703
momentum_in_trend_context,1,6589cb8021b76574,IWM,bearish,"fast_below_slow,momentum_depressed,momentum_confirms_trend",349,2023-11-09T05:00:00+00:00,2023-11-09T05:00:00+00:00,1,evaluated,0.005290687095411251,evaluated,0.04553562957153656,evaluated,0.11045061048761906
momentum_in_trend_context,1,6589cb8021b76574,IWM,neutral,momentum_midrange,350,2023-11-10T05:00:00+00:00,2023-11-24T05:00:00+00:00,10,evaluated,0.005527773688874804,evaluated,0.05973601679047191,evaluated,0.11263668764568702
momentum_in_trend_context,1,6589cb8021b76574,IWM,bullish,"fast_above_slow,momentum_elevated,momentum_confirms_trend",351,2023-11-27T05:00:00+00:00,2024-01-02T05:00:00+00:00,25,evaluated,-0.0028563974063733344,evaluated,0.046709583843989266,evaluated,0.1430971863066921
momentum_in_trend_context,1,6589cb8021b76574,IWM,neutral,momentum_midrange,352,2024-01-03T05:00:00+00:00,2024-01-05T05:00:00+00:00,3,evaluated,-0.0012366806008153874,evaluated,0.005256128441169183,evaluated,0.007111227971626777
momentum_in_trend_context,1,6589cb8021b76574,IWM,bullish,"fast_above_slow,momentum_elevated,momentum_confirms_trend",353,2024-01-08T05:00:00+00:00,2024-01-08T05:00:00+00:00,1,evaluated,0.0031900956918791135,evaluated,-0.01806025034933867,evaluated,-0.0034988830111387648
momentum_in_trend_context,1,6589cb8021b76574,IWM,neutral,momentum_midrange,354,2024-01-09T05:00:00+00:00,2024-01-19T05:00:00+00:00,8,evaluated,0.0017458987793987912,evaluated,-0.027010422189854832,evaluated,-0.007805300552455319
momentum_in_trend_context,1,6589cb8021b76574,IWM,bullish,"fast_above_slow,momentum_elevated,momentum_confirms_trend",355,2024-01-22T05:00:00+00:00,2024-01-23T05:00:00+00:00,2,evaluated,-0.011351024044716773,evaluated,0.006003442811410631,evaluated,0.0033296521947576707
momentum_in_trend_context,1,6589cb8021b76574,IWM,neutral,momentum_midrange,356,2024-01-24T05:00:00+00:00,2024-01-24T05:00:00+00:00,1,evaluated,-0.005733154986403366,evaluated,-0.02141045707774769,evaluated,0.011872127171125957
momentum_in_trend_context,1,6589cb8021b76574,IWM,bullish,"fast_above_slow,momentum_elevated,momentum_confirms_trend",357,2024-01-25T05:00:00+00:00,2024-01-30T05:00:00+00:00,4,evaluated,-0.004621888693840948,evaluated,-0.007364502781944893,evaluated,0.015236934376047007
momentum_in_trend_context,1,6589cb8021b76574,IWM,neutral,momentum_midrange,358,2024-01-31T05:00:00+00:00,2024-02-08T05:00:00+00:00,7,evaluated,0.00581547474144628,evaluated,-0.005609574142277141,evaluated,0.048479225399118864
momentum_in_trend_context,1,6589cb8021b76574,IWM,bullish,"fast_above_slow,momentum_elevated,momentum_confirms_trend",359,2024-02-09T05:00:00+00:00,2024-02-12T05:00:00+00:00,2,evaluated,0.015460107430672387,evaluated,0.00895586425502426,evaluated,0.026617338540982693
momentum_in_trend_context,1,6589cb8021b76574,IWM,neutral,momentum_midrange,360,2024-02-13T05:00:00+00:00,2024-02-13T05:00:00+00:00,1,evaluated,0.007335149032555055,evaluated,0.0013153064308912832,evaluated,0.040621278508726544
momentum_in_trend_context,1,6589cb8021b76574,IWM,bullish,"fast_above_slow,momentum_elevated,momentum_confirms_trend",361,2024-02-14T05:00:00+00:00,2024-02-16T05:00:00+00:00,3,evaluated,0.017165017433464103,evaluated,-0.007711841431889188,evaluated,0.005174353240008145
momentum_in_trend_context,1,6589cb8021b76574,IWM,neutral,momentum_midrange,362,2024-02-20T05:00:00+00:00,2024-02-23T05:00:00+00:00,4,evaluated,0.0014165677127857546,evaluated,0.03207526166360175,evaluated,0.022462826870104813
momentum_in_trend_context,1,6589cb8021b76574,IWM,bullish,"fast_above_slow,momentum_elevated,momentum_confirms_trend",363,2024-02-26T05:00:00+00:00,2024-03-13T04:00:00+00:00,13,evaluated,0.004530225333120974,evaluated,0.012901295516863032,evaluated,0.012113410640623545
momentum_in_trend_context,1,6589cb8021b76574,IWM,neutral,momentum_midrange,364,2024-03-14T04:00:00+00:00,2024-03-19T04:00:00+00:00,4,evaluated,0.005763993352096319,evaluated,0.03324224815605592,evaluated,-0.012720484763198758
momentum_in_trend_context,1,6589cb8021b76574,IWM,bullish,"fast_above_slow,momentum_elevated,momentum_confirms_trend",365,2024-03-20T04:00:00+00:00,2024-03-21T04:00:00+00:00,2,evaluated,0.004541074596165373,evaluated,0.012753620239847496,evaluated,-0.06840581479279895
momentum_in_trend_context,1,6589cb8021b76574,IWM,neutral,momentum_midrange,366,2024-03-22T04:00:00+00:00,2024-03-22T04:00:00+00:00,1,evaluated,-0.0008750142596839483,evaluated,0.012638567412442514,evaluated,-0.0506513615939872
momentum_in_trend_context,1,6589cb8021b76574,IWM,bullish,"fast_above_slow,momentum_elevated,momentum_confirms_trend",367,2024-03-25T04:00:00+00:00,2024-03-25T04:00:00+00:00,1,evaluated,-0.009079955832420494,evaluated,-0.012364151271969881,evaluated,-0.0409562695124388
momentum_in_trend_context,1,6589cb8021b76574,IWM,neutral,momentum_midrange,368,2024-03-26T04:00:00+00:00,2024-03-26T04:00:00+00:00,1,evaluated,0.01373305752408438,evaluated,-0.004690528077315181,evaluated,-0.044100629793965784
momentum_in_trend_context,1,6589cb8021b76574,IWM,bullish,"fast_above_slow,momentum_elevated,momentum_confirms_trend",369,2024-03-27T04:00:00+00:00,2024-04-01T04:00:00+00:00,3,evaluated,0.001047225908156868,evaluated,-0.03003616481148086,evaluated,-0.06473727144410768
momentum_in_trend_context,1,6589cb8021b76574,IWM,neutral,momentum_midrange,370,2024-04-02T04:00:00+00:00,2024-04-18T04:00:00+00:00,13,evaluated,0.012046400282337943,evaluated,0.014750712596986126,evaluated,-0.03677849742720829
momentum_in_trend_context,1,6589cb8021b76574,IWM,bearish,"fast_below_slow,momentum_depressed,momentum_confirms_trend",371,2024-04-19T04:00:00+00:00,2024-04-22T04:00:00+00:00,2,evaluated,0.005612462284173336,evaluated,0.021368589429063833,evaluated,0.07141751010606989
momentum_in_trend_context,1,6589cb8021b76574,IWM,neutral,momentum_midrange,372,2024-04-23T04:00:00+00:00,2024-04-24T04:00:00+00:00,2,evaluated,-0.0024726522566060893,evaluated,-0.01145483319087326,evaluated,0.05131956533740856
momentum_in_trend_context,1,6589cb8021b76574,IWM,bearish,"fast_below_slow,momentum_depressed,momentum_confirms_trend",373,2024-04-25T04:00:00+00:00,2024-04-25T04:00:00+00:00,1,evaluated,0.006903556397723776,evaluated,0.014822325730686758,evaluated,0.031421332189879525
momentum_in_trend_context,1,6589cb8021b76574,IWM,neutral,momentum_midrange,374,2024-04-26T04:00:00+00:00,2024-04-29T04:00:00+00:00,2,evaluated,0.0035633963054815254,evaluated,0.013299843897035757,evaluated,0.031066511625627458
momentum_in_trend_context,1,6589cb8021b76574,IWM,bearish,"fast_below_slow,momentum_depressed,momentum_confirms_trend",375,2024-04-30T04:00:00+00:00,2024-05-01T04:00:00+00:00,2,evaluated,0.002195184118146676,evaluated,0.04640594298192324,evaluated,0.031907289382288484
momentum_in_trend_context,1,6589cb8021b76574,IWM,neutral,momentum_midrange,376,2024-05-02T04:00:00+00:00,2024-05-17T04:00:00+00:00,12,evaluated,-0.00742347838572055,evaluated,0.012044623686807254,evaluated,0.011602185575257273
momentum_in_trend_context,1,6589cb8021b76574,IWM,bullish,"fast_above_slow,momentum_elevated,momentum_confirms_trend",377,2024-05-20T04:00:00+00:00,2024-05-22T04:00:00+00:00,3,evaluated,0.0024539022390546172,evaluated,-0.012847029521347753,evaluated,-0.03406631270113747
momentum_in_trend_context,1,6589cb8021b76574,IWM,neutral,momentum_midrange,378,2024-05-23T04:00:00+00:00,2024-07-16T04:00:00+00:00,36,evaluated,0.0031740279143681605,evaluated,0.004785443715303206,evaluated,-0.017432453647487023
momentum_in_trend_context,1,6589cb8021b76574,IWM,bullish,"fast_above_slow,momentum_elevated,momentum_confirms_trend",379,2024-07-17T04:00:00+00:00,2024-07-31T04:00:00+00:00,11,evaluated,-0.015627147177809775,evaluated,-0.016078756604090083,evaluated,-0.06652820894582245
momentum_in_trend_context,1,6589cb8021b76574,IWM,neutral,momentum_midrange,380,2024-08-01T04:00:00+00:00,2024-08-16T04:00:00+00:00,12,evaluated,0.00033513077990998674,evaluated,-0.009384757752392447,evaluated,0.047689687163051886
momentum_in_trend_context,1,6589cb8021b76574,IWM,bullish,"fast_above_slow,momentum_elevated,momentum_confirms_trend",381,2024-08-19T04:00:00+00:00,2024-08-19T04:00:00+00:00,1,evaluated,-0.010237781909306354,evaluated,0.025873691536999477,evaluated,0.02103403734607978
momentum_in_trend_context,1,6589cb8021b76574,IWM,neutral,momentum_midrange,382,2024-08-20T04:00:00+00:00,2024-08-20T04:00:00+00:00,1,evaluated,0.005506850575380584,evaluated,0.020813919821144333,evaluated,0.024127301653899424
momentum_in_trend_context,1,6589cb8021b76574,IWM,bullish,"fast_above_slow,momentum_elevated,momentum_confirms_trend",383,2024-08-21T04:00:00+00:00,2024-08-21T04:00:00+00:00,1,evaluated,-0.009324162440658701,evaluated,0.007839621121668472,evaluated,0.03896643137303757
momentum_in_trend_context,1,6589cb8021b76574,IWM,neutral,momentum_midrange,384,2024-08-22T04:00:00+00:00,2024-08-22T04:00:00+00:00,1,evaluated,0.024165872218735007,evaluated,0.01686962081220056,evaluated,0.029696137493905095
momentum_in_trend_context,1,6589cb8021b76574,IWM,bullish,"fast_above_slow,momentum_elevated,momentum_confirms_trend",385,2024-08-23T04:00:00+00:00,2024-08-30T04:00:00+00:00,6,evaluated,-0.006668750400497636,evaluated,-0.008335920811880615,evaluated,-0.005271924514748116
momentum_in_trend_context,1,6589cb8021b76574,IWM,neutral,momentum_midrange,386,2024-09-03T04:00:00+00:00,2024-09-12T04:00:00+00:00,8,evaluated,0.0010810819339475142,evaluated,-0.020915571832745172,evaluated,0.02411169869929508
momentum_in_trend_context,1,6589cb8021b76574,IWM,bullish,"fast_above_slow,momentum_elevated,momentum_confirms_trend",387,2024-09-13T04:00:00+00:00,2024-09-24T04:00:00+00:00,8,evaluated,-9.191872449620941e-05,evaluated,0.01810413248636289,evaluated,0.01667963765372371
momentum_in_trend_context,1,6589cb8021b76574,IWM,neutral,momentum_midrange,388,2024-09-25T04:00:00+00:00,2024-09-26T04:00:00+00:00,2,evaluated,-0.007437976093203402,evaluated,-0.013152565118709436,evaluated,-0.005669191205307289
momentum_in_trend_context,1,6589cb8021b76574,IWM,bullish,"fast_above_slow,momentum_elevated,momentum_confirms_trend",389,2024-09-27T04:00:00+00:00,2024-09-30T04:00:00+00:00,2,evaluated,0.006699486067679672,evaluated,-0.0012305362989432078,evaluated,-0.002415453394037481
momentum_in_trend_context,1,6589cb8021b76574,IWM,neutral,momentum_midrange,390,2024-10-01T04:00:00+00:00,2024-10-10T04:00:00+00:00,8,evaluated,0.0027650621205475012,evaluated,0.0027190023639553917,evaluated,0.021890409142137468
momentum_in_trend_context,1,6589cb8021b76574,IWM,bullish,"fast_above_slow,momentum_elevated,momentum_confirms_trend",391,2024-10-11T04:00:00+00:00,2024-10-18T04:00:00+00:00,6,evaluated,0.006502607637167035,evaluated,0.018965893005741696,evaluated,0.0752765789057177
momentum_in_trend_context,1,6589cb8021b76574,IWM,neutral,momentum_midrange,392,2024-10-21T04:00:00+00:00,2024-10-25T04:00:00+00:00,5,evaluated,-0.0009482399995921487,evaluated,0.004470156173329798,evaluated,0.033683981640673544
momentum_in_trend_context,1,6589cb8021b76574,IWM,bullish,"fast_above_slow,momentum_elevated,momentum_confirms_trend",393,2024-10-28T04:00:00+00:00,2024-10-28T04:00:00+00:00,1,evaluated,0.004530216431615441,evaluated,-0.002944682155920142,evaluated,0.09812443537332016
momentum_in_trend_context,1,6589cb8021b76574,IWM,neutral,momentum_midrange,394,2024-10-29T04:00:00+00:00,2024-11-04T05:00:00+00:00,5,evaluated,0.0016736558779086863,evaluated,0.014294062055581813,evaluated,0.08843346969404564
momentum_in_trend_context,1,6589cb8021b76574,IWM,bullish,"fast_above_slow,momentum_elevated,momentum_confirms_trend",395,2024-11-05T05:00:00+00:00,2024-11-14T05:00:00+00:00,8,evaluated,0.002662855118830798,evaluated,0.003677291472349742,evaluated,0.018174914908983153
momentum_in_trend_context,1,6589cb8021b76574,IWM,neutral,momentum_midrange,396,2024-11-15T05:00:00+00:00,2024-11-19T05:00:00+00:00,3,evaluated,-0.0012651973797114247,evaluated,0.04166304424090228,evaluated,0.022772887151663035
momentum_in_trend_context,1,6589cb8021b76574,IWM,bullish,"fast_above_slow,momentum_elevated,momentum_confirms_trend",397,2024-11-20T05:00:00+00:00,2024-12-09T05:00:00+00:00,13,evaluated,0.00982080781931427,evaluated,0.0378617899184992,evaluated,-0.05298071527281456
momentum_in_trend_context,1,6589cb8021b76574,IWM,neutral,momentum_midrange,398,2024-12-10T05:00:00+00:00,2024-12-10T05:00:00+00:00,1,evaluated,-0.003937842633187083,evaluated,-0.03200535869787069,evaluated,-0.09165935347251386
momentum_in_trend_context,1,6589cb8021b76574,IWM,bullish,"fast_above_slow,momentum_elevated,momentum_confirms_trend",399,2024-12-11T05:00:00+00:00,2024-12-11T05:00:00+00:00,1,evaluated,-0.010457121555207505,evaluated,-0.06881433240096613,evaluated,-0.08395177666836218
momentum_in_trend_context,1,6589cb8021b76574,IWM,neutral,momentum_midrange,400,2024-12-12T05:00:00+00:00,2024-12-30T05:00:00+00:00,12,evaluated,-0.005546733029194839,evaluated,-0.06191063194578639,evaluated,-0.0625079754307254
momentum_in_trend_context,1,6589cb8021b76574,IWM,bearish,"fast_below_slow,momentum_depressed,momentum_confirms_trend",401,2024-12-31T05:00:00+00:00,2024-12-31T05:00:00+00:00,1,evaluated,-0.008029396424625967,evaluated,-0.005472507073950972,evaluated,0.015924295376983144
trend_crossover,1,f1126ca778e6f7ce,IWM,neutral,relationship_unchanged,0,2015-01-02T05:00:00+00:00,2015-01-29T05:00:00+00:00,19,evaluated,-0.007527759399245326,evaluated,-0.005582370323688801,evaluated,-0.012433402511756952
trend_crossover,1,f1126ca778e6f7ce,IWM,bearish,"crossed_below,fast_below_slow",1,2015-01-30T05:00:00+00:00,2015-01-30T05:00:00+00:00,1,evaluated,0.005511534399849749,evaluated,0.031777426151674115,evaluated,0.06329657509707087
trend_crossover,1,f1126ca778e6f7ce,IWM,neutral,relationship_unchanged,2,2015-02-02T05:00:00+00:00,2015-02-05T05:00:00+00:00,4,evaluated,0.01295488467864403,evaluated,0.013040132578366004,evaluated,0.04610922993510891
trend_crossover,1,f1126ca778e6f7ce,IWM,bullish,"crossed_above,fast_above_slow",3,2015-02-06T05:00:00+00:00,2015-02-06T05:00:00+00:00,1,evaluated,-0.004522620675262767,evaluated,0.017839172748723264,evaluated,0.019262942989701548
trend_crossover,1,f1126ca778e6f7ce,IWM,neutral,relationship_unchanged,4,2015-02-09T05:00:00+00:00,2015-05-12T04:00:00+00:00,65,evaluated,0.0007529822488439031,evaluated,0.019911360387504073,evaluated,0.006441933241233322
trend_crossover,1,f1126ca778e6f7ce,IWM,bearish,"crossed_below,fast_below_slow",5,2015-05-13T04:00:00+00:00,2015-05-13T04:00:00+00:00,1,evaluated,0.005768598260562641,evaluated,0.016493327503223076,evaluated,0.026243058819358067
trend_crossover,1,f1126ca778e6f7ce,IWM,neutral,relationship_unchanged,6,2015-05-14T04:00:00+00:00,2015-06-08T04:00:00+00:00,17,evaluated,0.0007284231876296676,evaluated,0.01141148988321028,evaluated,0.019180987321225418
trend_crossover,1,f1126ca778e6f7ce,IWM,bullish,"crossed_above,fast_above_slow",7,2015-06-09T04:00:00+00:00,2015-06-09T04:00:00+00:00,1,evaluated,0.008484731897898223,evaluated,0.011926661811652917,evaluated,-0.023533198064712102
trend_crossover,1,f1126ca778e6f7ce,IWM,neutral,relationship_unchanged,8,2015-06-10T04:00:00+00:00,2015-07-21T04:00:00+00:00,29,evaluated,0.0011096091914100104,evaluated,0.0004755899885797721,evaluated,-0.029642529270402007
trend_crossover,1,f1126ca778e6f7ce,IWM,bearish,"crossed_below,fast_below_slow",9,2015-07-22T04:00:00+00:00,2015-07-22T04:00:00+00:00,1,evaluated,-0.011360894417271838,evaluated,-0.024401915949207154,evaluated,-0.04464352585830078
trend_crossover,1,f1126ca778e6f7ce,IWM,neutral,relationship_unchanged,10,2015-07-23T04:00:00+00:00,2015-10-27T04:00:00+00:00,68,evaluated,-0.015387119162822871,evaluated,-0.009637207718292684,evaluated,-0.05741823594538342
trend_crossover,1,f1126ca778e6f7ce,IWM,bullish,"crossed_above,fast_above_slow",11,2015-10-28T04:00:00+00:00,2015-10-28T04:00:00+00:00,1,evaluated,-0.007452416764670011,evaluated,0.013277394895677475,evaluated,0.020815490402967818
trend_crossover,1,f1126ca778e6f7ce,IWM,neutral,relationship_unchanged,12,2015-10-29T04:00:00+00:00,2015-12-17T05:00:00+00:00,35,evaluated,-0.0019037835354017707,evaluated,0.02440290545518886,evaluated,0.03513330974180473
trend_crossover,1,f1126ca778e6f7ce,IWM,bearish,"crossed_below,fast_below_slow",13,2015-12-18T05:00:00+00:00,2015-12-18T05:00:00+00:00,1,evaluated,0.0013372695758895325,evaluated,0.016047098877961297,evaluated,-0.11580634818416058
trend_crossover,1,f1126ca778e6f7ce,IWM,neutral,relationship_unchanged,14,2015-12-21T05:00:00+00:00,2016-03-09T05:00:00+00:00,54,evaluated,0.006303258951703361,evaluated,0.02272725117600638,evaluated,-0.12153766437843527
trend_crossover,1,f1126ca778e6f7ce,IWM,bullish,"crossed_above,fast_above_slow",15,2016-03-10T05:00:00+00:00,2016-03-10T05:00:00+00:00,1,evaluated,0.013203446208696734,evaluated,0.017230043282292717,evaluated,0.021724877562828926
trend_crossover,1,f1126ca778e6f7ce,IWM,neutral,relationship_unchanged,16,2016-03-11T05:00:00+00:00,2016-10-19T04:00:00+00:00,155,evaluated,0.0004634784563855021,evaluated,0.016130507272325678,evaluated,0.008343319491691537
trend_crossover,1,f1126ca778e6f7ce,IWM,bearish,"crossed_below,fast_below_slow",17,2016-10-20T04:00:00+00:00,2016-10-20T04:00:00+00:00,1,evaluated,0.006735386198282178,evaluated,-0.015799114353304167,evaluated,0.08348578693815445
trend_crossover,1,f1126ca778e6f7ce,IWM,neutral,relationship_unchanged,18,2016-10-21T04:00:00+00:00,2016-11-18T05:00:00+00:00,21,evaluated,-0.0016388444455613937,evaluated,-0.032858096576106055,evaluated,0.07333664790638328
trend_crossover,1,f1126ca778e6f7ce,IWM,bullish,"crossed_above,fast_above_slow",19,2016-11-21T05:00:00+00:00,2016-11-21T05:00:00+00:00,1,evaluated,0.005146896455507477,evaluated,0.001059638168501742,evaluated,0.04420232979496963
trend_crossover,1,f1126ca778e6f7ce,IWM,neutral,relationship_unchanged,20,2016-11-22T05:00:00+00:00,2017-02-08T05:00:00+00:00,53,evaluated,0.00868062494233901,evaluated,-0.006566992340313438,evaluated,0.034571270974932844
trend_crossover,1,f1126ca778e6f7ce,IWM,bearish,"crossed_below,fast_below_slow",21,2017-02-09T05:00:00+00:00,2017-02-09T05:00:00+00:00,1,evaluated,0.001088679603619136,evaluated,0.010232990280951482,evaluated,-0.013280983100605104
trend_crossover,1,f1126ca778e6f7ce,IWM,neutral,relationship_unchanged,22,2017-02-10T05:00:00+00:00,2017-02-13T05:00:00+00:00,2,evaluated,-0.0033869078780189854,evaluated,0.002450070818064365,evaluated,-0.01794339854796856
trend_crossover,1,f1126ca778e6f7ce,IWM,bullish,"crossed_above,fast_above_slow",23,2017-02-14T05:00:00+00:00,2017-02-14T05:00:00+00:00,1,evaluated,0.010130934740217423,evaluated,0.010058610355968556,evaluated,-0.0033287987968755317
trend_crossover,1,f1126ca778e6f7ce,IWM,neutral,relationship_unchanged,24,2017-02-15T05:00:00+00:00,2017-03-24T04:00:00+00:00,27,evaluated,-0.0018644037939742342,evaluated,-0.0050911134352942256,evaluated,-0.011114319354207258
trend_crossover,1,f1126ca778e6f7ce,IWM,bearish,"crossed_below,fast_below_slow",25,2017-03-27T04:00:00+00:00,2017-03-27T04:00:00+00:00,1,evaluated,0.011245118562428491,evaluated,0.013032469585260387,evaluated,0.044608322517259325
trend_crossover,1,f1126ca778e6f7ce,IWM,neutral,relationship_unchanged,26,2017-03-28T04:00:00+00:00,2017-05-01T04:00:00+00:00,24,evaluated,0.003905665373736378,evaluated,0.0012527499835548461,evaluated,0.03898311469335969
trend_crossover,1,f1126ca778e6f7ce,IWM,bullish,"crossed_above,fast_above_slow",27,2017-05-02T04:00:00+00:00,2017-05-02T04:00:00+00:00,1,evaluated,-0.0014442356783725963,evaluated,-0.0010108988670329833,evaluated,-0.015668987528868472
trend_crossover,1,f1126ca778e6f7ce,IWM,neutral,relationship_unchanged,28,2017-05-03T04:00:00+00:00,2017-08-14T04:00:00+00:00,72,evaluated,-0.0031039679460785896,evaluated,0.004908741359723079,evaluated,0.0030318210686945957
trend_crossover,1,f1126ca778e6f7ce,IWM,bearish,"crossed_below,fast_below_slow",29,2017-08-15T04:00:00+00:00,2017-08-15T04:00:00+00:00,1,evaluated,-0.0016706307154651379,evaluated,-0.010024005964749061,evaluated,0.03116153557042467
trend_crossover,1,f1126ca778e6f7ce,IWM,neutral,relationship_unchanged,30,2017-08-16T04:00:00+00:00,2017-09-20T04:00:00+00:00,25,evaluated,-0.014965711167310713,evaluated,-0.006643221139605915,evaluated,0.03540667436698253
trend_crossover,1,f1126ca778e6f7ce,IWM,bullish,"crossed_above,fast_above_slow",31,2017-09-21T04:00:00+00:00,2017-09-21T04:00:00+00:00,1,evaluated,0.004385083112979915,evaluated,0.028955270516656695,evaluated,0.039117388381802565
trend_crossover,1,f1126ca778e6f7ce,IWM,neutral,relationship_unchanged,32,2017-09-22T04:00:00+00:00,2018-02-15T05:00:00+00:00,101,evaluated,0.001594203373729064,evaluated,0.027101880415391966,evaluated,0.03957850756207448
trend_crossover,1,f1126ca778e6f7ce,IWM,bearish,"crossed_below,fast_below_slow",33,2018-02-16T05:00:00+00:00,2018-02-16T05:00:00+00:00,1,evaluated,-0.0030809650036104363,evaluated,0.01599477150176387,evaluated,0.024450971176143144
trend_crossover,1,f1126ca778e6f7ce,IWM,neutral,relationship_unchanged,34,2018-02-20T05:00:00+00:00,2018-03-15T04:00:00+00:00,18,evaluated,-0.0011808993435477033,evaluated,0.002230654389024256,evaluated,0.025062376132458652
trend_crossover,1,f1126ca778e6f7ce,IWM,bullish,"crossed_above,fast_above_slow",35,2018-03-16T04:00:00+00:00,2018-03-16T04:00:00+00:00,1,evaluated,-0.005662654450703464,evaluated,-0.04530123560562793,evaluated,-0.011452586834180378
trend_crossover,1,f1126ca778e6f7ce,IWM,neutral,relationship_unchanged,36,2018-03-19T04:00:00+00:00,2018-04-12T04:00:00+00:00,18,evaluated,-0.002744575737580357,evaluated,-0.02131867222139705,evaluated,0.002489304871427178
trend_crossover,1,f1126ca778e6f7ce,IWM,bearish,"crossed_below,fast_below_slow",37,2018-04-13T04:00:00+00:00,2018-04-13T04:00:00+00:00,1,evaluated,0.0034228803399110053,evaluated,0.004585421923659849,evaluated,0.03229139833540828
trend_crossover,1,f1126ca778e6f7ce,IWM,neutral,relationship_unchanged,38,2018-04-16T04:00:00+00:00,2018-04-30T04:00:00+00:00,11,evaluated,0.005441334153986066,evaluated,-0.005697454397263213,evaluated,0.01933287807357731
trend_crossover,1,f1126ca778e6f7ce,IWM,bullish,"crossed_above,fast_above_slow",39,2018-05-01T04:00:00+00:00,2018-05-01T04:00:00+00:00,1,evaluated,0.005657400989033112,evaluated,0.026336344673602907,evaluated,0.06697882126101629
trend_crossover,1,f1126ca778e6f7ce,IWM,neutral,relationship_unchanged,40,2018-05-02T04:00:00+00:00,2018-08-16T04:00:00+00:00,75,evaluated,-0.0019466812703241576,evaluated,0.02965409154065446,evaluated,0.05619365146850619
trend_crossover,1,f1126ca778e6f7ce,IWM,bearish,"crossed_below,fast_below_slow",41,2018-08-17T04:00:00+00:00,2018-08-17T04:00:00+00:00,1,evaluated,5.929604744836503e-05,evaluated,0.016468211714367964,evaluated,0.0044428648234513535
trend_crossover,1,f1126ca778e6f7ce,IWM,neutral,relationship_unchanged,42,2018-08-20T04:00:00+00:00,2018-08-20T04:00:00+00:00,1,evaluated,0.009577835657049505,evaluated,0.015963089499735572,evaluated,0.006680884988117475
trend_crossover,1,f1126ca778e6f7ce,IWM,bullish,"crossed_above,fast_above_slow",43,2018-08-21T04:00:00+00:00,2018-08-21T04:00:00+00:00,1,evaluated,0.003458563518121016,evaluated,0.008265453381665733,evaluated,-0.005510302254443822
trend_crossover,1,f1126ca778e6f7ce,IWM,neutral,relationship_unchanged,44,2018-08-22T04:00:00+00:00,2018-10-04T04:00:00+00:00,31,evaluated,-0.002513254339733817,evaluated,0.008241298102109385,evaluated,0.0007598625611970888
trend_crossover,1,f1126ca778e6f7ce,IWM,bearish,"crossed_below,fast_below_slow",45,2018-10-05T04:00:00+00:00,2018-10-05T04:00:00+00:00,1,evaluated,0.00030909965035053055,evaluated,-0.05050378904104502,evaluated,-0.0480311804861816
trend_crossover,1,f1126ca778e6f7ce,IWM,neutral,relationship_unchanged,46,2018-10-08T04:00:00+00:00,2019-01-29T05:00:00+00:00,77,evaluated,-0.002660516574508387,evaluated,-0.046095762735547274,evaluated,-0.04789005363329513
trend_crossover,1,f1126ca778e6f7ce,IWM,bullish,"crossed_above,fast_above_slow",47,2019-01-30T05:00:00+00:00,2019-01-30T05:00:00+00:00,1,evaluated,0.009823161996115548,evaluated,0.02249164725765107,evaluated,0.06212314972582034
trend_crossover,1,f1126ca778e6f7ce,IWM,neutral,relationship_unchanged,48,2019-01-31T05:00:00+00:00,2019-05-24T04:00:00+00:00,80,evaluated,-0.0011383556798554295,evaluated,0.002276507023742491,evaluated,0.059524600109401415
trend_crossover,1,f1126ca778e6f7ce,IWM,bearish,"crossed_below,fast_below_slow",49,2019-05-28T04:00:00+00:00,2019-05-28T04:00:00+00:00,1,evaluated,-0.0033593120955534017,evaluated,0.008868633140934223,evaluated,0.01552000547856558
trend_crossover,1,f1126ca778e6f7ce,IWM,neutral,relationship_unchanged,50,2019-05-29T04:00:00+00:00,2019-07-05T04:00:00+00:00,27,evaluated,-0.005512654280462215,evaluated,0.009680688681722671,evaluated,0.013781533121060896
trend_crossover,1,f1126ca778e6f7ce,IWM,bullish,"crossed_above,fast_above_slow",51,2019-07-08T04:00:00+00:00,2019-07-08T04:00:00+00:00,1,evaluated,0.0055649064819049965,evaluated,0.00485311267363242,evaluated,-0.042319099069869415
trend_crossover,1,f1126ca778e6f7ce,IWM,neutral,relationship_unchanged,52,2019-07-09T04:00:00+00:00,2019-08-12T04:00:00+00:00,25,evaluated,-0.0033930780387434467,evaluated,-0.006145912124417174,evaluated,-0.043789990214641916
trend_crossover,1,f1126ca778e6f7ce,IWM,bearish,"crossed_below,fast_below_slow",53,2019-08-13T04:00:00+00:00,2019-08-13T04:00:00+00:00,1,evaluated,-0.012706925737086205,evaluated,0.008110827799895137,evaluated,0.06116933584610895
trend_crossover,1,f1126ca778e6f7ce,IWM,neutral,relationship_unchanged,54,2019-08-14T04:00:00+00:00,2019-09-20T04:00:00+00:00,27,evaluated,-0.00770692716992849,evaluated,0.02564459071642844,evaluated,0.0710680569905695
trend_crossover,1,f1126ca778e6f7ce,IWM,bullish,"crossed_above,fast_above_slow",55,2019-09-23T04:00:00+00:00,2019-09-23T04:00:00+00:00,1,evaluated,-0.017531429762851936,evaluated,-0.02455686566855919,evaluated,-0.007154370957256684
trend_crossover,1,f1126ca778e6f7ce,IWM,neutral,relationship_unchanged,56,2019-09-24T04:00:00+00:00,2019-10-16T04:00:00+00:00,17,evaluated,0.0119517161728937,evaluated,-0.02567640985981512,evaluated,0.01267407374600471
trend_crossover,1,f1126ca778e6f7ce,IWM,bearish,"crossed_below,fast_below_slow",57,2019-10-17T04:00:00+00:00,2019-10-17T04:00:00+00:00,1,evaluated,-0.0020924088194268498,evaluated,0.00817367462149865,evaluated,0.033806406037663495
trend_crossover,1,f1126ca778e6f7ce,IWM,neutral,relationship_unchanged,58,2019-10-18T04:00:00+00:00,2019-10-29T04:00:00+00:00,8,evaluated,-0.0008432566929787999,evaluated,0.0053836793209605105,evaluated,0.030810145011448853
trend_crossover,1,f1126ca778e6f7ce,IWM,bullish,"crossed_above,fast_above_slow",59,2019-10-30T04:00:00+00:00,2019-10-30T04:00:00+00:00,1,evaluated,-0.0041640559247793085,evaluated,0.013645032291740966,evaluated,0.04311335979753994
trend_crossover,1,f1126ca778e6f7ce,IWM,neutral,relationship_unchanged,60,2019-10-31T04:00:00+00:00,2020-02-21T05:00:00+00:00,77,evaluated,0.010869643691651554,evaluated,0.014386189819733497,evaluated,0.034335106045661146
trend_crossover,1,f1126ca778e6f7ce,IWM,bearish,"crossed_below,fast_below_slow",61,2020-02-24T05:00:00+00:00,2020-02-24T05:00:00+00:00,1,evaluated,-0.03821072206875076,evaluated,-0.07069902283476037,evaluated,-0.3853064305954673
trend_crossover,1,f1126ca778e6f7ce,IWM,neutral,relationship_unchanged,62,2020-02-25T05:00:00+00:00,2020-05-05T04:00:00+00:00,50,evaluated,-0.01623688635598064,evaluated,-0.057943367887211106,evaluated,-0.30569882969316575
trend_crossover,1,f1126ca778e6f7ce,IWM,bullish,"crossed_above,fast_above_slow",63,2020-05-06T04:00:00+00:00,2020-05-06T04:00:00+00:00,1,evaluated,0.00039251944420581886,evaluated,-0.036659064222625215,evaluated,0.13501842397873376
trend_crossover,1,f1126ca778e6f7ce,IWM,neutral,relationship_unchanged,64,2020-05-07T04:00:00+00:00,2020-09-23T04:00:00+00:00,97,evaluated,0.016902250202399438,evaluated,-0.0540872827093869,evaluated,0.15381060579594807
trend_crossover,1,f1126ca778e6f7ce,IWM,bearish,"crossed_below,fast_below_slow",65,2020-09-24T04:00:00+00:00,2020-09-24T04:00:00+00:00,1,evaluated,0.020705529630176578,evaluated,0.060931330769777414,evaluated,0.1302983974016656
trend_crossover,1,f1126ca778e6f7ce,IWM,neutral,relationship_unchanged,66,2020-09-25T04:00:00+00:00,2020-10-16T04:00:00+00:00,16,evaluated,0.011120908603995172,evaluated,0.03019485835252378,evaluated,0.09907671827730868
trend_crossover,1,f1126ca778e6f7ce,IWM,bullish,"crossed_above,fast_above_slow",67,2020-10-19T04:00:00+00:00,2020-10-19T04:00:00+00:00,1,evaluated,-0.004951739687094725,evaluated,-0.01244116450365107,evaluated,0.09946773685974186
trend_crossover,1,f1126ca778e6f7ce,IWM,neutral,relationship_unchanged,68,2020-10-20T04:00:00+00:00,2021-04-12T04:00:00+00:00,119,evaluated,-0.009262076705414235,evaluated,-0.016721592111982653,evaluated,0.10934302312787447
trend_crossover,1,f1126ca778e6f7ce,IWM,bearish,"crossed_below,fast_below_slow",69,2021-04-13T04:00:00+00:00,2021-04-13T04:00:00+00:00,1,evaluated,0.006535413705964999,evaluated,-0.02109340054435649,evaluated,-0.013115736545553647
trend_crossover,1,f1126ca778e6f7ce,IWM,neutral,relationship_unchanged,70,2021-04-14T04:00:00+00:00,2021-04-27T04:00:00+00:00,10,evaluated,-0.0035541475177639503,evaluated,-0.011506492425379489,evaluated,-0.058820873649577776
trend_crossover,1,f1126ca778e6f7ce,IWM,bullish,"crossed_above,fast_above_slow",71,2021-04-28T04:00:00+00:00,2021-04-28T04:00:00+00:00,1,evaluated,-0.01238899950069361,evaluated,-0.03660390722815132,evaluated,-0.03248862812088005
trend_crossover,1,f1126ca778e6f7ce,IWM,neutral,relationship_unchanged,72,2021-04-29T04:00:00+00:00,2021-05-12T04:00:00+00:00,10,evaluated,-0.0036771301903508746,evaluated,-0.013866759108122073,evaluated,-0.00031015117774302325
trend_crossover,1,f1126ca778e6f7ce,IWM,bearish,"crossed_below,fast_below_slow",73,2021-05-13T04:00:00+00:00,2021-05-13T04:00:00+00:00,1,evaluated,0.014132338242414999,evaluated,0.006699052210346945,evaluated,0.06313661720057717
trend_crossover,1,f1126ca778e6f7ce,IWM,neutral,relationship_unchanged,74,2021-05-14T04:00:00+00:00,2021-06-08T04:00:00+00:00,17,evaluated,0.007007045925359057,evaluated,0.0008645119777119792,evaluated,0.051142076420026106
trend_crossover,1,f1126ca778e6f7ce,IWM,bullish,"crossed_above,fast_above_slow",75,2021-06-09T04:00:00+00:00,2021-06-09T04:00:00+00:00,1,evaluated,-0.010359090004992355,evaluated,-0.0078124897091425005,evaluated,-0.043076640379151376
trend_crossover,1,f1126ca778e6f7ce,IWM,neutral,relationship_unchanged,76,2021-06-10T04:00:00+00:00,2021-07-20T04:00:00+00:00,28,evaluated,0.006079000772612808,evaluated,-0.013069951045326378,evaluated,-0.01702126841945517
trend_crossover,1,f1126ca778e6f7ce,IWM,bearish,"crossed_below,fast_below_slow",77,2021-07-21T04:00:00+00:00,2021-07-21T04:00:00+00:00,1,evaluated,-0.013274946607673588,evaluated,-0.002934907178858248,evaluated,-0.03142640843231537
trend_crossover,1,f1126ca778e6f7ce,IWM,neutral,relationship_unchanged,78,2021-07-22T04:00:00+00:00,2021-09-07T04:00:00+00:00,33,evaluated,-0.0014553694116340443,evaluated,0.01205261842963612,evaluated,-0.03606673421516515
trend_crossover,1,f1126ca778e6f7ce,IWM,bullish,"crossed_above,fast_above_slow",79,2021-09-08T04:00:00+00:00,2021-09-08T04:00:00+00:00,1,evaluated,0.001207856672498453,evaluated,-0.006754918816263555,evaluated,-0.016417635676707287
trend_crossover,1,f1126ca778e6f7ce,IWM,neutral,relationship_unchanged,80,2021-09-09T04:00:00+00:00,2021-10-05T04:00:00+00:00,19,evaluated,-0.015722190830278482,evaluated,-0.013190625210506401,evaluated,-0.008438484297258797
trend_crossover,1,f1126ca778e6f7ce,IWM,bearish,"crossed_below,fast_below_slow",81,2021-10-06T04:00:00+00:00,2021-10-06T04:00:00+00:00,1,evaluated,0.007809306807529115,evaluated,0.004694662351160783,evaluated,0.07723559204005448
trend_crossover,1,f1126ca778e6f7ce,IWM,neutral,relationship_unchanged,82,2021-10-07T04:00:00+00:00,2021-10-15T04:00:00+00:00,7,evaluated,-0.00810241086682062,evaluated,0.011101641677402574,evaluated,0.0678633945276419
trend_crossover,1,f1126ca778e6f7ce,IWM,bullish,"crossed_above,fast_above_slow",83,2021-10-18T04:00:00+00:00,2021-10-18T04:00:00+00:00,1,evaluated,-0.00048677145070918915,evaluated,0.015886413242560238,evaluated,0.05562442500164577
trend_crossover,1,f1126ca778e6f7ce,IWM,neutral,relationship_unchanged,84,2021-10-19T04:00:00+00:00,2021-12-08T05:00:00+00:00,36,evaluated,0.006195485634914011,evaluated,0.008275413139291476,evaluated,0.05761828650761647
trend_crossover,1,f1126ca778e6f7ce,IWM,bearish,"crossed_below,fast_below_slow",85,2021-12-09T05:00:00+00:00,2021-12-09T05:00:00+00:00,1,evaluated,-0.010306000529181958,evaluated,-0.04059407919146818,evaluated,-0.0275877124582109
trend_crossover,1,f1126ca778e6f7ce,IWM,neutral,relationship_unchanged,86,2021-12-10T05:00:00+00:00,2022-03-25T04:00:00+00:00,73,evaluated,-0.01076059393783313,evaluated,-0.014881633816031137,evaluated,-0.014057383918721689
trend_crossover,1,f1126ca778e6f7ce,IWM,bullish,"crossed_above,fast_above_slow",87,2022-03-28T04:00:00+00:00,2022-03-28T04:00:00+00:00,1,evaluated,0.017836570739746094,evaluated,-0.00043267470139718434,evaluated,-0.0974038197444036
trend_crossover,1,f1126ca778e6f7ce,IWM,neutral,relationship_unchanged,88,2022-03-29T04:00:00+00:00,2022-04-25T04:00:00+00:00,19,evaluated,-0.018498313354043172,evaluated,-0.039646070008079515,evaluated,-0.11548464288787519
trend_crossover,1,f1126ca778e6f7ce,IWM,bearish,"crossed_below,fast_below_slow",89,2022-04-26T04:00:00+00:00,2022-04-26T04:00:00+00:00,1,evaluated,-0.0037831910374879207,evaluated,0.004369410839342391,evaluated,-0.06447482795749715
trend_crossover,1,f1126ca778e6f7ce,IWM,neutral,relationship_unchanged,90,2022-04-27T04:00:00+00:00,2022-07-29T04:00:00+00:00,65,evaluated,0.006766394204612336,evaluated,0.02299522199937165,evaluated,-0.05518846826906676
trend_crossover,1,f1126ca778e6f7ce,IWM,bullish,"crossed_above,fast_above_slow",91,2022-08-01T04:00:00+00:00,2022-08-01T04:00:00+00:00,1,evaluated,0.002842273694574571,evaluated,0.034053767694246284,evaluated,0.0041293734510656765
trend_crossover,1,f1126ca778e6f7ce,IWM,neutral,relationship_unchanged,92,2022-08-02T04:00:00+00:00,2022-09-16T04:00:00+00:00,33,evaluated,0.007700461629008171,evaluated,0.010037171317139881,evaluated,-0.01954332381799695
trend_crossover,1,f1126ca778e6f7ce,IWM,bearish,"crossed_below,fast_below_slow",93,2022-09-19T04:00:00+00:00,2022-09-19T04:00:00+00:00,1,evaluated,-0.003971621060013364,evaluated,-0.08166921605743183,evaluated,-0.037142693018726525
trend_crossover,1,f1126ca778e6f7ce,IWM,neutral,relationship_unchanged,94,2022-09-20T04:00:00+00:00,2022-11-08T05:00:00+00:00,36,evaluated,-0.022467519033291805,evaluated,-0.08161899865182975,evaluated,-0.028990338907267543
trend_crossover,1,f1126ca778e6f7ce,IWM,bullish,"crossed_above,fast_above_slow",95,2022-11-09T05:00:00+00:00,2022-11-09T05:00:00+00:00,1,evaluated,0.019411595605267618,evaluated,0.013197656397757829,evaluated,-0.0055540815602176385
trend_crossover,1,f1126ca778e6f7ce,IWM,neutral,relationship_unchanged,96,2022-11-10T05:00:00+00:00,2022-12-22T05:00:00+00:00,30,evaluated,0.006136947800170711,evaluated,-0.017334201743770095,evaluated,-0.03843669035738306
trend_crossover,1,f1126ca778e6f7ce,IWM,bearish,"crossed_below,fast_below_slow",97,2022-12-23T05:00:00+00:00,2022-12-23T05:00:00+00:00,1,evaluated,-0.0065381933107240275,evaluated,-0.005505888452091434,evaluated,0.07507453711899958
trend_crossover,1,f1126ca778e6f7ce,IWM,neutral,relationship_unchanged,98,2022-12-27T05:00:00+00:00,2023-01-25T05:00:00+00:00,20,evaluated,-0.015301963324629297,evaluated,0.0137429552111612,evaluated,0.08880936328254818
trend_crossover,1,f1126ca778e6f7ce,IWM,bullish,"crossed_above,fast_above_slow",99,2023-01-26T05:00:00+00:00,2023-01-26T05:00:00+00:00,1,evaluated,0.008511576443669622,evaluated,0.05500591462756832,evaluated,-0.0025002725363626466
trend_crossover,1,f1126ca778e6f7ce,IWM,neutral,relationship_unchanged,100,2023-01-27T05:00:00+00:00,2023-03-14T04:00:00+00:00,32,evaluated,-0.0047912793549327315,evaluated,0.04871171919538475,evaluated,0.0017568240922507528
trend_crossover,1,f1126ca778e6f7ce,IWM,bearish,"crossed_below,fast_below_slow",101,2023-03-15T04:00:00+00:00,2023-03-15T04:00:00+00:00,1,evaluated,0.026301944799259847,evaluated,0.0009914163861612924,evaluated,0.03907387240067983
trend_crossover,1,f1126ca778e6f7ce,IWM,neutral,relationship_unchanged,102,2023-03-16T04:00:00+00:00,2023-06-01T04:00:00+00:00,54,evaluated,-0.01614570022405104,evaluated,-0.021776565343241683,evaluated,0.014192147299398439
trend_crossover,1,f1126ca778e6f7ce,IWM,bullish,"crossed_above,fast_above_slow",103,2023-06-02T04:00:00+00:00,2023-06-02T04:00:00+00:00,1,evaluated,-0.009268414027883476,evaluated,0.020798876678321587,evaluated,0.03525322510923634
trend_crossover,1,f1126ca778e6f7ce,IWM,neutral,relationship_unchanged,104,2023-06-05T04:00:00+00:00,2023-08-25T04:00:00+00:00,58,evaluated,0.0300676527303112,evaluated,0.03839496259537056,evaluated,0.038283163158273625
trend_crossover,1,f1126ca778e6f7ce,IWM,bearish,"crossed_below,fast_below_slow",105,2023-08-28T04:00:00+00:00,2023-08-28T04:00:00+00:00,1,evaluated,0.014498235090791622,evaluated,0.0069527249735990004,evaluated,-0.06025651115843189
trend_crossover,1,f1126ca778e6f7ce,IWM,neutral,relationship_unchanged,106,2023-08-29T04:00:00+00:00,2023-11-24T05:00:00+00:00,62,evaluated,0.006445462853061246,evaluated,-0.008522830027912542,evaluated,-0.0625365711477125
trend_crossover,1,f1126ca778e6f7ce,IWM,bullish,"crossed_above,fast_above_slow",107,2023-11-27T05:00:00+00:00,2023-11-27T05:00:00+00:00,1,evaluated,-0.0028563974063733344,evaluated,0.046709583843989266,evaluated,0.1430971863066921
trend_crossover,1,f1126ca778e6f7ce,IWM,neutral,relationship_unchanged,108,2023-11-28T05:00:00+00:00,2024-04-18T04:00:00+00:00,98,evaluated,-0.003174643912729036,evaluated,0.02695625873364893,evaluated,0.14074076214399445
trend_crossover,1,f1126ca778e6f7ce,IWM,bearish,"crossed_below,fast_below_slow",109,2024-04-19T04:00:00+00:00,2024-04-19T04:00:00+00:00,1,evaluated,0.005612462284173336,evaluated,0.021368589429063833,evaluated,0.07141751010606989
trend_crossover,1,f1126ca778e6f7ce,IWM,neutral,relationship_unchanged,110,2024-04-22T04:00:00+00:00,2024-05-17T04:00:00+00:00,20,evaluated,0.016951822751725576,evaluated,0.024070533336344457,evaluated,0.06801187725544033
trend_crossover,1,f1126ca778e6f7ce,IWM,bullish,"crossed_above,fast_above_slow",111,2024-05-20T04:00:00+00:00,2024-05-20T04:00:00+00:00,1,evaluated,0.0024539022390546172,evaluated,-0.012847029521347753,evaluated,-0.03406631270113747
trend_crossover,1,f1126ca778e6f7ce,IWM,neutral,relationship_unchanged,112,2024-05-21T04:00:00+00:00,2024-06-26T04:00:00+00:00,25,evaluated,-0.004577636745675906,evaluated,-0.02602030515225484,evaluated,-0.03676579254899348
trend_crossover,1,f1126ca778e6f7ce,IWM,bearish,"crossed_below,fast_below_slow",113,2024-06-27T04:00:00+00:00,2024-06-27T04:00:00+00:00,1,evaluated,-0.004855824354787042,evaluated,-0.01476363396869207,evaluated,0.09976454704119608
trend_crossover,1,f1126ca778e6f7ce,IWM,neutral,relationship_unchanged,114,2024-06-28T04:00:00+00:00,2024-07-16T04:00:00+00:00,12,evaluated,-0.011448515045898944,evaluated,-0.006092794158475079,evaluated,0.08947519198505738
trend_crossover,1,f1126ca778e6f7ce,IWM,bullish,"crossed_above,fast_above_slow",115,2024-07-17T04:00:00+00:00,2024-07-17T04:00:00+00:00,1,evaluated,-0.015627147177809775,evaluated,-0.016078756604090083,evaluated,-0.06652820894582245
trend_crossover,1,f1126ca778e6f7ce,IWM,neutral,relationship_unchanged,116,2024-07-18T04:00:00+00:00,2024-12-30T05:00:00+00:00,115,evaluated,-0.0036300534264439577,evaluated,0.013509177849760912,evaluated,-0.02568584970482235
trend_crossover,1,f1126ca778e6f7ce,IWM,bearish,"crossed_below,fast_below_slow",117,2024-12-31T05:00:00+00:00,2024-12-31T05:00:00+00:00,1,evaluated,-0.008029396424625967,evaluated,-0.005472507073950972,evaluated,0.015924295376983144
trend_alignment,1,650add07184f8440,TLT,bullish,fast_above_slow,0,2015-01-02T05:00:00+00:00,2015-02-27T05:00:00+00:00,39,evaluated,0.01023367606904202,evaluated,0.023904483623889305,evaluated,0.07397860813280022
trend_alignment,1,650add07184f8440,TLT,bearish,fast_below_slow,1,2015-03-02T05:00:00+00:00,2015-04-06T04:00:00+00:00,25,evaluated,-0.0037827703510747712,evaluated,-0.017731893851546165,evaluated,0.027740596496118375
trend_alignment,1,650add07184f8440,TLT,neutral,trend_margin_below_threshold,2,2015-04-07T04:00:00+00:00,2015-04-07T04:00:00+00:00,1,evaluated,0.0008395711094835168,evaluated,-0.002289749976911448,evaluated,-0.06380705493618088
trend_alignment,1,650add07184f8440,TLT,bullish,fast_above_slow,3,2015-04-08T04:00:00+00:00,2015-05-01T04:00:00+00:00,18,evaluated,-0.011003304769109268,evaluated,-0.0019866624630276997,evaluated,-0.07878045345200524
trend_alignment,1,650add07184f8440,TLT,bearish,fast_below_slow,4,2015-05-04T04:00:00+00:00,2015-07-28T04:00:00+00:00,60,evaluated,-0.0016278442719244168,evaluated,-0.027104035605662546,evaluated,-0.027836546898544978
trend_alignment,1,650add07184f8440,TLT,neutral,trend_margin_below_threshold,5,2015-07-29T04:00:00+00:00,2015-07-29T04:00:00+00:00,1,evaluated,0.0034650455582678763,evaluated,0.003630083695484565,evaluated,0.005940114067663149
trend_alignment,1,650add07184f8440,TLT,bullish,fast_above_slow,6,2015-07-30T04:00:00+00:00,2015-09-18T04:00:00+00:00,36,evaluated,0.0007350239798769032,evaluated,0.0023685144539762337,evaluated,-0.0035936167317279777
trend_alignment,1,650add07184f8440,TLT,neutral,trend_margin_below_threshold,7,2015-09-21T04:00:00+00:00,2015-09-21T04:00:00+00:00,1,evaluated,0.00279970628339421,evaluated,0.017951253798990985,evaluated,0.01770416545834408
trend_alignment,1,650add07184f8440,TLT,bearish,fast_below_slow,8,2015-09-22T04:00:00+00:00,2015-10-13T04:00:00+00:00,16,evaluated,0.0012332995650141676,evaluated,0.019322466872639055,evaluated,0.009949013790058192
trend_alignment,1,650add07184f8440,TLT,neutral,trend_margin_below_threshold,9,2015-10-14T04:00:00+00:00,2015-10-15T04:00:00+00:00,2,evaluated,-0.0033786354854310474,evaluated,-0.0020915011820621388,evaluated,-0.04730108091785956
trend_alignment,1,650add07184f8440,TLT,bullish,fast_above_slow,10,2015-10-16T04:00:00+00:00,2015-11-10T05:00:00+00:00,18,evaluated,-0.001615676356390039,evaluated,-0.004766168211661648,evaluated,-0.03320139413486367
trend_alignment,1,650add07184f8440,TLT,neutral,trend_margin_below_threshold,11,2015-11-11T05:00:00+00:00,2015-11-11T05:00:00+00:00,1,evaluated,0.002105263157894832,evaluated,0.01069470857319077,evaluated,0.02602102179276322
trend_alignment,1,650add07184f8440,TLT,bearish,fast_below_slow,12,2015-11-12T05:00:00+00:00,2015-12-17T05:00:00+00:00,25,evaluated,0.003017102005299366,evaluated,0.01257123704187424,evaluated,0.03721088210494572
trend_alignment,1,650add07184f8440,TLT,neutral,trend_margin_below_threshold,13,2015-12-18T05:00:00+00:00,2015-12-22T05:00:00+00:00,3,evaluated,-0.001863431551202499,evaluated,-0.01004616268900338,evaluated,0.026330713699785235
trend_alignment,1,650add07184f8440,TLT,bullish,fast_above_slow,14,2015-12-23T05:00:00+00:00,2016-03-24T04:00:00+00:00,63,evaluated,0.002963699734368719,evaluated,-0.007326906896389707,evaluated,0.03745777045063359
trend_alignment,1,650add07184f8440,TLT,neutral,trend_margin_below_threshold,15,2016-03-28T04:00:00+00:00,2016-03-30T04:00:00+00:00,3,evaluated,0.0052922412606628555,evaluated,0.0029144777557339463,evaluated,-0.01955823712424154
trend_alignment,1,650add07184f8440,TLT,bearish,fast_below_slow,16,2016-03-31T04:00:00+00:00,2016-04-04T04:00:00+00:00,3,evaluated,-0.0022904493933705306,evaluated,0.014277068536988624,evaluated,-0.014735018619148277
trend_alignment,1,650add07184f8440,TLT,neutral,trend_margin_below_threshold,17,2016-04-05T04:00:00+00:00,2016-04-05T04:00:00+00:00,1,evaluated,-0.0022808716987917643,evaluated,-0.004561743397583529,evaluated,-0.015965985881588596
trend_alignment,1,650add07184f8440,TLT,bearish,fast_below_slow,18,2016-04-06T04:00:00+00:00,2016-04-06T04:00:00+00:00,1,evaluated,0.004992840985852398,evaluated,-0.006051917973996734,evaluated,-0.015508003736262044
trend_alignment,1,650add07184f8440,TLT,neutral,trend_margin_below_threshold,19,2016-04-07T04:00:00+00:00,2016-04-11T04:00:00+00:00,3,evaluated,-0.0012105898791406888,evaluated,-0.010668106844543113,evaluated,-0.008776603451462583
trend_alignment,1,650add07184f8440,TLT,bullish,fast_above_slow,20,2016-04-12T04:00:00+00:00,2016-05-05T04:00:00+00:00,18,evaluated,0.005356162944109011,evaluated,0.0016067905054348852,evaluated,0.0013772490046586316
trend_alignment,1,650add07184f8440,TLT,neutral,trend_margin_below_threshold,21,2016-05-06T04:00:00+00:00,2016-05-16T04:00:00+00:00,7,evaluated,0.0030660269500188964,evaluated,0.013950574672446647,evaluated,0.01364401876201704
trend_alignment,1,650add07184f8440,TLT,bearish,fast_below_slow,22,2016-05-17T04:00:00+00:00,2016-05-18T04:00:00+00:00,2,evaluated,-0.010090911169373107,evaluated,-0.007262418515195379,evaluated,0.03814697336821582
trend_alignment,1,650add07184f8440,TLT,neutral,trend_margin_below_threshold,23,2016-05-19T04:00:00+00:00,2016-05-23T04:00:00+00:00,3,evaluated,0.0038565370114804765,evaluated,0.0030080941612680157,evaluated,0.04596997296140093
trend_alignment,1,650add07184f8440,TLT,bullish,fast_above_slow,24,2016-05-24T04:00:00+00:00,2016-08-25T04:00:00+00:00,66,evaluated,-0.0035431464790841583,evaluated,0.004544375949854684,evaluated,0.030270296698410748
trend_alignment,1,650add07184f8440,TLT,neutral,trend_margin_below_threshold,25,2016-08-26T04:00:00+00:00,2016-08-31T04:00:00+00:00,4,evaluated,0.005954956248943599,evaluated,-0.005380972691388375,evaluated,-0.012125142647449128
trend_alignment,1,650add07184f8440,TLT,bearish,fast_below_slow,26,2016-09-01T04:00:00+00:00,2017-01-20T05:00:00+00:00,97,evaluated,-0.0023747971726439943,evaluated,-0.02475534164653259,evaluated,-0.010434744796875117
trend_alignment,1,650add07184f8440,TLT,bullish,fast_above_slow,27,2017-01-23T05:00:00+00:00,2017-03-06T05:00:00+00:00,30,evaluated,-0.0038088854621084467,evaluated,-0.012420303400630384,evaluated,-0.005464900646353854
trend_alignment,1,650add07184f8440,TLT,neutral,trend_margin_below_threshold,28,2017-03-07T05:00:00+00:00,2017-03-08T05:00:00+00:00,2,evaluated,0.00400648905024803,evaluated,-0.002045843225336852,evaluated,0.031540402818512
trend_alignment,1,650add07184f8440,TLT,bearish,fast_below_slow,29,2017-03-09T05:00:00+00:00,2017-04-05T04:00:00+00:00,20,evaluated,0.0009390525091745872,evaluated,0.006487981391415598,evaluated,0.03465936127495439
trend_alignment,1,650add07184f8440,TLT,neutral,trend_margin_below_threshold,30,2017-04-06T04:00:00+00:00,2017-04-06T04:00:00+00:00,1,evaluated,-0.009274436042202572,evaluated,0.013378241396955648,evaluated,-0.0045140794393822015
trend_alignment,1,650add07184f8440,TLT,bullish,fast_above_slow,31,2017-04-07T04:00:00+00:00,2017-07-21T04:00:00+00:00,73,evaluated,0.0010731158500325577,evaluated,0.016097052650380084,evaluated,-0.004210022608552633
trend_alignment,1,650add07184f8440,TLT,neutral,trend_margin_below_threshold,32,2017-07-24T04:00:00+00:00,2017-07-24T04:00:00+00:00,1,evaluated,-0.00459158770442003,evaluated,-0.0008055298422164903,evaluated,0.02247463290836782
trend_alignment,1,650add07184f8440,TLT,bearish,fast_below_slow,33,2017-07-25T04:00:00+00:00,2017-08-15T04:00:00+00:00,16,evaluated,0.004056137045641117,evaluated,0.01111383778608288,evaluated,0.025715955907086974
trend_alignment,1,650add07184f8440,TLT,neutral,trend_margin_below_threshold,34,2017-08-16T04:00:00+00:00,2017-08-22T04:00:00+00:00,5,evaluated,0.007557713609395611,evaluated,0.012728768037873817,evaluated,0.008830553996024504
trend_alignment,1,650add07184f8440,TLT,bullish,fast_above_slow,35,2017-08-23T04:00:00+00:00,2017-10-03T04:00:00+00:00,29,evaluated,-0.00039403707003105026,evaluated,0.0057534944257253695,evaluated,-0.008196728704605416
trend_alignment,1,650add07184f8440,TLT,neutral,trend_margin_below_threshold,36,2017-10-04T04:00:00+00:00,2017-10-04T04:00:00+00:00,1,evaluated,-0.0026554615802234505,evaluated,0.001207061478481819,evaluated,0.0038625844524022845
trend_alignment,1,650add07184f8440,TLT,bearish,fast_below_slow,37,2017-10-05T04:00:00+00:00,2017-11-20T05:00:00+00:00,33,evaluated,0.0024332502241510845,evaluated,0.013464157842388191,evaluated,0.01630304259311055
trend_alignment,1,650add07184f8440,TLT,neutral,trend_margin_below_threshold,38,2017-11-21T05:00:00+00:00,2017-11-21T05:00:00+00:00,1,evaluated,0.00418574291423468,evaluated,-0.008529472497455282,evaluated,-0.019586189410349952
trend_alignment,1,650add07184f8440,TLT,bullish,fast_above_slow,39,2017-11-22T05:00:00+00:00,2018-01-08T05:00:00+00:00,31,evaluated,-0.0010241649185016577,evaluated,-0.014259808983234867,evaluated,-0.018356588871446422
trend_alignment,1,650add07184f8440,TLT,neutral,trend_margin_below_threshold,40,2018-01-09T05:00:00+00:00,2018-01-10T05:00:00+00:00,2,evaluated,0.008061277687850366,evaluated,0.016773920926147934,evaluated,-0.03248919422757801
trend_alignment,1,650add07184f8440,TLT,bearish,fast_below_slow,41,2018-01-11T05:00:00+00:00,2018-04-02T04:00:00+00:00,55,evaluated,0.003384352732549667,evaluated,-0.008380345917121113,evaluated,-0.049637357844121155
trend_alignment,1,650add07184f8440,TLT,neutral,trend_margin_below_threshold,42,2018-04-03T04:00:00+00:00,2018-04-03T04:00:00+00:00,1,evaluated,-0.005438780725288583,evaluated,-0.0022249414623930486,evaluated,-0.024227398837905145
trend_alignment,1,650add07184f8440,TLT,bullish,fast_above_slow,43,2018-04-04T04:00:00+00:00,2018-05-03T04:00:00+00:00,22,evaluated,-0.0025811620527251833,evaluated,0.011740247127590031,evaluated,-0.01515403595293463
trend_alignment,1,650add07184f8440,TLT,neutral,trend_margin_below_threshold,44,2018-05-04T04:00:00+00:00,2018-05-04T04:00:00+00:00,1,evaluated,-0.0014289162578887682,evaluated,0.002185442830652251,evaluated,0.003866513236553626
trend_alignment,1,650add07184f8440,TLT,bearish,fast_below_slow,45,2018-05-07T04:00:00+00:00,2018-06-13T04:00:00+00:00,27,evaluated,0.0011809311349180174,evaluated,0.00042172434480192145,evaluated,0.009784867168737277
trend_alignment,1,650add07184f8440,TLT,neutral,trend_margin_below_threshold,46,2018-06-14T04:00:00+00:00,2018-06-14T04:00:00+00:00,1,evaluated,-0.003724278497205691,evaluated,-0.002400073749339371,evaluated,0.01564180552021388
trend_alignment,1,650add07184f8440,TLT,bullish,fast_above_slow,47,2018-06-15T04:00:00+00:00,2018-08-02T04:00:00+00:00,34,evaluated,-0.0017430835658679422,evaluated,0.00041496863355128255,evaluated,0.014359193885592703
trend_alignment,1,650add07184f8440,TLT,neutral,trend_margin_below_threshold,48,2018-08-03T04:00:00+00:00,2018-08-03T04:00:00+00:00,1,evaluated,-0.0020913501596563355,evaluated,0.009369271691519243,evaluated,0.01221347727363975
trend_alignment,1,650add07184f8440,TLT,bearish,fast_below_slow,49,2018-08-06T04:00:00+00:00,2018-08-30T04:00:00+00:00,19,evaluated,-0.003024452776976605,evaluated,0.01159375701054377,evaluated,0.008401243470179232
trend_alignment,1,650add07184f8440,TLT,neutral,trend_margin_below_threshold,50,2018-08-31T04:00:00+00:00,2018-09-17T04:00:00+00:00,11,evaluated,0.0005835253030881393,evaluated,-0.0032510786314178253,evaluated,-0.03176056675284611
trend_alignment,1,650add07184f8440,TLT,bearish,fast_below_slow,51,2018-09-18T04:00:00+00:00,2018-12-03T05:00:00+00:00,54,evaluated,-0.004269490200615733,evaluated,-0.003671764178419523,evaluated,-0.020749724980882567
trend_alignment,1,650add07184f8440,TLT,neutral,trend_margin_below_threshold,52,2018-12-04T05:00:00+00:00,2018-12-04T05:00:00+00:00,1,evaluated,-0.0029525769480169828,evaluated,-0.001602855069502196,evaluated,0.030116413592473634
trend_alignment,1,650add07184f8440,TLT,bullish,fast_above_slow,53,2018-12-06T05:00:00+00:00,2019-03-05T05:00:00+00:00,60,evaluated,0.005092998183088948,evaluated,0.0022069615619944027,evaluated,0.033443701918817625
trend_alignment,1,650add07184f8440,TLT,neutral,trend_margin_below_threshold,54,2019-03-06T05:00:00+00:00,2019-03-21T04:00:00+00:00,12,evaluated,0.0034814172005155353,evaluated,0.009864078642463525,evaluated,0.023872656399110515
trend_alignment,1,650add07184f8440,TLT,bullish,fast_above_slow,55,2019-03-22T04:00:00+00:00,2019-10-02T04:00:00+00:00,135,evaluated,0.002003044667015841,evaluated,0.013059890350909376,evaluated,-0.020030446670158297
trend_alignment,1,650add07184f8440,TLT,neutral,trend_margin_below_threshold,56,2019-10-03T04:00:00+00:00,2019-10-03T04:00:00+00:00,1,evaluated,0.004403160390599847,evaluated,-0.021671888703121645,evaluated,-0.02827657679920903
trend_alignment,1,650add07184f8440,TLT,bearish,fast_below_slow,57,2019-10-04T04:00:00+00:00,2019-12-12T05:00:00+00:00,49,evaluated,-0.002617834618529269,evaluated,-0.03251585217433539,evaluated,-0.03168921181776152
trend_alignment,1,650add07184f8440,TLT,neutral,trend_margin_below_threshold,58,2019-12-13T05:00:00+00:00,2019-12-13T05:00:00+00:00,1,evaluated,-0.004407519055295683,evaluated,-0.01264450922814997,evaluated,0.002384406398901362
trend_alignment,1,650add07184f8440,TLT,bullish,fast_above_slow,59,2019-12-16T05:00:00+00:00,2019-12-20T05:00:00+00:00,5,evaluated,-0.004413577749217801,evaluated,-0.012734315028785859,evaluated,0.010418834474108296
trend_alignment,1,650add07184f8440,TLT,neutral,trend_margin_below_threshold,60,2019-12-23T05:00:00+00:00,2019-12-26T05:00:00+00:00,3,evaluated,0.0067686740828363234,evaluated,-0.0032372163576646074,evaluated,0.036933522219601445
trend_alignment,1,650add07184f8440,TLT,bearish,fast_below_slow,61,2019-12-27T05:00:00+00:00,2020-01-23T05:00:00+00:00,18,evaluated,0.006843829117282096,evaluated,0.017955717509497093,evaluated,0.05349918540815546
trend_alignment,1,650add07184f8440,TLT,neutral,trend_margin_below_threshold,62,2020-01-24T05:00:00+00:00,2020-01-27T05:00:00+00:00,2,evaluated,0.0023619058360444534,evaluated,0.013546349354514486,evaluated,0.04376521837664926
trend_alignment,1,650add07184f8440,TLT,bullish,fast_above_slow,63,2020-01-28T05:00:00+00:00,2020-05-26T04:00:00+00:00,83,evaluated,0.007808108603769792,evaluated,0.0009760135754712795,evaluated,0.04747627888095973
trend_alignment,1,650add07184f8440,TLT,neutral,trend_margin_below_threshold,64,2020-05-27T04:00:00+00:00,2020-05-27T04:00:00+00:00,1,evaluated,0.002901864302490287,evaluated,-0.014942043266334193,evaluated,0.006606520258547688
trend_alignment,1,650add07184f8440,TLT,bearish,fast_below_slow,65,2020-05-28T04:00:00+00:00,2020-07-08T04:00:00+00:00,29,evaluated,0.005408331311613335,evaluated,-0.033679618709407166,evaluated,0.004855222503444834
trend_alignment,1,650add07184f8440,TLT,neutral,trend_margin_below_threshold,66,2020-07-09T04:00:00+00:00,2020-07-10T04:00:00+00:00,2,evaluated,-0.009645698997462593,evaluated,-0.004882358322890523,evaluated,0.01827929371838488
trend_alignment,1,650add07184f8440,TLT,bullish,fast_above_slow,67,2020-07-13T04:00:00+00:00,2020-08-27T04:00:00+00:00,34,evaluated,-0.004823424009537058,evaluated,-0.004406540026495986,evaluated,0.007086300799784784
trend_alignment,1,650add07184f8440,TLT,neutral,trend_margin_below_threshold,68,2020-08-28T04:00:00+00:00,2020-08-28T04:00:00+00:00,1,evaluated,0.003650967299547503,evaluated,0.007054451402175088,evaluated,0.018873686124832423
trend_alignment,1,650add07184f8440,TLT,bearish,fast_below_slow,69,2020-08-31T04:00:00+00:00,2021-04-28T04:00:00+00:00,166,evaluated,0.012982234018479089,evaluated,0.01224042441621398,evaluated,0.019040565873192694
trend_alignment,1,650add07184f8440,TLT,neutral,trend_margin_below_threshold,70,2021-04-29T04:00:00+00:00,2021-04-29T04:00:00+00:00,1,evaluated,0.0009385956823937391,evaluated,0.0101797972567228,evaluated,0.0010830204405649635
trend_alignment,1,650add07184f8440,TLT,bullish,fast_above_slow,71,2021-04-30T04:00:00+00:00,2021-05-25T04:00:00+00:00,18,evaluated,-0.0012977121827076887,evaluated,0.003821188110729734,evaluated,-0.0018745098237670232
trend_alignment,1,650add07184f8440,TLT,neutral,trend_margin_below_threshold,72,2021-05-26T04:00:00+00:00,2021-06-01T04:00:00+00:00,4,evaluated,0.0011552610982625833,evaluated,-0.0035379457990184493,evaluated,0.036101083032491044
trend_alignment,1,650add07184f8440,TLT,bearish,fast_below_slow,73,2021-06-02T04:00:00+00:00,2021-06-09T04:00:00+00:00,6,evaluated,-0.0036098478075914375,evaluated,0.022958689341463945,evaluated,0.04216310611716523
trend_alignment,1,650add07184f8440,TLT,neutral,trend_margin_below_threshold,74,2021-06-10T04:00:00+00:00,2021-06-10T04:00:00+00:00,1,evaluated,0.0,evaluated,0.005129616612062016,evaluated,0.02965358227179804
trend_alignment,1,650add07184f8440,TLT,bullish,fast_above_slow,75,2021-06-11T04:00:00+00:00,2021-09-24T04:00:00+00:00,74,evaluated,-0.006192856052176676,evaluated,0.0255453164539563,evaluated,0.029838072148190342
trend_alignment,1,650add07184f8440,TLT,neutral,trend_margin_below_threshold,76,2021-09-27T04:00:00+00:00,2021-09-28T04:00:00+00:00,2,evaluated,-0.0016628939937588516,evaluated,0.0045035258659889,evaluated,-0.0029099851979281777
trend_alignment,1,650add07184f8440,TLT,bearish,fast_below_slow,77,2021-09-29T04:00:00+00:00,2021-11-15T05:00:00+00:00,34,evaluated,0.0015267259638078734,evaluated,0.002012444648506806,evaluated,0.02526023064172267
trend_alignment,1,650add07184f8440,TLT,neutral,trend_margin_below_threshold,78,2021-11-16T05:00:00+00:00,2021-11-16T05:00:00+00:00,1,evaluated,0.011689749581510034,evaluated,-0.0004842451454107888,evaluated,0.032371809079913216
trend_alignment,1,650add07184f8440,TLT,bullish,fast_above_slow,79,2021-11-17T05:00:00+00:00,2022-01-04T05:00:00+00:00,33,evaluated,0.0056167685086365715,evaluated,0.0056853332407988955,evaluated,0.021576777710525352
trend_alignment,1,650add07184f8440,TLT,neutral,trend_margin_below_threshold,80,2022-01-05T05:00:00+00:00,2022-01-05T05:00:00+00:00,1,evaluated,0.00490915889066601,evaluated,0.002945495334399695,evaluated,-0.010519672056414797
trend_alignment,1,650add07184f8440,TLT,bearish,fast_below_slow,81,2022-01-06T05:00:00+00:00,2022-07-22T04:00:00+00:00,136,evaluated,-0.006078462560585307,evaluated,0.008034610893962624,evaluated,-0.02878509212201741
trend_alignment,1,650add07184f8440,TLT,neutral,trend_margin_below_threshold,82,2022-07-25T04:00:00+00:00,2022-07-25T04:00:00+00:00,1,evaluated,-0.011610274662053,evaluated,0.009927648486592888,evaluated,-0.0521621816961545
trend_alignment,1,650add07184f8440,TLT,bullish,fast_above_slow,83,2022-07-26T04:00:00+00:00,2022-08-26T04:00:00+00:00,24,evaluated,-0.010083911701251558,evaluated,-0.004321685679165799,evaluated,-0.05058894256955748
trend_alignment,1,650add07184f8440,TLT,neutral,trend_margin_below_threshold,84,2022-08-29T04:00:00+00:00,2022-08-29T04:00:00+00:00,1,evaluated,0.003018969362446944,evaluated,-0.04555145407300387,evaluated,-0.1036228513028874
trend_alignment,1,650add07184f8440,TLT,bearish,fast_below_slow,85,2022-08-30T04:00:00+00:00,2022-11-30T05:00:00+00:00,65,evaluated,-0.007187906384237164,evaluated,-0.031058655818379632,evaluated,-0.07418582331381518
trend_alignment,1,650add07184f8440,TLT,neutral,trend_margin_below_threshold,86,2022-12-01T05:00:00+00:00,2022-12-01T05:00:00+00:00,1,evaluated,0.016998986080304146,evaluated,0.03675208931651497,evaluated,-0.05451097176457531
trend_alignment,1,650add07184f8440,TLT,bullish,fast_above_slow,87,2022-12-02T05:00:00+00:00,2023-02-21T05:00:00+00:00,54,evaluated,-0.0023620560152126657,evaluated,0.004629681690461629,evaluated,-0.04138319543620328
trend_alignment,1,650add07184f8440,TLT,neutral,trend_margin_below_threshold,88,2023-02-22T05:00:00+00:00,2023-02-22T05:00:00+00:00,1,evaluated,0.007484756050600394,evaluated,-0.011522534551862473,evaluated,0.04786291674740739
trend_alignment,1,650add07184f8440,TLT,bearish,fast_below_slow,89,2023-02-23T05:00:00+00:00,2023-03-29T04:00:00+00:00,25,evaluated,-0.0046332926793314355,evaluated,-0.019321757071179002,evaluated,0.04889588885151741
trend_alignment,1,650add07184f8440,TLT,neutral,trend_margin_below_threshold,90,2023-03-30T04:00:00+00:00,2023-03-30T04:00:00+00:00,1,evaluated,0.009682053034974603,evaluated,0.030185100628709938,evaluated,0.01053631349244144
trend_alignment,1,650add07184f8440,TLT,bullish,fast_above_slow,91,2023-03-31T04:00:00+00:00,2023-05-09T04:00:00+00:00,27,evaluated,0.006800162819988076,evaluated,0.00850020352498504,evaluated,-0.025972800069290036
trend_alignment,1,650add07184f8440,TLT,neutral,trend_margin_below_threshold,92,2023-05-10T04:00:00+00:00,2023-05-10T04:00:00+00:00,1,evaluated,-0.001424515873994614,evaluated,-0.02583097000829304,evaluated,-0.030769282044289303
trend_alignment,1,650add07184f8440,TLT,bearish,fast_below_slow,93,2023-05-11T04:00:00+00:00,2023-11-21T05:00:00+00:00,135,evaluated,-0.007425096487689742,evaluated,-0.03074729427035028,evaluated,-0.029795381169768764
trend_alignment,1,650add07184f8440,TLT,neutral,trend_margin_below_threshold,94,2023-11-22T05:00:00+00:00,2023-11-22T05:00:00+00:00,1,evaluated,-0.0033295829904974594,evaluated,0.016204207649259894,evaluated,0.09800224173800487
trend_alignment,1,650add07184f8440,TLT,bullish,fast_above_slow,95,2023-11-24T05:00:00+00:00,2024-01-31T05:00:00+00:00,46,evaluated,0.011074196746447829,evaluated,0.029789531795141544,evaluated,0.09058693276551932
trend_alignment,1,650add07184f8440,TLT,neutral,trend_margin_below_threshold,96,2024-02-01T05:00:00+00:00,2024-02-01T05:00:00+00:00,1,evaluated,-0.0020774587640601805,evaluated,-0.02316397429416206,evaluated,-0.018697366626457823
trend_alignment,1,650add07184f8440,TLT,bearish,fast_below_slow,97,2024-02-02T05:00:00+00:00,2024-03-22T04:00:00+00:00,35,evaluated,-0.0052837368119224015,evaluated,-0.008242616526850877,evaluated,-0.0057064454316873015
trend_alignment,1,650add07184f8440,TLT,neutral,trend_margin_below_threshold,98,2024-03-25T04:00:00+00:00,2024-03-27T04:00:00+00:00,3,evaluated,0.002780392480979277,evaluated,-0.015720256519313858,evaluated,-0.04790934931652424
trend_alignment,1,650add07184f8440,TLT,bullish,fast_above_slow,99,2024-03-28T04:00:00+00:00,2024-03-28T04:00:00+00:00,1,evaluated,-0.007932231284246472,evaluated,-0.020366614934427152,evaluated,-0.054132307880782604
trend_alignment,1,650add07184f8440,TLT,neutral,trend_margin_below_threshold,100,2024-04-01T04:00:00+00:00,2024-04-02T04:00:00+00:00,2,evaluated,0.005132698725232032,evaluated,-0.0020749420338481706,evaluated,-0.028284332712922522
trend_alignment,1,650add07184f8440,TLT,bearish,fast_below_slow,101,2024-04-03T04:00:00+00:00,2024-05-29T04:00:00+00:00,40,evaluated,0.000539814889781498,evaluated,-0.02601744687653995,evaluated,-0.0439382469556755
trend_alignment,1,650add07184f8440,TLT,neutral,trend_margin_below_threshold,102,2024-05-30T04:00:00+00:00,2024-05-31T04:00:00+00:00,2,evaluated,-0.000331635804355912,evaluated,0.030172365453718264,evaluated,0.014367764966088048
trend_alignment,1,650add07184f8440,TLT,bullish,fast_above_slow,103,2024-06-03T04:00:00+00:00,2024-10-09T04:00:00+00:00,90,evaluated,0.0050976272913216825,evaluated,-0.01420821694093044,evaluated,-0.01724508015746673
trend_alignment,1,650add07184f8440,TLT,neutral,trend_margin_below_threshold,104,2024-10-10T04:00:00+00:00,2024-10-10T04:00:00+00:00,1,evaluated,0.0023533759457474712,evaluated,0.00342318873911851,evaluated,-0.02299958759810461
trend_alignment,1,650add07184f8440,TLT,bearish,fast_below_slow,105,2024-10-11T04:00:00+00:00,2024-12-17T05:00:00+00:00,47,evaluated,0.007846041706317752,evaluated,0.00892091383154936,evaluated,-0.005911468683853172
trend_alignment,1,650add07184f8440,TLT,neutral,trend_margin_below_threshold,106,2024-12-18T05:00:00+00:00,2024-12-23T05:00:00+00:00,4,evaluated,-0.0029522213822120724,evaluated,-0.0028386510828464218,evaluated,-0.001135443107387335
trend_alignment,1,650add07184f8440,TLT,bearish,fast_below_slow,107,2024-12-24T05:00:00+00:00,2024-12-31T05:00:00+00:00,5,evaluated,0.006994617781852064,evaluated,0.004127974018241387,evaluated,0.011925248554583545
momentum_in_trend_context,1,6589cb8021b76574,TLT,bullish,"fast_above_slow,momentum_elevated,momentum_confirms_trend",0,2015-01-02T05:00:00+00:00,2015-02-04T05:00:00+00:00,23,evaluated,0.01023367606904202,evaluated,0.023904483623889305,evaluated,0.07397860813280022
momentum_in_trend_context,1,6589cb8021b76574,TLT,neutral,momentum_midrange,1,2015-02-05T05:00:00+00:00,2015-02-27T05:00:00+00:00,16,evaluated,-0.008254421148808255,evaluated,-0.01915939962761859,evaluated,-0.06474822305310046
momentum_in_trend_context,1,6589cb8021b76574,TLT,bearish,"fast_below_slow,momentum_depressed,momentum_confirms_trend",2,2015-03-02T05:00:00+00:00,2015-03-10T04:00:00+00:00,7,evaluated,-0.0037827703510747712,evaluated,-0.017731893851546165,evaluated,0.027740596496118375
momentum_in_trend_context,1,6589cb8021b76574,TLT,neutral,momentum_midrange,3,2015-03-11T04:00:00+00:00,2015-04-16T04:00:00+00:00,26,evaluated,-0.008502311730402612,evaluated,0.025663093785018853,evaluated,0.009594350677212926
momentum_in_trend_context,1,6589cb8021b76574,TLT,bullish,"fast_above_slow,momentum_elevated,momentum_confirms_trend",4,2015-04-17T04:00:00+00:00,2015-04-17T04:00:00+00:00,1,evaluated,-0.004964175524315495,evaluated,-0.014281312680013869,evaluated,-0.07140679646542403
momentum_in_trend_context,1,6589cb8021b76574,TLT,neutral,momentum_midrange,5,2015-04-20T04:00:00+00:00,2015-05-01T04:00:00+00:00,10,evaluated,-0.004069713558201404,evaluated,-0.008907229066851707,evaluated,-0.08200870019319828
momentum_in_trend_context,1,6589cb8021b76574,TLT,bearish,"fast_below_slow,momentum_depressed,momentum_confirms_trend",6,2015-05-04T04:00:00+00:00,2015-05-22T04:00:00+00:00,15,evaluated,-0.0016278442719244168,evaluated,-0.027104035605662546,evaluated,-0.027836546898544978
momentum_in_trend_context,1,6589cb8021b76574,TLT,neutral,momentum_midrange,7,2015-05-26T04:00:00+00:00,2015-05-29T04:00:00+00:00,4,evaluated,0.004583381545220311,evaluated,-0.022425911416972366,evaluated,-0.050990369466136554
momentum_in_trend_context,1,6589cb8021b76574,TLT,bearish,"fast_below_slow,momentum_depressed,momentum_confirms_trend",8,2015-06-01T04:00:00+00:00,2015-06-15T04:00:00+00:00,11,evaluated,-0.006074692008505966,evaluated,-0.022468145039382437,evaluated,-0.01572771422523711
momentum_in_trend_context,1,6589cb8021b76574,TLT,neutral,momentum_midrange,9,2015-06-16T04:00:00+00:00,2015-06-16T04:00:00+00:00,1,evaluated,-0.0029535736212750185,evaluated,-0.021519013095002593,evaluated,-0.010126556525250519
momentum_in_trend_context,1,6589cb8021b76574,TLT,bearish,"fast_below_slow,momentum_depressed,momentum_confirms_trend",10,2015-06-17T04:00:00+00:00,2015-06-18T04:00:00+00:00,2,evaluated,0.0017039869094490623,evaluated,-0.0035784765145374653,evaluated,0.006304829568482662
momentum_in_trend_context,1,6589cb8021b76574,TLT,neutral,momentum_midrange,11,2015-06-19T04:00:00+00:00,2015-06-19T04:00:00+00:00,1,evaluated,-0.010098394848889525,evaluated,-0.022148617295211226,evaluated,0.003224753009350767
momentum_in_trend_context,1,6589cb8021b76574,TLT,bearish,"fast_below_slow,momentum_depressed,momentum_confirms_trend",12,2015-06-22T04:00:00+00:00,2015-06-26T04:00:00+00:00,5,evaluated,0.0019009209792388848,evaluated,0.022034004565770315,evaluated,0.027045685324698754
momentum_in_trend_context,1,6589cb8021b76574,TLT,neutral,momentum_midrange,13,2015-06-29T04:00:00+00:00,2015-06-30T04:00:00+00:00,2,evaluated,0.0005110524515667958,evaluated,0.015843275861811223,evaluated,0.031942077949405956
momentum_in_trend_context,1,6589cb8021b76574,TLT,bearish,"fast_below_slow,momentum_depressed,momentum_confirms_trend",14,2015-07-01T04:00:00+00:00,2015-07-02T04:00:00+00:00,2,evaluated,-0.0027510290204931787,evaluated,0.013755145102465782,evaluated,0.045649910355269885
momentum_in_trend_context,1,6589cb8021b76574,TLT,neutral,momentum_midrange,15,2015-07-06T04:00:00+00:00,2015-07-09T04:00:00+00:00,4,evaluated,-0.003342817262553477,evaluated,-0.033177344970784395,evaluated,0.03250876876648645
momentum_in_trend_context,1,6589cb8021b76574,TLT,bearish,"fast_below_slow,momentum_depressed,momentum_confirms_trend",16,2015-07-10T04:00:00+00:00,2015-07-14T04:00:00+00:00,3,evaluated,0.0025999051334142376,evaluated,0.0288586692838948,evaluated,0.07756302102073742
momentum_in_trend_context,1,6589cb8021b76574,TLT,neutral,momentum_midrange,17,2015-07-15T04:00:00+00:00,2015-07-28T04:00:00+00:00,10,evaluated,0.010437173642514175,evaluated,0.023184182553025456,evaluated,0.06142527455442548
momentum_in_trend_context,1,6589cb8021b76574,TLT,bullish,"fast_above_slow,momentum_elevated,momentum_confirms_trend",18,2015-07-29T04:00:00+00:00,2015-08-25T04:00:00+00:00,20,evaluated,0.0034650455582678763,evaluated,0.003630083695484565,evaluated,0.005940114067663149
momentum_in_trend_context,1,6589cb8021b76574,TLT,neutral,momentum_midrange,19,2015-08-26T04:00:00+00:00,2015-10-14T04:00:00+00:00,35,evaluated,0.0014775923955565595,evaluated,-0.006895389426981868,evaluated,0.006402879504604053
momentum_in_trend_context,1,6589cb8021b76574,TLT,bullish,"fast_above_slow,momentum_elevated,momentum_confirms_trend",20,2015-10-15T04:00:00+00:00,2015-10-16T04:00:00+00:00,2,evaluated,-0.0025754502601547102,evaluated,8.050009038607087e-05,evaluated,-0.04225352112676062
momentum_in_trend_context,1,6589cb8021b76574,TLT,neutral,momentum_midrange,21,2015-10-19T04:00:00+00:00,2015-10-20T04:00:00+00:00,2,evaluated,0.0002442897276169198,evaluated,0.00993480098526045,evaluated,-0.026302958279017408
momentum_in_trend_context,1,6589cb8021b76574,TLT,bullish,"fast_above_slow,momentum_elevated,momentum_confirms_trend",22,2015-10-21T04:00:00+00:00,2015-10-22T04:00:00+00:00,2,evaluated,0.001289312361617334,evaluated,-0.002175637762982796,evaluated,-0.032876727487676005
momentum_in_trend_context,1,6589cb8021b76574,TLT,neutral,momentum_midrange,23,2015-10-23T04:00:00+00:00,2015-10-26T04:00:00+00:00,2,evaluated,0.0012108976601157284,evaluated,-0.008799579745833452,evaluated,-0.027609636897616086
momentum_in_trend_context,1,6589cb8021b76574,TLT,bullish,"fast_above_slow,momentum_elevated,momentum_confirms_trend",24,2015-10-27T04:00:00+00:00,2015-10-27T04:00:00+00:00,1,evaluated,-0.0035406359048636427,evaluated,-0.02671601983188321,evaluated,-0.02784259417348034
momentum_in_trend_context,1,6589cb8021b76574,TLT,neutral,momentum_midrange,25,2015-10-28T04:00:00+00:00,2015-11-10T05:00:00+00:00,10,evaluated,-0.01071602282476014,evaluated,-0.016967072269095773,evaluated,-0.016967072269095773
momentum_in_trend_context,1,6589cb8021b76574,TLT,bearish,"fast_below_slow,momentum_depressed,momentum_confirms_trend",26,2015-11-11T05:00:00+00:00,2015-11-18T05:00:00+00:00,6,evaluated,0.002105263157894832,evaluated,0.01069470857319077,evaluated,0.02602102179276322
momentum_in_trend_context,1,6589cb8021b76574,TLT,neutral,momentum_midrange,27,2015-11-19T05:00:00+00:00,2015-12-02T05:00:00+00:00,9,evaluated,-0.003969266151676809,evaluated,0.0003307774367518057,evaluated,0.019019292532486354
momentum_in_trend_context,1,6589cb8021b76574,TLT,bearish,"fast_below_slow,momentum_depressed,momentum_confirms_trend",28,2015-12-03T05:00:00+00:00,2015-12-03T05:00:00+00:00,1,evaluated,0.008784431209579058,evaluated,0.01932567206713509,evaluated,0.01606289792147031
momentum_in_trend_context,1,6589cb8021b76574,TLT,neutral,momentum_midrange,29,2015-12-04T05:00:00+00:00,2015-12-18T05:00:00+00:00,11,evaluated,0.007780833212502447,evaluated,0.02441854678629518,evaluated,0.0012416317267629484
momentum_in_trend_context,1,6589cb8021b76574,TLT,bullish,"fast_above_slow,momentum_elevated,momentum_confirms_trend",30,2015-12-21T05:00:00+00:00,2015-12-21T05:00:00+00:00,1,evaluated,-0.002772148088505455,evaluated,-0.020301653752887616,evaluated,0.0258458877252965
momentum_in_trend_context,1,6589cb8021b76574,TLT,neutral,momentum_midrange,31,2015-12-22T05:00:00+00:00,2016-01-05T05:00:00+00:00,9,evaluated,0.0013197725668931959,evaluated,-0.009816071999128484,evaluated,0.03390244054399738
momentum_in_trend_context,1,6589cb8021b76574,TLT,bullish,"fast_above_slow,momentum_elevated,momentum_confirms_trend",32,2016-01-06T05:00:00+00:00,2016-01-08T05:00:00+00:00,3,evaluated,0.0010596450366366916,evaluated,0.01882945510961398,evaluated,0.048011142846357435
momentum_in_trend_context,1,6589cb8021b76574,TLT,neutral,momentum_midrange,33,2016-01-11T05:00:00+00:00,2016-01-11T05:00:00+00:00,1,evaluated,0.011688739153026262,evaluated,0.02468533891500213,evaluated,0.07593598841758853
momentum_in_trend_context,1,6589cb8021b76574,TLT,bullish,"fast_above_slow,momentum_elevated,momentum_confirms_trend",34,2016-01-12T05:00:00+00:00,2016-02-29T05:00:00+00:00,33,evaluated,0.011818984043553193,evaluated,0.025499891176286704,evaluated,0.07496150407465141
momentum_in_trend_context,1,6589cb8021b76574,TLT,neutral,momentum_midrange,35,2016-03-01T05:00:00+00:00,2016-04-08T04:00:00+00:00,28,evaluated,0.0049875261309126895,evaluated,0.012936317866052871,evaluated,0.010676395253984117
momentum_in_trend_context,1,6589cb8021b76574,TLT,bullish,"fast_above_slow,momentum_elevated,momentum_confirms_trend",36,2016-04-11T04:00:00+00:00,2016-04-11T04:00:00+00:00,1,evaluated,-0.0011444091637012876,evaluated,0.0017546210278169827,evaluated,-0.0016783736468563015
momentum_in_trend_context,1,6589cb8021b76574,TLT,neutral,momentum_midrange,37,2016-04-12T04:00:00+00:00,2016-04-12T04:00:00+00:00,1,evaluated,0.005356162944109011,evaluated,0.0016067905054348852,evaluated,0.0013772490046586316
momentum_in_trend_context,1,6589cb8021b76574,TLT,bullish,"fast_above_slow,momentum_elevated,momentum_confirms_trend",38,2016-04-13T04:00:00+00:00,2016-04-13T04:00:00+00:00,1,evaluated,-0.001145895279787923,evaluated,-0.011076288348327967,evaluated,0.005347161627532682
momentum_in_trend_context,1,6589cb8021b76574,TLT,neutral,momentum_midrange,39,2016-04-14T04:00:00+00:00,2016-04-14T04:00:00+00:00,1,evaluated,0.004493957093849588,evaluated,-0.01980341974014843,evaluated,-0.002132674183984773
momentum_in_trend_context,1,6589cb8021b76574,TLT,bullish,"fast_above_slow,momentum_elevated,momentum_confirms_trend",40,2016-04-15T04:00:00+00:00,2016-04-15T04:00:00+00:00,1,evaluated,-0.00015232065927073268,evaluated,-0.022614796156964823,evaluated,0.007233662795986806
momentum_in_trend_context,1,6589cb8021b76574,TLT,neutral,momentum_midrange,41,2016-04-18T04:00:00+00:00,2016-05-04T04:00:00+00:00,13,evaluated,-0.0013732677147985095,evaluated,-0.02479401857339636,evaluated,0.0004577171021944437
momentum_in_trend_context,1,6589cb8021b76574,TLT,bullish,"fast_above_slow,momentum_elevated,momentum_confirms_trend",42,2016-05-05T04:00:00+00:00,2016-05-05T04:00:00+00:00,1,evaluated,-0.00305700524734398,evaluated,0.0012226854861110414,evaluated,0.018188685617183786
momentum_in_trend_context,1,6589cb8021b76574,TLT,neutral,momentum_midrange,43,2016-05-06T04:00:00+00:00,2016-05-06T04:00:00+00:00,1,evaluated,0.0030660269500188964,evaluated,0.013950574672446647,evaluated,0.01364401876201704
momentum_in_trend_context,1,6589cb8021b76574,TLT,bullish,"fast_above_slow,momentum_elevated,momentum_confirms_trend",44,2016-05-09T04:00:00+00:00,2016-05-11T04:00:00+00:00,3,evaluated,0.00015276280274734155,evaluated,0.0022162267681011816,evaluated,0.013068333017312472
momentum_in_trend_context,1,6589cb8021b76574,TLT,neutral,momentum_midrange,45,2016-05-12T04:00:00+00:00,2016-06-01T04:00:00+00:00,14,evaluated,0.006084599009385627,evaluated,-0.010876123533990478,evaluated,0.025098898379919854
momentum_in_trend_context,1,6589cb8021b76574,TLT,bullish,"fast_above_slow,momentum_elevated,momentum_confirms_trend",46,2016-06-02T04:00:00+00:00,2016-06-20T04:00:00+00:00,13,evaluated,0.002784849582174953,evaluated,0.009558966330171614,evaluated,0.04546133718489709
momentum_in_trend_context,1,6589cb8021b76574,TLT,neutral,momentum_midrange,47,2016-06-21T04:00:00+00:00,2016-06-23T04:00:00+00:00,3,evaluated,0.0019475243957747246,evaluated,0.044644245047694264,evaluated,0.03580523430184934
momentum_in_trend_context,1,6589cb8021b76574,TLT,bullish,"fast_above_slow,momentum_elevated,momentum_confirms_trend",48,2016-06-24T04:00:00+00:00,2016-07-14T04:00:00+00:00,14,evaluated,0.005273011518820425,evaluated,0.015385761667506603,evaluated,0.0018780302098446722
momentum_in_trend_context,1,6589cb8021b76574,TLT,neutral,momentum_midrange,49,2016-07-15T04:00:00+00:00,2016-07-26T04:00:00+00:00,8,evaluated,-0.00582449683413333,evaluated,-0.001941498944711073,evaluated,0.00726248977956323
momentum_in_trend_context,1,6589cb8021b76574,TLT,bullish,"fast_above_slow,momentum_elevated,momentum_confirms_trend",50,2016-07-27T04:00:00+00:00,2016-07-29T04:00:00+00:00,3,evaluated,0.004220288447863485,evaluated,-0.009942770810482893,evaluated,-0.0007153512255546612
momentum_in_trend_context,1,6589cb8021b76574,TLT,neutral,momentum_midrange,51,2016-08-01T04:00:00+00:00,2016-08-09T04:00:00+00:00,7,evaluated,0.0036276572107492022,evaluated,0.003119732061734437,evaluated,0.017267683749506046
momentum_in_trend_context,1,6589cb8021b76574,TLT,bullish,"fast_above_slow,momentum_elevated,momentum_confirms_trend",52,2016-08-10T04:00:00+00:00,2016-08-10T04:00:00+00:00,1,evaluated,-0.008210723379480811,evaluated,-0.005997403630820575,evaluated,-0.016207370498570017
momentum_in_trend_context,1,6589cb8021b76574,TLT,neutral,momentum_midrange,53,2016-08-11T04:00:00+00:00,2016-09-07T04:00:00+00:00,19,evaluated,-0.0023502729324672567,evaluated,-0.006908348375500251,evaluated,-0.034826574048213876
momentum_in_trend_context,1,6589cb8021b76574,TLT,bearish,"fast_below_slow,momentum_depressed,momentum_confirms_trend",54,2016-09-08T04:00:00+00:00,2016-09-21T04:00:00+00:00,10,evaluated,-0.004042059397022735,evaluated,-0.017638046785393713,evaluated,-0.016462154571850074
momentum_in_trend_context,1,6589cb8021b76574,TLT,neutral,momentum_midrange,55,2016-09-22T04:00:00+00:00,2016-10-03T04:00:00+00:00,8,evaluated,-0.0015324487845639334,evaluated,0.012552004933411576,evaluated,-0.02860686129946577
momentum_in_trend_context,1,6589cb8021b76574,TLT,bearish,"fast_below_slow,momentum_depressed,momentum_confirms_trend",56,2016-10-04T04:00:00+00:00,2016-12-28T05:00:00+00:00,60,evaluated,-0.003258794456252212,evaluated,-0.016219836854596603,evaluated,-0.029699375194308875
momentum_in_trend_context,1,6589cb8021b76574,TLT,neutral,momentum_midrange,57,2016-12-29T05:00:00+00:00,2017-02-07T05:00:00+00:00,27,evaluated,0.002946611194797333,evaluated,0.017511381145233873,evaluated,0.004125255672716266
momentum_in_trend_context,1,6589cb8021b76574,TLT,bullish,"fast_above_slow,momentum_elevated,momentum_confirms_trend",58,2017-02-08T05:00:00+00:00,2017-02-08T05:00:00+00:00,1,evaluated,-0.004777216156494513,evaluated,-0.02017959396867508,evaluated,-0.03764111017521532
momentum_in_trend_context,1,6589cb8021b76574,TLT,neutral,momentum_midrange,59,2017-02-09T05:00:00+00:00,2017-02-23T05:00:00+00:00,10,evaluated,0.005411718612737149,evaluated,-0.004162850699019227,evaluated,-0.023811511079994796
momentum_in_trend_context,1,6589cb8021b76574,TLT,bullish,"fast_above_slow,momentum_elevated,momentum_confirms_trend",60,2017-02-24T05:00:00+00:00,2017-02-28T05:00:00+00:00,3,evaluated,-0.004268915963291708,evaluated,-0.02019537914602887,evaluated,-0.007634843804412927
momentum_in_trend_context,1,6589cb8021b76574,TLT,neutral,momentum_midrange,61,2017-03-01T05:00:00+00:00,2017-03-07T05:00:00+00:00,5,evaluated,0.0002520693954994879,evaluated,-0.01033529396567534,evaluated,0.019578137634121084
momentum_in_trend_context,1,6589cb8021b76574,TLT,bearish,"fast_below_slow,momentum_depressed,momentum_confirms_trend",62,2017-03-08T05:00:00+00:00,2017-03-14T04:00:00+00:00,5,evaluated,-0.004261121660172895,evaluated,0.009885833460988369,evaluated,0.03442987081654425
momentum_in_trend_context,1,6589cb8021b76574,TLT,neutral,momentum_midrange,63,2017-03-15T04:00:00+00:00,2017-03-15T04:00:00+00:00,1,evaluated,-0.0007627454828377234,evaluated,0.022290066365193928,evaluated,0.04322398988437581
momentum_in_trend_context,1,6589cb8021b76574,TLT,bearish,"fast_below_slow,momentum_depressed,momentum_confirms_trend",64,2017-03-16T04:00:00+00:00,2017-03-16T04:00:00+00:00,1,evaluated,0.004487331949521778,evaluated,0.019812008515776247,evaluated,0.04538142902931952
momentum_in_trend_context,1,6589cb8021b76574,TLT,neutral,momentum_midrange,65,2017-03-17T04:00:00+00:00,2017-04-05T04:00:00+00:00,14,evaluated,0.005061142629065429,evaluated,0.01965410494880304,evaluated,0.03829601998534482
momentum_in_trend_context,1,6589cb8021b76574,TLT,bullish,"fast_above_slow,momentum_elevated,momentum_confirms_trend",66,2017-04-06T04:00:00+00:00,2017-04-06T04:00:00+00:00,1,evaluated,-0.009274436042202572,evaluated,0.013378241396955648,evaluated,-0.0045140794393822015
momentum_in_trend_context,1,6589cb8021b76574,TLT,neutral,momentum_midrange,67,2017-04-07T04:00:00+00:00,2017-04-07T04:00:00+00:00,1,evaluated,0.0010731158500325577,evaluated,0.016097052650380084,evaluated,-0.004210022608552633
momentum_in_trend_context,1,6589cb8021b76574,TLT,bullish,"fast_above_slow,momentum_elevated,momentum_confirms_trend",68,2017-04-10T04:00:00+00:00,2017-04-24T04:00:00+00:00,10,evaluated,0.00509027177055188,evaluated,0.02380947310200021,evaluated,-0.009688015399099359
momentum_in_trend_context,1,6589cb8021b76574,TLT,neutral,momentum_midrange,69,2017-04-25T04:00:00+00:00,2017-05-16T04:00:00+00:00,16,evaluated,0.004937509217334712,evaluated,0.00148124020859286,evaluated,0.008393715443038907
momentum_in_trend_context,1,6589cb8021b76574,TLT,bullish,"fast_above_slow,momentum_elevated,momentum_confirms_trend",70,2017-05-17T04:00:00+00:00,2017-05-22T04:00:00+00:00,4,evaluated,-0.0026666814630681435,evaluated,-0.004201993075284127,evaluated,0.01898988665956436
momentum_in_trend_context,1,6589cb8021b76574,TLT,neutral,momentum_midrange,71,2017-05-23T04:00:00+00:00,2017-05-23T04:00:00+00:00,1,evaluated,0.003501631062619248,evaluated,0.013029303211391063,evaluated,0.038762169287810844
momentum_in_trend_context,1,6589cb8021b76574,TLT,bullish,"fast_above_slow,momentum_elevated,momentum_confirms_trend",72,2017-05-24T04:00:00+00:00,2017-06-28T04:00:00+00:00,25,evaluated,0.0020321899432769186,evaluated,0.0091855382348216,evaluated,0.039180619625678315
momentum_in_trend_context,1,6589cb8021b76574,TLT,neutral,momentum_midrange,73,2017-06-29T04:00:00+00:00,2017-07-20T04:00:00+00:00,15,evaluated,-0.0005591476432551534,evaluated,-0.01973001975025268,evaluated,-0.01038424016619266
momentum_in_trend_context,1,6589cb8021b76574,TLT,bullish,"fast_above_slow,momentum_elevated,momentum_confirms_trend",74,2017-07-21T04:00:00+00:00,2017-07-21T04:00:00+00:00,1,evaluated,-0.001992825875501203,evaluated,-0.012435214001937145,evaluated,0.00932647131767217
momentum_in_trend_context,1,6589cb8021b76574,TLT,neutral,momentum_midrange,75,2017-07-24T04:00:00+00:00,2017-07-24T04:00:00+00:00,1,evaluated,-0.00459158770442003,evaluated,-0.0008055298422164903,evaluated,0.02247463290836782
momentum_in_trend_context,1,6589cb8021b76574,TLT,bearish,"fast_below_slow,momentum_depressed,momentum_confirms_trend",76,2017-07-25T04:00:00+00:00,2017-07-27T04:00:00+00:00,3,evaluated,0.004056137045641117,evaluated,0.01111383778608288,evaluated,0.025715955907086974
momentum_in_trend_context,1,6589cb8021b76574,TLT,neutral,momentum_midrange,77,2017-07-28T04:00:00+00:00,2017-08-21T04:00:00+00:00,17,evaluated,0.0046978927211707155,evaluated,0.011906700401782322,evaluated,0.0312651922807039
momentum_in_trend_context,1,6589cb8021b76574,TLT,bullish,"fast_above_slow,momentum_elevated,momentum_confirms_trend",78,2017-08-22T04:00:00+00:00,2017-08-31T04:00:00+00:00,8,evaluated,0.002046616296888626,evaluated,0.004801642049398147,evaluated,-0.008894814588118138
momentum_in_trend_context,1,6589cb8021b76574,TLT,neutral,momentum_midrange,79,2017-09-01T04:00:00+00:00,2017-09-01T04:00:00+00:00,1,evaluated,0.008379607212559037,evaluated,-0.0018012636270340332,evaluated,-0.02670533007213416
momentum_in_trend_context,1,6589cb8021b76574,TLT,bullish,"fast_above_slow,momentum_elevated,momentum_confirms_trend",80,2017-09-05T04:00:00+00:00,2017-09-08T04:00:00+00:00,4,evaluated,-0.00582660031764648,evaluated,-0.014993787188259944,evaluated,-0.03356121545879376
momentum_in_trend_context,1,6589cb8021b76574,TLT,neutral,momentum_midrange,81,2017-09-11T04:00:00+00:00,2017-10-04T04:00:00+00:00,18,evaluated,-0.0020464551750112303,evaluated,-0.007241289069194634,evaluated,-0.024163712090377154
momentum_in_trend_context,1,6589cb8021b76574,TLT,bearish,"fast_below_slow,momentum_depressed,momentum_confirms_trend",82,2017-10-05T04:00:00+00:00,2017-10-11T04:00:00+00:00,5,evaluated,0.0024332502241510845,evaluated,0.013464157842388191,evaluated,0.01630304259311055
momentum_in_trend_context,1,6589cb8021b76574,TLT,neutral,momentum_midrange,83,2017-10-12T04:00:00+00:00,2017-10-19T04:00:00+00:00,6,evaluated,0.002149997126370762,evaluated,-0.002150057879631073,evaluated,0.003344466975803595
momentum_in_trend_context,1,6589cb8021b76574,TLT,bearish,"fast_below_slow,momentum_depressed,momentum_confirms_trend",84,2017-10-20T04:00:00+00:00,2017-10-27T04:00:00+00:00,6,evaluated,0.0003221108646360715,evaluated,-0.007409840296425552,evaluated,0.01796066093560844
momentum_in_trend_context,1,6589cb8021b76574,TLT,neutral,momentum_midrange,85,2017-10-30T04:00:00+00:00,2017-11-09T05:00:00+00:00,9,evaluated,-0.0005621111018260239,evaluated,0.012687720601803898,evaluated,0.018148254704762667
momentum_in_trend_context,1,6589cb8021b76574,TLT,bearish,"fast_below_slow,momentum_depressed,momentum_confirms_trend",86,2017-11-10T05:00:00+00:00,2017-11-10T05:00:00+00:00,1,evaluated,-0.0035256605019774456,evaluated,0.01274035496001713,evaluated,0.013060875108648506
momentum_in_trend_context,1,6589cb8021b76574,TLT,neutral,momentum_midrange,87,2017-11-13T05:00:00+00:00,2017-11-21T05:00:00+00:00,7,evaluated,0.003446343806563501,evaluated,0.012583150894165396,evaluated,0.01290374812590045
momentum_in_trend_context,1,6589cb8021b76574,TLT,bullish,"fast_above_slow,momentum_elevated,momentum_confirms_trend",88,2017-11-22T05:00:00+00:00,2017-11-28T05:00:00+00:00,4,evaluated,-0.0010241649185016577,evaluated,-0.014259808983234867,evaluated,-0.018356588871446422
momentum_in_trend_context,1,6589cb8021b76574,TLT,neutral,momentum_midrange,89,2017-11-29T05:00:00+00:00,2017-12-01T05:00:00+00:00,3,evaluated,-0.0015161983537895773,evaluated,0.018913117809884472,evaluated,0.010773331177222012
momentum_in_trend_context,1,6589cb8021b76574,TLT,bullish,"fast_above_slow,momentum_elevated,momentum_confirms_trend",90,2017-12-04T05:00:00+00:00,2017-12-06T05:00:00+00:00,3,evaluated,0.006088373809079783,evaluated,-0.00031628777687398024,evaluated,-0.0030047037174401048
momentum_in_trend_context,1,6589cb8021b76574,TLT,neutral,momentum_midrange,91,2017-12-07T05:00:00+00:00,2017-12-12T05:00:00+00:00,4,evaluated,0.0007900000506255722,evaluated,0.01011143412371096,evaluated,-0.007583530391376714
momentum_in_trend_context,1,6589cb8021b76574,TLT,bullish,"fast_above_slow,momentum_elevated,momentum_confirms_trend",92,2017-12-13T05:00:00+00:00,2017-12-15T05:00:00+00:00,3,evaluated,0.006454149351654559,evaluated,-0.022904396632906,evaluated,-0.019913469877373635
momentum_in_trend_context,1,6589cb8021b76574,TLT,neutral,momentum_midrange,93,2017-12-18T05:00:00+00:00,2018-01-09T05:00:00+00:00,15,evaluated,-0.00625396546418544,evaluated,-0.009341357726619148,evaluated,-0.020661816154663115
momentum_in_trend_context,1,6589cb8021b76574,TLT,bearish,"fast_below_slow,momentum_depressed,momentum_confirms_trend",94,2018-01-10T05:00:00+00:00,2018-01-12T05:00:00+00:00,3,evaluated,0.006477171148300043,evaluated,0.0016192773442071928,evaluated,-0.03902517700151764
momentum_in_trend_context,1,6589cb8021b76574,TLT,neutral,momentum_midrange,95,2018-01-16T05:00:00+00:00,2018-01-17T05:00:00+00:00,2,evaluated,-0.0016789181435757916,evaluated,-0.010953011884605623,evaluated,-0.04868887014817058
momentum_in_trend_context,1,6589cb8021b76574,TLT,bearish,"fast_below_slow,momentum_depressed,momentum_confirms_trend",96,2018-01-18T05:00:00+00:00,2018-01-24T05:00:00+00:00,5,evaluated,-0.0027552995387430945,evaluated,0.005267435314760371,evaluated,-0.04319288302388635
momentum_in_trend_context,1,6589cb8021b76574,TLT,neutral,momentum_midrange,97,2018-01-25T05:00:00+00:00,2018-01-25T05:00:00+00:00,1,evaluated,-0.002340982579569273,evaluated,-0.025670006261547917,evaluated,-0.046415887370722
momentum_in_trend_context,1,6589cb8021b76574,TLT,bearish,"fast_below_slow,momentum_depressed,momentum_confirms_trend",98,2018-01-26T05:00:00+00:00,2018-02-28T05:00:00+00:00,23,evaluated,-0.0019516781441579756,evaluated,-0.027567694201809156,evaluated,-0.03903393513953779
momentum_in_trend_context,1,6589cb8021b76574,TLT,neutral,momentum_midrange,99,2018-03-01T05:00:00+00:00,2018-03-01T05:00:00+00:00,1,evaluated,-0.004206983646776186,evaluated,-0.001346201386360879,evaluated,0.025662625922725057
momentum_in_trend_context,1,6589cb8021b76574,TLT,bearish,"fast_below_slow,momentum_depressed,momentum_confirms_trend",100,2018-03-02T05:00:00+00:00,2018-03-07T05:00:00+00:00,4,evaluated,-0.0060631681743421595,evaluated,-0.007073653371710509,evaluated,0.026357871607730177
momentum_in_trend_context,1,6589cb8021b76574,TLT,neutral,momentum_midrange,101,2018-03-08T05:00:00+00:00,2018-03-08T05:00:00+00:00,1,evaluated,-0.0006779744309557412,evaluated,0.019069413007345215,evaluated,0.02635817159639542
momentum_in_trend_context,1,6589cb8021b76574,TLT,bearish,"fast_below_slow,momentum_depressed,momentum_confirms_trend",102,2018-03-09T05:00:00+00:00,2018-03-09T05:00:00+00:00,1,evaluated,0.0023666535802115973,evaluated,0.012678556596682489,evaluated,0.025272635912981345
momentum_in_trend_context,1,6589cb8021b76574,TLT,neutral,momentum_midrange,103,2018-03-12T04:00:00+00:00,2018-04-05T04:00:00+00:00,18,evaluated,0.007438127808063522,evaluated,0.009466678807320106,evaluated,0.02341310396096552
momentum_in_trend_context,1,6589cb8021b76574,TLT,bullish,"fast_above_slow,momentum_elevated,momentum_confirms_trend",104,2018-04-06T04:00:00+00:00,2018-04-11T04:00:00+00:00,4,evaluated,0.0054708526645268485,evaluated,0.0021551901321774647,evaluated,-0.013677068420314353
momentum_in_trend_context,1,6589cb8021b76574,TLT,neutral,momentum_midrange,105,2018-04-12T04:00:00+00:00,2018-04-16T04:00:00+00:00,3,evaluated,0.003153044253211501,evaluated,-0.009956828589998357,evaluated,-0.013192801046946423
momentum_in_trend_context,1,6589cb8021b76574,TLT,bullish,"fast_above_slow,momentum_elevated,momentum_confirms_trend",106,2018-04-17T04:00:00+00:00,2018-04-17T04:00:00+00:00,1,evaluated,-0.008162238076484307,evaluated,-0.027537339781300796,evaluated,-0.0333086065218271
momentum_in_trend_context,1,6589cb8021b76574,TLT,neutral,momentum_midrange,107,2018-04-18T04:00:00+00:00,2018-05-08T04:00:00+00:00,15,evaluated,-0.000837367908678277,evaluated,-0.01892475750701894,evaluated,-0.02193933308792173
momentum_in_trend_context,1,6589cb8021b76574,TLT,bearish,"fast_below_slow,momentum_depressed,momentum_confirms_trend",108,2018-05-09T04:00:00+00:00,2018-05-09T04:00:00+00:00,1,evaluated,0.003205375315360026,evaluated,-0.014761703542394367,evaluated,0.011303216393048876
momentum_in_trend_context,1,6589cb8021b76574,TLT,neutral,momentum_midrange,109,2018-05-10T04:00:00+00:00,2018-05-14T04:00:00+00:00,3,evaluated,-0.0007542435310157192,evaluated,-0.026064369915402064,evaluated,0.001759965512988293
momentum_in_trend_context,1,6589cb8021b76574,TLT,bearish,"fast_below_slow,momentum_depressed,momentum_confirms_trend",110,2018-05-15T04:00:00+00:00,2018-05-22T04:00:00+00:00,6,evaluated,-0.005280149266357892,evaluated,-0.002810439756436356,evaluated,0.015840577749587137
momentum_in_trend_context,1,6589cb8021b76574,TLT,neutral,momentum_midrange,111,2018-05-23T04:00:00+00:00,2018-06-13T04:00:00+00:00,15,evaluated,0.0016007650863898437,evaluated,0.021316022640962107,evaluated,0.015586809639121846
momentum_in_trend_context,1,6589cb8021b76574,TLT,bullish,"fast_above_slow,momentum_elevated,momentum_confirms_trend",112,2018-06-14T04:00:00+00:00,2018-06-19T04:00:00+00:00,4,evaluated,-0.003724278497205691,evaluated,-0.002400073749339371,evaluated,0.01564180552021388
momentum_in_trend_context,1,6589cb8021b76574,TLT,neutral,momentum_midrange,113,2018-06-20T04:00:00+00:00,2018-06-20T04:00:00+00:00,1,evaluated,0.001495515987562257,evaluated,0.014539714117029368,evaluated,0.015785988004685114
momentum_in_trend_context,1,6589cb8021b76574,TLT,bullish,"fast_above_slow,momentum_elevated,momentum_confirms_trend",114,2018-06-21T04:00:00+00:00,2018-07-17T04:00:00+00:00,18,evaluated,0.003663939169156416,evaluated,0.01707055636832422,evaluated,0.005579197425026772
momentum_in_trend_context,1,6589cb8021b76574,TLT,neutral,momentum_midrange,115,2018-07-18T04:00:00+00:00,2018-07-18T04:00:00+00:00,1,evaluated,0.0037766754757566634,evaluated,-0.01896555936050892,evaluated,-0.007881828323594076
momentum_in_trend_context,1,6589cb8021b76574,TLT,bullish,"fast_above_slow,momentum_elevated,momentum_confirms_trend",116,2018-07-19T04:00:00+00:00,2018-07-19T04:00:00+00:00,1,evaluated,-0.0067445277387285785,evaluated,-0.01908208307191872,evaluated,-0.006168777666595071
momentum_in_trend_context,1,6589cb8021b76574,TLT,neutral,momentum_midrange,117,2018-07-20T04:00:00+00:00,2018-08-03T04:00:00+00:00,11,evaluated,-0.009220806078063304,evaluated,-0.007642450489582453,evaluated,0.004984267463078007
momentum_in_trend_context,1,6589cb8021b76574,TLT,bearish,"fast_below_slow,momentum_depressed,momentum_confirms_trend",118,2018-08-06T04:00:00+00:00,2018-08-08T04:00:00+00:00,3,evaluated,-0.003024452776976605,evaluated,0.01159375701054377,evaluated,0.008401243470179232
momentum_in_trend_context,1,6589cb8021b76574,TLT,neutral,momentum_midrange,119,2018-08-09T04:00:00+00:00,2018-08-31T04:00:00+00:00,17,evaluated,0.002409245733240528,evaluated,0.0038215425270122783,evaluated,-0.010301615559274113
momentum_in_trend_context,1,6589cb8021b76574,TLT,bearish,"fast_below_slow,momentum_depressed,momentum_confirms_trend",120,2018-09-04T04:00:00+00:00,2018-09-04T04:00:00+00:00,1,evaluated,-0.0004175271448386697,evaluated,-0.009185023835168393,evaluated,-0.02421510916958791
momentum_in_trend_context,1,6589cb8021b76574,TLT,neutral,"fast_above_slow,momentum_depressed,momentum_contradicts_trend",121,2018-09-05T04:00:00+00:00,2018-09-14T04:00:00+00:00,8,evaluated,0.0032565078715078855,evaluated,-0.006847024717747119,evaluated,-0.041165666476590146
momentum_in_trend_context,1,6589cb8021b76574,TLT,bearish,"fast_below_slow,momentum_depressed,momentum_confirms_trend",122,2018-09-17T04:00:00+00:00,2018-10-23T04:00:00+00:00,27,evaluated,-0.006352702147293998,evaluated,-0.010672493078873746,evaluated,-0.03083177591835784
momentum_in_trend_context,1,6589cb8021b76574,TLT,neutral,momentum_midrange,123,2018-10-24T04:00:00+00:00,2018-10-24T04:00:00+00:00,1,evaluated,-0.0020953192059648407,evaluated,-0.008381343432855792,evaluated,0.004190638411929681
momentum_in_trend_context,1,6589cb8021b76574,TLT,bearish,"fast_below_slow,momentum_depressed,momentum_confirms_trend",124,2018-10-25T04:00:00+00:00,2018-10-25T04:00:00+00:00,1,evaluated,0.0005220356602666509,evaluated,-0.013225412329507802,evaluated,0.0018271911939009566
momentum_in_trend_context,1,6589cb8021b76574,TLT,neutral,momentum_midrange,125,2018-10-26T04:00:00+00:00,2018-10-29T04:00:00+00:00,2,evaluated,-0.000957793316480049,evaluated,-0.024730028112632252,evaluated,0.0003483186764448032
momentum_in_trend_context,1,6589cb8021b76574,TLT,bearish,"fast_below_slow,momentum_depressed,momentum_confirms_trend",126,2018-10-30T04:00:00+00:00,2018-11-09T05:00:00+00:00,9,evaluated,-0.0014066822201498352,evaluated,-0.012044972242995722,evaluated,0.006242299083942804
momentum_in_trend_context,1,6589cb8021b76574,TLT,neutral,momentum_midrange,127,2018-11-12T05:00:00+00:00,2018-12-04T05:00:00+00:00,16,evaluated,0.0027262119522439843,evaluated,0.011520513315812941,evaluated,0.04080555295934429
momentum_in_trend_context,1,6589cb8021b76574,TLT,bullish,"fast_above_slow,momentum_elevated,momentum_confirms_trend",128,2018-12-06T05:00:00+00:00,2019-01-09T05:00:00+00:00,23,evaluated,0.005092998183088948,evaluated,0.0022069615619944027,evaluated,0.033443701918817625
momentum_in_trend_context,1,6589cb8021b76574,TLT,neutral,momentum_midrange,129,2019-01-10T05:00:00+00:00,2019-01-10T05:00:00+00:00,1,evaluated,0.0008275963966375421,evaluated,-0.0052966927083497595,evaluated,0.01257962939694135
momentum_in_trend_context,1,6589cb8021b76574,TLT,bullish,"fast_above_slow,momentum_elevated,momentum_confirms_trend",130,2019-01-11T05:00:00+00:00,2019-01-11T05:00:00+00:00,1,evaluated,-0.00347393022038478,evaluated,-0.01108357279051253,evaluated,0.008023169631602434
momentum_in_trend_context,1,6589cb8021b76574,TLT,neutral,momentum_midrange,131,2019-01-14T05:00:00+00:00,2019-01-23T05:00:00+00:00,7,evaluated,-0.004313177285970693,evaluated,-0.0015759357652556094,evaluated,0.008294625250917065
momentum_in_trend_context,1,6589cb8021b76574,TLT,bullish,"fast_above_slow,momentum_elevated,momentum_confirms_trend",132,2019-01-24T05:00:00+00:00,2019-01-24T05:00:00+00:00,1,evaluated,-0.0004975334639337747,evaluated,0.011443775808283041,evaluated,0.008126738425197733
momentum_in_trend_context,1,6589cb8021b76574,TLT,neutral,momentum_midrange,133,2019-01-25T05:00:00+00:00,2019-01-28T05:00:00+00:00,2,evaluated,-0.001078457378717479,evaluated,0.003484305340595073,evaluated,0.005558305656682583
momentum_in_trend_context,1,6589cb8021b76574,TLT,bullish,"fast_above_slow,momentum_elevated,momentum_confirms_trend",134,2019-01-29T05:00:00+00:00,2019-01-31T05:00:00+00:00,3,evaluated,0.0007448193480037446,evaluated,0.0010758431541904034,evaluated,-0.003392883524825807
momentum_in_trend_context,1,6589cb8021b76574,TLT,neutral,momentum_midrange,135,2019-02-01T05:00:00+00:00,2019-02-06T05:00:00+00:00,4,evaluated,-0.0001660932585141328,evaluated,0.015858485503137176,evaluated,-0.007057506528440616
momentum_in_trend_context,1,6589cb8021b76574,TLT,bullish,"fast_above_slow,momentum_elevated,momentum_confirms_trend",136,2019-02-07T05:00:00+00:00,2019-02-12T05:00:00+00:00,4,evaluated,0.0007361061370696476,evaluated,-0.0038442762349980564,evaluated,-0.0056437299963187915
momentum_in_trend_context,1,6589cb8021b76574,TLT,neutral,momentum_midrange,137,2019-02-13T05:00:00+00:00,2019-02-13T05:00:00+00:00,1,evaluated,-0.0028655516282142246,evaluated,-0.010561658113424466,evaluated,-0.009742938000269041
momentum_in_trend_context,1,6589cb8021b76574,TLT,bullish,"fast_above_slow,momentum_elevated,momentum_confirms_trend",138,2019-02-14T05:00:00+00:00,2019-02-20T05:00:00+00:00,4,evaluated,0.003455131677979839,evaluated,8.228147771749406e-05,evaluated,0.0015630342647436901
momentum_in_trend_context,1,6589cb8021b76574,TLT,neutral,momentum_midrange,139,2019-02-21T05:00:00+00:00,2019-03-20T04:00:00+00:00,20,evaluated,0.0008232359686850543,evaluated,-0.011937141377006744,evaluated,0.012184043077846152
momentum_in_trend_context,1,6589cb8021b76574,TLT,bullish,"fast_above_slow,momentum_elevated,momentum_confirms_trend",140,2019-03-21T04:00:00+00:00,2019-04-02T04:00:00+00:00,9,evaluated,0.005233085344738209,evaluated,0.01891955954788238,evaluated,-0.01054663528097155
momentum_in_trend_context,1,6589cb8021b76574,TLT,neutral,momentum_midrange,141,2019-04-03T04:00:00+00:00,2019-04-09T04:00:00+00:00,5,evaluated,0.0021845006132219513,evaluated,0.005501620659956297,evaluated,-0.002346285753296873
momentum_in_trend_context,1,6589cb8021b76574,TLT,bullish,"fast_above_slow,momentum_elevated,momentum_confirms_trend",142,2019-04-10T04:00:00+00:00,2019-04-10T04:00:00+00:00,1,evaluated,-0.003066224905045045,evaluated,-0.013475334179237963,evaluated,0.007988363280333033
momentum_in_trend_context,1,6589cb8021b76574,TLT,neutral,momentum_midrange,143,2019-04-11T04:00:00+00:00,2019-05-06T04:00:00+00:00,17,evaluated,-0.0017902288371371977,evaluated,8.13909698116344e-05,evaluated,0.015135492062735345
momentum_in_trend_context,1,6589cb8021b76574,TLT,bullish,"fast_above_slow,momentum_elevated,momentum_confirms_trend",144,2019-05-07T04:00:00+00:00,2019-07-09T04:00:00+00:00,44,evaluated,-0.005912887373129672,evaluated,0.0016779790804015704,evaluated,0.04027168081564225
momentum_in_trend_context,1,6589cb8021b76574,TLT,neutral,momentum_midrange,145,2019-07-10T04:00:00+00:00,2019-07-30T04:00:00+00:00,15,evaluated,-0.00944322791432306,evaluated,0.005178645550327321,evaluated,0.06640774794632098
momentum_in_trend_context,1,6589cb8021b76574,TLT,bullish,"fast_above_slow,momentum_elevated,momentum_confirms_trend",146,2019-07-31T04:00:00+00:00,2019-09-06T04:00:00+00:00,27,evaluated,0.014019005365799808,evaluated,0.049778839643384254,evaluated,0.10802911558621431
momentum_in_trend_context,1,6589cb8021b76574,TLT,neutral,momentum_midrange,147,2019-09-09T04:00:00+00:00,2019-09-23T04:00:00+00:00,11,evaluated,-0.015051763872903856,evaluated,-0.03192381458626614,evaluated,0.013581647235674454
momentum_in_trend_context,1,6589cb8021b76574,TLT,bullish,"fast_above_slow,momentum_elevated,momentum_confirms_trend",148,2019-09-24T04:00:00+00:00,2019-09-24T04:00:00+00:00,1,evaluated,-0.012494718377553782,evaluated,0.0,evaluated,-0.02736282506808463
momentum_in_trend_context,1,6589cb8021b76574,TLT,neutral,momentum_midrange,149,2019-09-25T04:00:00+00:00,2019-10-01T04:00:00+00:00,5,evaluated,0.0007731820274701207,evaluated,0.00941868487839792,evaluated,-0.019610659036593092
momentum_in_trend_context,1,6589cb8021b76574,TLT,bullish,"fast_above_slow,momentum_elevated,momentum_confirms_trend",150,2019-10-02T04:00:00+00:00,2019-10-02T04:00:00+00:00,1,evaluated,0.006528701689817229,evaluated,0.0025698735029604514,evaluated,-0.032087757009870765
momentum_in_trend_context,1,6589cb8021b76574,TLT,neutral,"fast_below_slow,momentum_elevated,momentum_contradicts_trend",151,2019-10-03T04:00:00+00:00,2019-10-10T04:00:00+00:00,6,evaluated,0.004403160390599847,evaluated,-0.021671888703121645,evaluated,-0.02827657679920903
momentum_in_trend_context,1,6589cb8021b76574,TLT,bearish,"fast_below_slow,momentum_depressed,momentum_confirms_trend",152,2019-10-11T04:00:00+00:00,2019-10-11T04:00:00+00:00,1,evaluated,-0.00014128508817856655,evaluated,-0.013429417259407939,evaluated,-0.04643760435278865
momentum_in_trend_context,1,6589cb8021b76574,TLT,neutral,momentum_midrange,153,2019-10-14T04:00:00+00:00,2019-10-14T04:00:00+00:00,1,evaluated,-0.006540116449282873,evaluated,-0.015212905505822882,evaluated,-0.04030708923544324
momentum_in_trend_context,1,6589cb8021b76574,TLT,bearish,"fast_below_slow,momentum_depressed,momentum_confirms_trend",154,2019-10-15T04:00:00+00:00,2019-10-29T04:00:00+00:00,11,evaluated,0.0020051473827036315,evaluated,-0.0021484034164214183,evaluated,-0.028788343526438998
momentum_in_trend_context,1,6589cb8021b76574,TLT,neutral,momentum_midrange,155,2019-10-30T04:00:00+00:00,2019-11-01T04:00:00+00:00,3,evaluated,0.005410092459705362,evaluated,-0.017796128103881426,evaluated,0.0017084674007932232
momentum_in_trend_context,1,6589cb8021b76574,TLT,bearish,"fast_below_slow,momentum_depressed,momentum_confirms_trend",156,2019-11-04T05:00:00+00:00,2019-11-13T05:00:00+00:00,8,evaluated,-0.0005101830898992521,evaluated,-0.016178408402230615,evaluated,0.02907743373902605
momentum_in_trend_context,1,6589cb8021b76574,TLT,neutral,momentum_midrange,157,2019-11-14T05:00:00+00:00,2019-12-11T05:00:00+00:00,19,evaluated,0.002036651061960937,evaluated,0.016293319484846025,evaluated,0.011347087627827657
momentum_in_trend_context,1,6589cb8021b76574,TLT,bearish,"fast_below_slow,momentum_depressed,momentum_confirms_trend",158,2019-12-12T05:00:00+00:00,2019-12-12T05:00:00+00:00,1,evaluated,0.006660861580285671,evaluated,-0.011946090029068102,evaluated,-0.0007239418495614824
momentum_in_trend_context,1,6589cb8021b76574,TLT,neutral,momentum_midrange,159,2019-12-13T05:00:00+00:00,2019-12-27T05:00:00+00:00,10,evaluated,-0.004407519055295683,evaluated,-0.01264450922814997,evaluated,0.002384406398901362
momentum_in_trend_context,1,6589cb8021b76574,TLT,bearish,"fast_below_slow,momentum_depressed,momentum_confirms_trend",160,2019-12-30T05:00:00+00:00,2019-12-31T05:00:00+00:00,2,evaluated,-0.005359451951732486,evaluated,0.010571816398498024,evaluated,0.061302330468767874
momentum_in_trend_context,1,6589cb8021b76574,TLT,neutral,momentum_midrange,161,2020-01-02T05:00:00+00:00,2020-01-24T05:00:00+00:00,16,evaluated,0.006147326379275064,evaluated,-0.0075938599791229855,evaluated,0.05518181375758502
momentum_in_trend_context,1,6589cb8021b76574,TLT,bullish,"fast_above_slow,momentum_elevated,momentum_confirms_trend",162,2020-01-27T05:00:00+00:00,2020-02-04T05:00:00+00:00,7,evaluated,-0.005349746771726505,evaluated,0.011185998000974529,evaluated,0.049468566235636446
momentum_in_trend_context,1,6589cb8021b76574,TLT,neutral,momentum_midrange,163,2020-02-05T05:00:00+00:00,2020-02-05T05:00:00+00:00,1,evaluated,0.0033056776263513665,evaluated,0.008369689848837236,evaluated,0.11492483076673432
momentum_in_trend_context,1,6589cb8021b76574,TLT,bullish,"fast_above_slow,momentum_elevated,momentum_confirms_trend",164,2020-02-06T05:00:00+00:00,2020-03-12T04:00:00+00:00,25,evaluated,0.0014560494612447794,evaluated,-0.0020801764610909323,evaluated,0.15635836125981606
momentum_in_trend_context,1,6589cb8021b76574,TLT,neutral,momentum_midrange,165,2020-03-13T04:00:00+00:00,2020-03-13T04:00:00+00:00,1,evaluated,0.022010217432504753,evaluated,-0.005923507782191528,evaluated,0.021823169306905754
momentum_in_trend_context,1,6589cb8021b76574,TLT,bullish,"fast_above_slow,momentum_elevated,momentum_confirms_trend",166,2020-03-16T04:00:00+00:00,2020-03-16T04:00:00+00:00,1,evaluated,-0.06434253377651955,evaluated,0.015290519877675823,evaluated,0.002079488305141375
momentum_in_trend_context,1,6589cb8021b76574,TLT,neutral,momentum_midrange,167,2020-03-17T04:00:00+00:00,2020-03-19T04:00:00+00:00,3,evaluated,-0.055548223225586724,evaluated,0.06588594324457131,evaluated,0.10036637467576082
momentum_in_trend_context,1,6589cb8021b76574,TLT,bullish,"fast_above_slow,momentum_elevated,momentum_confirms_trend",168,2020-03-20T04:00:00+00:00,2020-04-09T04:00:00+00:00,15,evaluated,0.053968253968254,evaluated,0.06476188538566463,evaluated,0.07403176928323418
momentum_in_trend_context,1,6589cb8021b76574,TLT,neutral,momentum_midrange,169,2020-04-13T04:00:00+00:00,2020-04-14T04:00:00+00:00,2,evaluated,0.0,evaluated,0.032470748554261464,evaluated,-0.0069580042427331845
momentum_in_trend_context,1,6589cb8021b76574,TLT,bullish,"fast_above_slow,momentum_elevated,momentum_confirms_trend",170,2020-04-15T04:00:00+00:00,2020-04-24T04:00:00+00:00,8,evaluated,0.004903709429230574,evaluated,0.001654252560463032,evaluated,-0.02209612640761338
momentum_in_trend_context,1,6589cb8021b76574,TLT,neutral,momentum_midrange,171,2020-04-27T04:00:00+00:00,2020-04-27T04:00:00+00:00,1,evaluated,0.006170235937720259,evaluated,-0.008246807264794875,evaluated,-0.030970045245862
momentum_in_trend_context,1,6589cb8021b76574,TLT,bullish,"fast_above_slow,momentum_elevated,momentum_confirms_trend",172,2020-04-28T04:00:00+00:00,2020-04-28T04:00:00+00:00,1,evaluated,-0.004836855254728101,evaluated,-0.020291408400731625,evaluated,-0.03834129680176568
momentum_in_trend_context,1,6589cb8021b76574,TLT,neutral,momentum_midrange,173,2020-04-29T04:00:00+00:00,2020-05-27T04:00:00+00:00,20,evaluated,-0.011852553839587388,evaluated,-0.031587066833837496,evaluated,-0.03739488332325813
momentum_in_trend_context,1,6589cb8021b76574,TLT,bearish,"fast_below_slow,momentum_depressed,momentum_confirms_trend",174,2020-05-28T04:00:00+00:00,2020-05-28T04:00:00+00:00,1,evaluated,0.005408331311613335,evaluated,-0.033679618709407166,evaluated,0.004855222503444834
momentum_in_trend_context,1,6589cb8021b76574,TLT,neutral,momentum_midrange,175,2020-05-29T04:00:00+00:00,2020-05-29T04:00:00+00:00,1,evaluated,0.0011103804380261373,evaluated,-0.036952530953878515,evaluated,0.019432410721026194
momentum_in_trend_context,1,6589cb8021b76574,TLT,bearish,"fast_below_slow,momentum_depressed,momentum_confirms_trend",176,2020-06-01T04:00:00+00:00,2020-06-09T04:00:00+00:00,7,evaluated,0.0001237352179594975,evaluated,-0.030679727291732406,evaluated,0.018927429908151883
momentum_in_trend_context,1,6589cb8021b76574,TLT,neutral,momentum_midrange,177,2020-06-10T04:00:00+00:00,2020-06-15T04:00:00+00:00,4,evaluated,0.0038591417017610485,evaluated,-0.016477809748277172,evaluated,0.02401223993228374
momentum_in_trend_context,1,6589cb8021b76574,TLT,bearish,"fast_below_slow,momentum_depressed,momentum_confirms_trend",178,2020-06-16T04:00:00+00:00,2020-06-16T04:00:00+00:00,1,evaluated,0.0018094046197179026,evaluated,0.00642664723179176,evaluated,0.0378735378025612
momentum_in_trend_context,1,6589cb8021b76574,TLT,neutral,momentum_midrange,179,2020-06-17T04:00:00+00:00,2020-07-09T04:00:00+00:00,16,evaluated,0.0013576970489910245,evaluated,0.006109636720460054,evaluated,0.03141206990604872
momentum_in_trend_context,1,6589cb8021b76574,TLT,bullish,"fast_above_slow,momentum_elevated,momentum_confirms_trend",180,2020-07-10T04:00:00+00:00,2020-08-07T04:00:00+00:00,21,evaluated,0.008338398083459264,evaluated,0.007734131596959903,evaluated,0.026465286300981772
momentum_in_trend_context,1,6589cb8021b76574,TLT,neutral,momentum_midrange,181,2020-08-10T04:00:00+00:00,2020-08-27T04:00:00+00:00,14,evaluated,-0.0003589014730568385,evaluated,-0.021415336904153537,evaluated,-0.020517991944432712
momentum_in_trend_context,1,6589cb8021b76574,TLT,bearish,"fast_below_slow,momentum_depressed,momentum_confirms_trend",182,2020-08-28T04:00:00+00:00,2020-08-31T04:00:00+00:00,2,evaluated,0.003650967299547503,evaluated,0.007054451402175088,evaluated,0.018873686124832423
momentum_in_trend_context,1,6589cb8021b76574,TLT,neutral,momentum_midrange,183,2020-09-01T04:00:00+00:00,2020-09-03T04:00:00+00:00,3,evaluated,0.011681265526735318,evaluated,-0.00128427290155253,evaluated,-0.0015289585248536852
momentum_in_trend_context,1,6589cb8021b76574,TLT,bearish,"fast_below_slow,momentum_depressed,momentum_confirms_trend",184,2020-09-04T04:00:00+00:00,2020-09-04T04:00:00+00:00,1,evaluated,-0.0038327531954617244,evaluated,0.0006084206758314448,evaluated,-0.0292023358006831
momentum_in_trend_context,1,6589cb8021b76574,TLT,neutral,momentum_midrange,185,2020-09-08T04:00:00+00:00,2020-09-08T04:00:00+00:00,1,evaluated,-0.0039038634873582723,evaluated,0.0007930028112508314,evaluated,-0.02141033130019321
momentum_in_trend_context,1,6589cb8021b76574,TLT,bearish,"fast_below_slow,momentum_depressed,momentum_confirms_trend",186,2020-09-09T04:00:00+00:00,2020-09-09T04:00:00+00:00,1,evaluated,0.01027944170830053,evaluated,0.006893974337697006,evaluated,-0.01969723054774508
momentum_in_trend_context,1,6589cb8021b76574,TLT,neutral,momentum_midrange,187,2020-09-10T04:00:00+00:00,2020-09-29T04:00:00+00:00,14,evaluated,0.001034618534911047,evaluated,-0.00139976709242573,evaluated,-0.025500593412838946
momentum_in_trend_context,1,6589cb8021b76574,TLT,bearish,"fast_below_slow,momentum_depressed,momentum_confirms_trend",188,2020-09-30T04:00:00+00:00,2020-10-12T04:00:00+00:00,9,evaluated,0.005230485091671566,evaluated,-0.019998769982502718,evaluated,-0.011137761490217835
momentum_in_trend_context,1,6589cb8021b76574,TLT,neutral,momentum_midrange,189,2020-10-13T04:00:00+00:00,2020-10-15T04:00:00+00:00,3,evaluated,-0.0012937024055833524,evaluated,-0.018973706624239473,evaluated,-0.04416927301219098
momentum_in_trend_context,1,6589cb8021b76574,TLT,bearish,"fast_below_slow,momentum_depressed,momentum_confirms_trend",190,2020-10-16T04:00:00+00:00,2020-10-26T04:00:00+00:00,7,evaluated,0.0017445406809775132,evaluated,-0.015514052916909993,evaluated,-0.014579416435455572
momentum_in_trend_context,1,6589cb8021b76574,TLT,neutral,momentum_midrange,191,2020-10-27T04:00:00+00:00,2020-10-28T04:00:00+00:00,2,evaluated,-0.004213706246099735,evaluated,-0.023051190408653444,evaluated,-0.013694427109926077
momentum_in_trend_context,1,6589cb8021b76574,TLT,bearish,"fast_below_slow,momentum_depressed,momentum_confirms_trend",192,2020-10-29T04:00:00+00:00,2020-11-03T05:00:00+00:00,4,evaluated,-0.009180604076494459,evaluated,0.014651335275983168,evaluated,0.007482880277561721
momentum_in_trend_context,1,6589cb8021b76574,TLT,neutral,momentum_midrange,193,2020-11-04T05:00:00+00:00,2020-11-06T05:00:00+00:00,3,evaluated,-0.0017322369484913391,evaluated,-0.03662458668212809,evaluated,-0.025550636589998565
momentum_in_trend_context,1,6589cb8021b76574,TLT,bearish,"fast_below_slow,momentum_depressed,momentum_confirms_trend",194,2020-11-09T05:00:00+00:00,2020-11-11T05:00:00+00:00,3,evaluated,0.0012906359033106884,evaluated,0.01819819271585854,evaluated,0.01535873464705051
momentum_in_trend_context,1,6589cb8021b76574,TLT,neutral,momentum_midrange,195,2020-11-12T05:00:00+00:00,2020-11-30T05:00:00+00:00,12,evaluated,-0.0012629259122970415,evaluated,0.010924448856221902,evaluated,0.002589060751004846
momentum_in_trend_context,1,6589cb8021b76574,TLT,bearish,"fast_below_slow,momentum_depressed,momentum_confirms_trend",196,2020-12-01T05:00:00+00:00,2020-12-07T05:00:00+00:00,5,evaluated,-0.004015839260606224,evaluated,0.002932122901333045,evaluated,0.00395203402530897
momentum_in_trend_context,1,6589cb8021b76574,TLT,neutral,momentum_midrange,197,2020-12-08T05:00:00+00:00,2020-12-08T05:00:00+00:00,1,evaluated,0.0017247158556212838,evaluated,0.00798466927903374,evaluated,-0.030277900994974405
momentum_in_trend_context,1,6589cb8021b76574,TLT,bearish,"fast_below_slow,momentum_depressed,momentum_confirms_trend",198,2020-12-09T05:00:00+00:00,2020-12-09T05:00:00+00:00,1,evaluated,0.006168921310202524,evaluated,0.0008903547745966467,evaluated,-0.037649440105130716
momentum_in_trend_context,1,6589cb8021b76574,TLT,neutral,momentum_midrange,199,2020-12-10T05:00:00+00:00,2020-12-16T05:00:00+00:00,5,evaluated,0.0007564474036783064,evaluated,-0.011660831490063805,evaluated,-0.04777804515524531
momentum_in_trend_context,1,6589cb8021b76574,TLT,bearish,"fast_below_slow,momentum_depressed,momentum_confirms_trend",200,2020-12-17T05:00:00+00:00,2020-12-18T05:00:00+00:00,2,evaluated,-0.005027961498748734,evaluated,0.001081963939844277,evaluated,-0.03061352920108118
momentum_in_trend_context,1,6589cb8021b76574,TLT,neutral,momentum_midrange,201,2020-12-21T05:00:00+00:00,2021-01-04T05:00:00+00:00,9,evaluated,0.001269338355808225,evaluated,-0.002538676711616672,evaluated,-0.03915967418475497
momentum_in_trend_context,1,6589cb8021b76574,TLT,bearish,"fast_below_slow,momentum_depressed,momentum_confirms_trend",202,2021-01-05T05:00:00+00:00,2021-01-22T05:00:00+00:00,13,evaluated,-0.004290753027453964,evaluated,-0.018658238456114584,evaluated,-0.026914669427308358
momentum_in_trend_context,1,6589cb8021b76574,TLT,neutral,momentum_midrange,203,2021-01-25T05:00:00+00:00,2021-01-27T05:00:00+00:00,3,evaluated,0.0018288619734447842,evaluated,-0.007184886085320419,evaluated,-0.07400392801679001
momentum_in_trend_context,1,6589cb8021b76574,TLT,bearish,"fast_below_slow,momentum_depressed,momentum_confirms_trend",204,2021-01-28T05:00:00+00:00,2021-03-31T04:00:00+00:00,44,evaluated,0.003830417633525318,evaluated,-0.014132871585830764,evaluated,-0.05481444427503668
momentum_in_trend_context,1,6589cb8021b76574,TLT,neutral,momentum_midrange,205,2021-04-01T04:00:00+00:00,2021-04-01T04:00:00+00:00,1,evaluated,0.0026364013350852478,evaluated,0.007030329063517193,evaluated,0.01530572164907551
momentum_in_trend_context,1,6589cb8021b76574,TLT,bearish,"fast_below_slow,momentum_depressed,momentum_confirms_trend",206,2021-04-05T04:00:00+00:00,2021-04-05T04:00:00+00:00,1,evaluated,0.004957660087676841,evaluated,0.002114270037839816,evaluated,0.009915431423448196
momentum_in_trend_context,1,6589cb8021b76574,TLT,neutral,momentum_midrange,207,2021-04-06T04:00:00+00:00,2021-04-06T04:00:00+00:00,1,evaluated,-0.004146904896944581,evaluated,0.007493625334053178,evaluated,0.01462357082759258
momentum_in_trend_context,1,6589cb8021b76574,TLT,bearish,"fast_below_slow,momentum_depressed,momentum_confirms_trend",208,2021-04-07T04:00:00+00:00,2021-04-07T04:00:00+00:00,1,evaluated,0.004512665550198802,evaluated,0.004731013169604559,evaluated,0.0167406875462226
momentum_in_trend_context,1,6589cb8021b76574,TLT,neutral,momentum_midrange,209,2021-04-08T04:00:00+00:00,2021-05-05T04:00:00+00:00,20,evaluated,7.268732244325449e-05,evaluated,0.02072731711647724,evaluated,0.01759998668323859
momentum_in_trend_context,1,6589cb8021b76574,TLT,bullish,"fast_above_slow,momentum_elevated,momentum_confirms_trend",210,2021-05-06T04:00:00+00:00,2021-05-06T04:00:00+00:00,1,evaluated,-0.006209923897745884,evaluated,-0.030621044668278752,evaluated,-0.0014276388173992682
momentum_in_trend_context,1,6589cb8021b76574,TLT,neutral,momentum_midrange,211,2021-05-07T04:00:00+00:00,2021-05-24T04:00:00+00:00,12,evaluated,-0.008132347238872906,evaluated,-0.013458043600274805,evaluated,0.0037423841949031367
momentum_in_trend_context,1,6589cb8021b76574,TLT,bullish,"fast_above_slow,momentum_elevated,momentum_confirms_trend",212,2021-05-25T04:00:00+00:00,2021-05-26T04:00:00+00:00,2,evaluated,-0.0026505847617610545,evaluated,-0.0075936498775165395,evaluated,0.026362977513535446
momentum_in_trend_context,1,6589cb8021b76574,TLT,neutral,momentum_midrange,213,2021-05-27T04:00:00+00:00,2021-06-09T04:00:00+00:00,9,evaluated,-0.001010242371183634,evaluated,0.009525126627137004,evaluated,0.02475099314807938
momentum_in_trend_context,1,6589cb8021b76574,TLT,bullish,"fast_above_slow,momentum_elevated,momentum_confirms_trend",214,2021-06-10T04:00:00+00:00,2021-06-24T04:00:00+00:00,11,evaluated,0.0,evaluated,0.005129616612062016,evaluated,0.02965358227179804
momentum_in_trend_context,1,6589cb8021b76574,TLT,neutral,momentum_midrange,215,2021-06-25T04:00:00+00:00,2021-06-25T04:00:00+00:00,1,evaluated,0.0052550447981021264,evaluated,0.016255549646766232,evaluated,0.037415893303089476
momentum_in_trend_context,1,6589cb8021b76574,TLT,bullish,"fast_above_slow,momentum_elevated,momentum_confirms_trend",216,2021-06-28T04:00:00+00:00,2021-08-05T04:00:00+00:00,28,evaluated,0.004262757402751616,evaluated,0.025436752162088183,evaluated,0.04570225721305632
momentum_in_trend_context,1,6589cb8021b76574,TLT,neutral,momentum_midrange,217,2021-08-06T04:00:00+00:00,2021-08-17T04:00:00+00:00,8,evaluated,-0.0060748831155080785,evaluated,0.0027000281589815156,evaluated,0.00020248923748078518
momentum_in_trend_context,1,6589cb8021b76574,TLT,bullish,"fast_above_slow,momentum_elevated,momentum_confirms_trend",218,2021-08-18T04:00:00+00:00,2021-08-23T04:00:00+00:00,4,evaluated,0.000931404377103151,evaluated,-0.015102150950245696,evaluated,-0.002794213131309453
momentum_in_trend_context,1,6589cb8021b76574,TLT,neutral,momentum_midrange,219,2021-08-24T04:00:00+00:00,2021-08-27T04:00:00+00:00,4,evaluated,-0.007841387139523759,evaluated,-0.0025467788064724717,evaluated,0.017290975512206375
momentum_in_trend_context,1,6589cb8021b76574,TLT,bullish,"fast_above_slow,momentum_elevated,momentum_confirms_trend",220,2021-08-30T04:00:00+00:00,2021-08-30T04:00:00+00:00,1,evaluated,-0.005612322764529276,evaluated,-0.018306978864736756,evaluated,-0.03728203313503131
momentum_in_trend_context,1,6589cb8021b76574,TLT,neutral,momentum_midrange,221,2021-08-31T04:00:00+00:00,2021-09-13T04:00:00+00:00,9,evaluated,-0.00254575515465838,evaluated,-0.008977098936995942,evaluated,-0.03302745222390169
momentum_in_trend_context,1,6589cb8021b76574,TLT,bullish,"fast_above_slow,momentum_elevated,momentum_confirms_trend",222,2021-09-14T04:00:00+00:00,2021-09-15T04:00:00+00:00,2,evaluated,-0.004166423218303628,evaluated,-0.0021163104954045053,evaluated,-0.04807885688556235
momentum_in_trend_context,1,6589cb8021b76574,TLT,neutral,momentum_midrange,223,2021-09-16T04:00:00+00:00,2021-09-17T04:00:00+00:00,2,evaluated,-6.699629525830364e-05,evaluated,-0.0054966624593675295,evaluated,-0.022120846996827148
momentum_in_trend_context,1,6589cb8021b76574,TLT,bullish,"fast_above_slow,momentum_elevated,momentum_confirms_trend",224,2021-09-20T04:00:00+00:00,2021-09-22T04:00:00+00:00,3,evaluated,0.0011942981073775893,evaluated,-0.028797103067744412,evaluated,-0.03317629737415395
momentum_in_trend_context,1,6589cb8021b76574,TLT,neutral,momentum_midrange,225,2021-09-23T04:00:00+00:00,2021-09-27T04:00:00+00:00,3,evaluated,-0.00629053502988286,evaluated,-0.023809450087017625,evaluated,-0.03571427834203511
momentum_in_trend_context,1,6589cb8021b76574,TLT,bearish,"fast_below_slow,momentum_depressed,momentum_confirms_trend",226,2021-09-28T04:00:00+00:00,2021-10-12T04:00:00+00:00,11,evaluated,-0.0031768418796425113,evaluated,-0.008425422617339584,evaluated,0.0020718442364298095
momentum_in_trend_context,1,6589cb8021b76574,TLT,neutral,momentum_midrange,227,2021-10-13T04:00:00+00:00,2021-10-18T04:00:00+00:00,4,evaluated,0.0035083564886539964,evaluated,-0.018160552234457006,evaluated,0.019467578772176086
momentum_in_trend_context,1,6589cb8021b76574,TLT,bearish,"fast_below_slow,momentum_depressed,momentum_confirms_trend",228,2021-10-19T04:00:00+00:00,2021-10-21T04:00:00+00:00,3,evaluated,-0.0036300472772142767,evaluated,0.012914527773232987,evaluated,0.012984297454461169
momentum_in_trend_context,1,6589cb8021b76574,TLT,neutral,momentum_midrange,229,2021-10-22T04:00:00+00:00,2021-11-15T05:00:00+00:00,17,evaluated,0.0016705331399937684,evaluated,0.027980819403461643,evaluated,0.03264427160283767
momentum_in_trend_context,1,6589cb8021b76574,TLT,bearish,"fast_below_slow,momentum_depressed,momentum_confirms_trend",230,2021-11-16T05:00:00+00:00,2021-11-16T05:00:00+00:00,1,evaluated,0.011689749581510034,evaluated,-0.0004842451454107888,evaluated,0.032371809079913216
momentum_in_trend_context,1,6589cb8021b76574,TLT,neutral,momentum_midrange,231,2021-11-17T05:00:00+00:00,2021-11-18T05:00:00+00:00,2,evaluated,0.0056167685086365715,evaluated,0.0056853332407988955,evaluated,0.021576777710525352
momentum_in_trend_context,1,6589cb8021b76574,TLT,bullish,"fast_above_slow,momentum_elevated,momentum_confirms_trend",232,2021-11-19T05:00:00+00:00,2021-11-19T05:00:00+00:00,1,evaluated,-0.005291715139721487,evaluated,0.013025871826580548,evaluated,0.015603820535929236
momentum_in_trend_context,1,6589cb8021b76574,TLT,neutral,momentum_midrange,233,2021-11-22T05:00:00+00:00,2021-11-24T05:00:00+00:00,3,evaluated,-0.009799169105410233,evaluated,0.03878574622205622,evaluated,0.021928406548617163
momentum_in_trend_context,1,6589cb8021b76574,TLT,bullish,"fast_above_slow,momentum_elevated,momentum_confirms_trend",234,2021-11-26T05:00:00+00:00,2021-12-07T05:00:00+00:00,8,evaluated,0.006810125967576575,evaluated,0.04072556566886609,evaluated,0.0038433506412374197
momentum_in_trend_context,1,6589cb8021b76574,TLT,neutral,momentum_midrange,235,2021-12-08T05:00:00+00:00,2021-12-10T05:00:00+00:00,3,evaluated,-0.0008035028802063637,evaluated,-0.0006026271601548006,evaluated,-0.04051160573266199
momentum_in_trend_context,1,6589cb8021b76574,TLT,bullish,"fast_above_slow,momentum_elevated,momentum_confirms_trend",236,2021-12-13T05:00:00+00:00,2021-12-13T05:00:00+00:00,1,evaluated,0.0021945989344318573,evaluated,-0.004455663966891565,evaluated,-0.04528827412201841
momentum_in_trend_context,1,6589cb8021b76574,TLT,neutral,momentum_midrange,237,2021-12-14T05:00:00+00:00,2022-01-04T05:00:00+00:00,15,evaluated,-0.0024062603360931467,evaluated,-0.0032083131179792,evaluated,-0.044114738831562916
momentum_in_trend_context,1,6589cb8021b76574,TLT,bearish,"fast_below_slow,momentum_depressed,momentum_confirms_trend",238,2022-01-05T05:00:00+00:00,2022-01-20T05:00:00+00:00,11,evaluated,0.00490915889066601,evaluated,0.002945495334399695,evaluated,-0.010519672056414797
momentum_in_trend_context,1,6589cb8021b76574,TLT,neutral,momentum_midrange,239,2022-01-21T05:00:00+00:00,2022-01-21T05:00:00+00:00,1,evaluated,-0.012820554846780241,evaluated,-0.00810809524741074,evaluated,-0.042065191932404544
momentum_in_trend_context,1,6589cb8021b76574,TLT,bearish,"fast_below_slow,momentum_depressed,momentum_confirms_trend",240,2022-01-24T05:00:00+00:00,2022-01-26T05:00:00+00:00,3,evaluated,-0.006218988092045796,evaluated,-0.005031103470284237,evaluated,-0.03158412586949566
momentum_in_trend_context,1,6589cb8021b76574,TLT,neutral,momentum_midrange,241,2022-01-27T05:00:00+00:00,2022-01-28T05:00:00+00:00,2,evaluated,0.007319364992090849,evaluated,-0.007037793129517689,evaluated,-0.03673728872713844
momentum_in_trend_context,1,6589cb8021b76574,TLT,bearish,"fast_below_slow,momentum_depressed,momentum_confirms_trend",242,2022-01-31T05:00:00+00:00,2022-02-18T05:00:00+00:00,15,evaluated,-0.003935883914803928,evaluated,-0.02235024390683349,evaluated,-0.006887796850906791
momentum_in_trend_context,1,6589cb8021b76574,TLT,neutral,momentum_midrange,243,2022-02-22T05:00:00+00:00,2022-02-22T05:00:00+00:00,1,evaluated,-0.007263219445071245,evaluated,0.02629292975415254,evaluated,-0.0653689750056411
momentum_in_trend_context,1,6589cb8021b76574,TLT,bearish,"fast_below_slow,momentum_depressed,momentum_confirms_trend",244,2022-02-23T05:00:00+00:00,2022-02-25T05:00:00+00:00,3,evaluated,-0.01675055160903982,evaluated,-0.018907295236603394,evaluated,-0.054636993314434834
momentum_in_trend_context,1,6589cb8021b76574,TLT,neutral,momentum_midrange,245,2022-02-28T05:00:00+00:00,2022-03-01T05:00:00+00:00,2,evaluated,0.006697082055561854,evaluated,-0.008478216274092065,evaluated,-0.0755201343503975
momentum_in_trend_context,1,6589cb8021b76574,TLT,bearish,"fast_below_slow,momentum_depressed,momentum_confirms_trend",246,2022-03-02T05:00:00+00:00,2022-03-02T05:00:00+00:00,1,evaluated,0.002691069186159023,evaluated,-0.007782437133380893,evaluated,-0.041675836478259676
momentum_in_trend_context,1,6589cb8021b76574,TLT,neutral,momentum_midrange,247,2022-03-03T05:00:00+00:00,2022-03-08T05:00:00+00:00,4,evaluated,-0.000854909637116763,evaluated,-0.04203472407258779,evaluated,-0.05899115662077181
momentum_in_trend_context,1,6589cb8021b76574,TLT,bearish,"fast_below_slow,momentum_depressed,momentum_confirms_trend",248,2022-03-09T05:00:00+00:00,2022-03-30T04:00:00+00:00,16,evaluated,-0.002744160143608898,evaluated,-0.014907620555805634,evaluated,-0.05473562844017332
momentum_in_trend_context,1,6589cb8021b76574,TLT,neutral,momentum_midrange,249,2022-03-31T04:00:00+00:00,2022-04-01T04:00:00+00:00,2,evaluated,0.018229447551064704,evaluated,-0.027074815720273926,evaluated,-0.08122450584396035
momentum_in_trend_context,1,6589cb8021b76574,TLT,bearish,"fast_below_slow,momentum_depressed,momentum_confirms_trend",250,2022-04-04T04:00:00+00:00,2022-05-19T04:00:00+00:00,33,evaluated,-0.017359965654886955,evaluated,-0.05827466684995264,evaluated,-0.09781273954905356
momentum_in_trend_context,1,6589cb8021b76574,TLT,neutral,momentum_midrange,251,2022-05-20T04:00:00+00:00,2022-05-20T04:00:00+00:00,1,evaluated,-0.009769786210376497,evaluated,0.011638796680296215,evaluated,-0.0639707657621601
momentum_in_trend_context,1,6589cb8021b76574,TLT,bearish,"fast_below_slow,momentum_depressed,momentum_confirms_trend",252,2022-05-23T04:00:00+00:00,2022-05-23T04:00:00+00:00,1,evaluated,0.008142485768008578,evaluated,-0.01136559753980182,evaluated,-0.039779494323219367
momentum_in_trend_context,1,6589cb8021b76574,TLT,neutral,momentum_midrange,253,2022-05-24T04:00:00+00:00,2022-05-27T04:00:00+00:00,4,evaluated,-0.0023409311752201623,evaluated,-0.02834210661608383,evaluated,-0.045731972182848746
momentum_in_trend_context,1,6589cb8021b76574,TLT,bearish,"fast_below_slow,momentum_depressed,momentum_confirms_trend",254,2022-05-31T04:00:00+00:00,2022-06-21T04:00:00+00:00,15,evaluated,-0.006921281441020111,evaluated,-0.0163205678256636,evaluated,-0.027001589897255096
momentum_in_trend_context,1,6589cb8021b76574,TLT,neutral,momentum_midrange,255,2022-06-22T04:00:00+00:00,2022-06-23T04:00:00+00:00,2,evaluated,0.002107092717773096,evaluated,-0.00026337821681288176,evaluated,0.023617162212245635
momentum_in_trend_context,1,6589cb8021b76574,TLT,bearish,"fast_below_slow,momentum_depressed,momentum_confirms_trend",256,2022-06-24T04:00:00+00:00,2022-06-28T04:00:00+00:00,3,evaluated,0.0034166269488156153,evaluated,0.04135945354822401,evaluated,0.05547561680656399
momentum_in_trend_context,1,6589cb8021b76574,TLT,neutral,momentum_midrange,257,2022-06-29T04:00:00+00:00,2022-07-07T04:00:00+00:00,6,evaluated,8.708110897881483e-05,evaluated,-0.009576862861534363,evaluated,0.025161060197556484
momentum_in_trend_context,1,6589cb8021b76574,TLT,bearish,"fast_below_slow,momentum_depressed,momentum_confirms_trend",258,2022-07-08T04:00:00+00:00,2022-07-08T04:00:00+00:00,1,evaluated,0.005712290365138761,evaluated,0.020652064814250526,evaluated,0.023552159975508635
momentum_in_trend_context,1,6589cb8021b76574,TLT,neutral,momentum_midrange,259,2022-07-11T04:00:00+00:00,2022-07-22T04:00:00+00:00,10,evaluated,-0.003376325707175387,evaluated,-0.00502122604387667,evaluated,0.02458658371888167
momentum_in_trend_context,1,6589cb8021b76574,TLT,bullish,"fast_above_slow,momentum_elevated,momentum_confirms_trend",260,2022-07-25T04:00:00+00:00,2022-07-26T04:00:00+00:00,2,evaluated,-0.011610274662053,evaluated,0.009927648486592888,evaluated,-0.0521621816961545
momentum_in_trend_context,1,6589cb8021b76574,TLT,neutral,momentum_midrange,261,2022-07-27T04:00:00+00:00,2022-07-27T04:00:00+00:00,1,evaluated,-0.002541321846694755,evaluated,0.011012243869179095,evaluated,-0.05785685433705701
momentum_in_trend_context,1,6589cb8021b76574,TLT,bullish,"fast_above_slow,momentum_elevated,momentum_confirms_trend",262,2022-07-28T04:00:00+00:00,2022-08-01T04:00:00+00:00,3,evaluated,-0.0022939392529053304,evaluated,0.013678850060289793,evaluated,-0.041886154910808715
momentum_in_trend_context,1,6589cb8021b76574,TLT,neutral,momentum_midrange,263,2022-08-02T04:00:00+00:00,2022-08-02T04:00:00+00:00,1,evaluated,0.01860544797510766,evaluated,0.006144928155285667,evaluated,-0.03593069173221575
momentum_in_trend_context,1,6589cb8021b76574,TLT,bullish,"fast_above_slow,momentum_elevated,momentum_confirms_trend",264,2022-08-03T04:00:00+00:00,2022-08-04T04:00:00+00:00,2,evaluated,0.002773526578833563,evaluated,-0.015632884164338612,evaluated,-0.05967394438724283
momentum_in_trend_context,1,6589cb8021b76574,TLT,neutral,momentum_midrange,265,2022-08-05T04:00:00+00:00,2022-08-29T04:00:00+00:00,17,evaluated,0.006035354370591106,evaluated,-0.017766034926335883,evaluated,-0.06307376918941254
momentum_in_trend_context,1,6589cb8021b76574,TLT,bearish,"fast_below_slow,momentum_depressed,momentum_confirms_trend",266,2022-08-30T04:00:00+00:00,2022-11-09T05:00:00+00:00,51,evaluated,-0.007187906384237164,evaluated,-0.031058655818379632,evaluated,-0.07418582331381518
momentum_in_trend_context,1,6589cb8021b76574,TLT,neutral,momentum_midrange,267,2022-11-10T05:00:00+00:00,2022-12-01T05:00:00+00:00,15,evaluated,0.0032796935105574576,evaluated,0.0282874053998472,evaluated,0.0897817173683475
momentum_in_trend_context,1,6589cb8021b76574,TLT,bullish,"fast_above_slow,momentum_elevated,momentum_confirms_trend",268,2022-12-02T05:00:00+00:00,2022-12-16T05:00:00+00:00,11,evaluated,-0.0023620560152126657,evaluated,0.004629681690461629,evaluated,-0.04138319543620328
momentum_in_trend_context,1,6589cb8021b76574,TLT,neutral,momentum_midrange,269,2022-12-19T05:00:00+00:00,2023-01-05T05:00:00+00:00,12,evaluated,0.0005804332519103728,evaluated,-0.03134066502078969,evaluated,0.04420584074520395
momentum_in_trend_context,1,6589cb8021b76574,TLT,bullish,"fast_above_slow,momentum_elevated,momentum_confirms_trend",270,2023-01-06T05:00:00+00:00,2023-01-09T05:00:00+00:00,2,evaluated,0.012738187482152385,evaluated,0.022411610533635162,evaluated,0.014366439492276006
momentum_in_trend_context,1,6589cb8021b76574,TLT,neutral,momentum_midrange,271,2023-01-10T05:00:00+00:00,2023-01-10T05:00:00+00:00,1,evaluated,0.0067638284863869025,evaluated,0.034867066687172654,evaluated,0.005620618567490965
momentum_in_trend_context,1,6589cb8021b76574,TLT,bullish,"fast_above_slow,momentum_elevated,momentum_confirms_trend",272,2023-01-11T05:00:00+00:00,2023-01-19T05:00:00+00:00,6,evaluated,0.018333041457201382,evaluated,0.020128494231342886,evaluated,-0.011907032128748885
momentum_in_trend_context,1,6589cb8021b76574,TLT,neutral,momentum_midrange,273,2023-01-20T05:00:00+00:00,2023-01-23T05:00:00+00:00,2,evaluated,0.0012313844254405737,evaluated,0.010798516557202653,evaluated,-0.030216940898245004
momentum_in_trend_context,1,6589cb8021b76574,TLT,bullish,"fast_above_slow,momentum_elevated,momentum_confirms_trend",274,2023-01-24T05:00:00+00:00,2023-01-26T05:00:00+00:00,3,evaluated,0.0010245003961786292,evaluated,-0.001862760291706178,evaluated,-0.05644039334050588
momentum_in_trend_context,1,6589cb8021b76574,TLT,neutral,momentum_midrange,275,2023-01-27T05:00:00+00:00,2023-01-30T05:00:00+00:00,2,evaluated,-0.0013150421834716708,evaluated,0.0022543477910337284,evaluated,-0.048938560297550726
momentum_in_trend_context,1,6589cb8021b76574,TLT,bullish,"fast_above_slow,momentum_elevated,momentum_confirms_trend",276,2023-01-31T05:00:00+00:00,2023-02-02T05:00:00+00:00,3,evaluated,0.005857714881837728,evaluated,-0.023152072733701012,evaluated,-0.06675964761916786
momentum_in_trend_context,1,6589cb8021b76574,TLT,neutral,momentum_midrange,277,2023-02-03T05:00:00+00:00,2023-02-22T05:00:00+00:00,13,evaluated,0.0015130369939420074,evaluated,-0.022316790641622286,evaluated,-0.043971645634788725
momentum_in_trend_context,1,6589cb8021b76574,TLT,bearish,"fast_below_slow,momentum_depressed,momentum_confirms_trend",278,2023-02-23T05:00:00+00:00,2023-03-02T05:00:00+00:00,6,evaluated,-0.0046332926793314355,evaluated,-0.019321757071179002,evaluated,0.04889588885151741
momentum_in_trend_context,1,6589cb8021b76574,TLT,neutral,momentum_midrange,279,2023-03-03T05:00:00+00:00,2023-03-03T05:00:00+00:00,1,evaluated,-0.010956786668040008,evaluated,0.032968059840963404,evaluated,0.04059872311015367
momentum_in_trend_context,1,6589cb8021b76574,TLT,bearish,"fast_below_slow,momentum_depressed,momentum_confirms_trend",280,2023-03-06T05:00:00+00:00,2023-03-06T05:00:00+00:00,1,evaluated,0.002562607318910004,evaluated,0.0430711885079329,evaluated,0.05066035320352236
momentum_in_trend_context,1,6589cb8021b76574,TLT,neutral,momentum_midrange,281,2023-03-07T05:00:00+00:00,2023-03-30T04:00:00+00:00,18,evaluated,-0.005664080296992058,evaluated,0.01650385534012533,evaluated,0.04619136383844369
momentum_in_trend_context,1,6589cb8021b76574,TLT,bullish,"fast_above_slow,momentum_elevated,momentum_confirms_trend",282,2023-03-31T04:00:00+00:00,2023-04-12T04:00:00+00:00,8,evaluated,0.006800162819988076,evaluated,0.00850020352498504,evaluated,-0.025972800069290036
momentum_in_trend_context,1,6589cb8021b76574,TLT,neutral,momentum_midrange,283,2023-04-13T04:00:00+00:00,2023-04-24T04:00:00+00:00,8,evaluated,-0.0029414323976568735,evaluated,-0.0037954410114381387,evaluated,-0.0022772356500564417
momentum_in_trend_context,1,6589cb8021b76574,TLT,bullish,"fast_above_slow,momentum_elevated,momentum_confirms_trend",284,2023-04-25T04:00:00+00:00,2023-04-25T04:00:00+00:00,1,evaluated,-0.009083258848086473,evaluated,-0.010206985278962244,evaluated,-0.053937654151597236
momentum_in_trend_context,1,6589cb8021b76574,TLT,neutral,momentum_midrange,285,2023-04-26T04:00:00+00:00,2023-05-12T04:00:00+00:00,13,evaluated,-0.004087455490966785,evaluated,0.010361254742444759,evaluated,-0.04439161886328691
momentum_in_trend_context,1,6589cb8021b76574,TLT,bearish,"fast_below_slow,momentum_depressed,momentum_confirms_trend",286,2023-05-15T04:00:00+00:00,2023-05-26T04:00:00+00:00,10,evaluated,0.004687458206900086,evaluated,-0.01621097302122454,evaluated,-0.011621117418689764
momentum_in_trend_context,1,6589cb8021b76574,TLT,neutral,momentum_midrange,287,2023-05-30T04:00:00+00:00,2023-06-02T04:00:00+00:00,4,evaluated,0.00980488303701832,evaluated,0.00402003795173167,evaluated,0.015883937449885144
momentum_in_trend_context,1,6589cb8021b76574,TLT,bearish,"fast_below_slow,momentum_depressed,momentum_confirms_trend",288,2023-06-05T04:00:00+00:00,2023-06-05T04:00:00+00:00,1,evaluated,0.005498872821344758,evaluated,0.003731391363680947,evaluated,-0.007168065139329327
momentum_in_trend_context,1,6589cb8021b76574,TLT,neutral,momentum_midrange,289,2023-06-06T04:00:00+00:00,2023-06-06T04:00:00+00:00,1,evaluated,-0.012626024651524737,evaluated,-0.009396095739232835,evaluated,-0.024371125657183024
momentum_in_trend_context,1,6589cb8021b76574,TLT,bearish,"fast_below_slow,momentum_depressed,momentum_confirms_trend",290,2023-06-07T04:00:00+00:00,2023-06-07T04:00:00+00:00,1,evaluated,0.011797311188752158,evaluated,0.011400752108369883,evaluated,-0.017745621758575747
momentum_in_trend_context,1,6589cb8021b76574,TLT,neutral,momentum_midrange,291,2023-06-08T04:00:00+00:00,2023-06-12T04:00:00+00:00,3,evaluated,0.0031496033428162207,evaluated,0.013779542784496224,evaluated,-0.02352361639313605
momentum_in_trend_context,1,6589cb8021b76574,TLT,bearish,"fast_below_slow,momentum_depressed,momentum_confirms_trend",292,2023-06-13T04:00:00+00:00,2023-06-13T04:00:00+00:00,1,evaluated,0.0038374436700610026,evaluated,0.01899045909017638,evaluated,0.002558320803474512
momentum_in_trend_context,1,6589cb8021b76574,TLT,neutral,momentum_midrange,293,2023-06-14T04:00:00+00:00,2023-07-03T04:00:00+00:00,13,evaluated,-0.0002911654824061527,evaluated,-0.006988267778644364,evaluated,-0.016888264431574207
momentum_in_trend_context,1,6589cb8021b76574,TLT,bearish,"fast_below_slow,momentum_depressed,momentum_confirms_trend",294,2023-07-05T04:00:00+00:00,2023-07-11T04:00:00+00:00,5,evaluated,-0.0051895874142092735,evaluated,0.0062874740718597,evaluated,-0.031037931188341417
momentum_in_trend_context,1,6589cb8021b76574,TLT,neutral,momentum_midrange,295,2023-07-12T04:00:00+00:00,2023-07-26T04:00:00+00:00,11,evaluated,0.005725020679417492,evaluated,0.01618793237755156,evaluated,-0.040667211691567284
momentum_in_trend_context,1,6589cb8021b76574,TLT,bearish,"fast_below_slow,momentum_depressed,momentum_confirms_trend",296,2023-07-27T04:00:00+00:00,2023-08-22T04:00:00+00:00,19,evaluated,0.004124708515302222,evaluated,-0.045774677886430526,evaluated,-0.04517100397227414
momentum_in_trend_context,1,6589cb8021b76574,TLT,neutral,momentum_midrange,297,2023-08-23T04:00:00+00:00,2023-08-23T04:00:00+00:00,1,evaluated,-0.0023125575282268995,evaluated,0.011352905100771249,evaluated,-0.04656785906736283
momentum_in_trend_context,1,6589cb8021b76574,TLT,bearish,"fast_below_slow,momentum_depressed,momentum_confirms_trend",298,2023-08-24T04:00:00+00:00,2023-08-28T04:00:00+00:00,3,evaluated,0.005915883550909884,evaluated,0.02091692003949941,evaluated,-0.034122155419126665
momentum_in_trend_context,1,6589cb8021b76574,TLT,neutral,momentum_midrange,299,2023-08-29T04:00:00+00:00,2023-08-31T04:00:00+00:00,3,evaluated,0.0005199190979543467,evaluated,-0.025062433135690565,evaluated,-0.08059483886078289
momentum_in_trend_context,1,6589cb8021b76574,TLT,bearish,"fast_below_slow,momentum_depressed,momentum_confirms_trend",300,2023-09-01T04:00:00+00:00,2023-10-31T04:00:00+00:00,42,evaluated,-0.00806111737453008,evaluated,-0.0062579162656946075,evaluated,-0.07795925508364654
momentum_in_trend_context,1,6589cb8021b76574,TLT,neutral,momentum_midrange,301,2023-11-01T04:00:00+00:00,2023-11-22T05:00:00+00:00,16,evaluated,0.004153214225705026,evaluated,0.03322562578770549,evaluated,0.0562989990336511
momentum_in_trend_context,1,6589cb8021b76574,TLT,bullish,"fast_above_slow,momentum_elevated,momentum_confirms_trend",302,2023-11-24T05:00:00+00:00,2024-01-03T05:00:00+00:00,27,evaluated,0.011074196746447829,evaluated,0.029789531795141544,evaluated,0.09058693276551932
momentum_in_trend_context,1,6589cb8021b76574,TLT,neutral,momentum_midrange,303,2024-01-04T05:00:00+00:00,2024-01-30T05:00:00+00:00,18,evaluated,-0.002176156315778832,evaluated,0.002176156315778721,evaluated,-0.004455961711666179
momentum_in_trend_context,1,6589cb8021b76574,TLT,bullish,"fast_above_slow,momentum_elevated,momentum_confirms_trend",304,2024-01-31T05:00:00+00:00,2024-01-31T05:00:00+00:00,1,evaluated,0.008417159825872433,evaluated,-0.029049495835002048,evaluated,-0.03325803659070847
momentum_in_trend_context,1,6589cb8021b76574,TLT,neutral,"fast_below_slow,momentum_elevated,momentum_contradicts_trend",305,2024-02-01T05:00:00+00:00,2024-02-02T05:00:00+00:00,2,evaluated,-0.0020774587640601805,evaluated,-0.02316397429416206,evaluated,-0.018697366626457823
momentum_in_trend_context,1,6589cb8021b76574,TLT,bearish,"fast_below_slow,momentum_depressed,momentum_confirms_trend",306,2024-02-05T05:00:00+00:00,2024-02-05T05:00:00+00:00,1,evaluated,0.008595131646322862,evaluated,-0.0029711246354401366,evaluated,0.012627360657695208
momentum_in_trend_context,1,6589cb8021b76574,TLT,neutral,momentum_midrange,307,2024-02-06T05:00:00+00:00,2024-02-07T05:00:00+00:00,2,evaluated,0.00021144806102291192,evaluated,-0.023474687827715224,evaluated,0.015015313244449935
momentum_in_trend_context,1,6589cb8021b76574,TLT,bearish,"fast_below_slow,momentum_depressed,momentum_confirms_trend",308,2024-02-08T05:00:00+00:00,2024-02-22T05:00:00+00:00,10,evaluated,0.0009598585307182272,evaluated,-0.004906133468345009,evaluated,0.02101110469089762
momentum_in_trend_context,1,6589cb8021b76574,TLT,neutral,momentum_midrange,309,2024-02-23T05:00:00+00:00,2024-02-26T05:00:00+00:00,2,evaluated,-0.004361741086269966,evaluated,0.005000012986203561,evaluated,-0.00021273024538726037
momentum_in_trend_context,1,6589cb8021b76574,TLT,bearish,"fast_below_slow,momentum_depressed,momentum_confirms_trend",310,2024-02-27T05:00:00+00:00,2024-02-27T05:00:00+00:00,1,evaluated,0.0047270606290954476,evaluated,0.025247082379590724,evaluated,0.007412922200668914
momentum_in_trend_context,1,6589cb8021b76574,TLT,neutral,momentum_midrange,311,2024-02-28T05:00:00+00:00,2024-03-13T04:00:00+00:00,11,evaluated,0.0038371414572859752,evaluated,0.0231293772756751,evaluated,0.009379633940315601
momentum_in_trend_context,1,6589cb8021b76574,TLT,bearish,"fast_below_slow,momentum_depressed,momentum_confirms_trend",312,2024-03-14T04:00:00+00:00,2024-03-21T04:00:00+00:00,6,evaluated,-0.0012894382155119732,evaluated,0.0003223595538779378,evaluated,-0.029765707239808648
momentum_in_trend_context,1,6589cb8021b76574,TLT,neutral,momentum_midrange,313,2024-03-22T04:00:00+00:00,2024-03-26T04:00:00+00:00,3,evaluated,-0.0021342113989554212,evaluated,-0.012378572660844744,evaluated,-0.05026143560440055
momentum_in_trend_context,1,6589cb8021b76574,TLT,bullish,"fast_above_slow,momentum_elevated,momentum_confirms_trend",314,2024-03-27T04:00:00+00:00,2024-03-27T04:00:00+00:00,1,evaluated,0.0013758586702470321,evaluated,-0.019155440782243516,evaluated,-0.0710127975042053
momentum_in_trend_context,1,6589cb8021b76574,TLT,neutral,momentum_midrange,315,2024-03-28T04:00:00+00:00,2024-04-01T04:00:00+00:00,2,evaluated,-0.007932231284246472,evaluated,-0.020366614934427152,evaluated,-0.054132307880782604
momentum_in_trend_context,1,6589cb8021b76574,TLT,bearish,"fast_below_slow,momentum_depressed,momentum_confirms_trend",316,2024-04-02T04:00:00+00:00,2024-05-02T04:00:00+00:00,23,evaluated,0.00832779409430029,evaluated,0.010628985294731219,evaluated,-0.03331142717911961
momentum_in_trend_context,1,6589cb8021b76574,TLT,neutral,momentum_midrange,317,2024-05-03T04:00:00+00:00,2024-05-28T04:00:00+00:00,17,evaluated,0.003560695282569082,evaluated,0.0027817958424343203,evaluated,0.019249979689188956
momentum_in_trend_context,1,6589cb8021b76574,TLT,bearish,"fast_below_slow,momentum_depressed,momentum_confirms_trend",318,2024-05-29T04:00:00+00:00,2024-05-29T04:00:00+00:00,1,evaluated,0.002678547632328998,evaluated,0.041852679284175354,evaluated,0.043749980309179426
momentum_in_trend_context,1,6589cb8021b76574,TLT,neutral,momentum_midrange,319,2024-05-30T04:00:00+00:00,2024-05-31T04:00:00+00:00,2,evaluated,-0.000331635804355912,evaluated,0.030172365453718264,evaluated,0.014367764966088048
momentum_in_trend_context,1,6589cb8021b76574,TLT,bullish,"fast_above_slow,momentum_elevated,momentum_confirms_trend",320,2024-06-03T04:00:00+00:00,2024-06-06T04:00:00+00:00,4,evaluated,0.0050976272913216825,evaluated,-0.01420821694093044,evaluated,-0.01724508015746673
momentum_in_trend_context,1,6589cb8021b76574,TLT,neutral,momentum_midrange,321,2024-06-07T04:00:00+00:00,2024-06-11T04:00:00+00:00,3,evaluated,-0.0012087979159511875,evaluated,0.04032965020819024,evaluated,0.014835148067264825
momentum_in_trend_context,1,6589cb8021b76574,TLT,bullish,"fast_above_slow,momentum_elevated,momentum_confirms_trend",322,2024-06-12T04:00:00+00:00,2024-06-25T04:00:00+00:00,9,evaluated,0.007079983094532061,evaluated,0.007938187664442875,evaluated,0.007723677443411292
momentum_in_trend_context,1,6589cb8021b76574,TLT,neutral,momentum_midrange,323,2024-06-26T04:00:00+00:00,2024-07-10T04:00:00+00:00,10,evaluated,0.0,evaluated,-0.018391719985547228,evaluated,-0.013366125372852866
momentum_in_trend_context,1,6589cb8021b76574,TLT,bullish,"fast_above_slow,momentum_elevated,momentum_confirms_trend",324,2024-07-11T04:00:00+00:00,2024-07-12T04:00:00+00:00,2,evaluated,0.004383659440398979,evaluated,-0.000641479304787862,evaluated,0.019138254451934955
momentum_in_trend_context,1,6589cb8021b76574,TLT,neutral,momentum_midrange,325,2024-07-15T04:00:00+00:00,2024-07-15T04:00:00+00:00,1,evaluated,0.006842717823172917,evaluated,-0.009408716613955037,evaluated,0.03293063050628908
momentum_in_trend_context,1,6589cb8021b76574,TLT,bullish,"fast_above_slow,momentum_elevated,momentum_confirms_trend",326,2024-07-16T04:00:00+00:00,2024-07-17T04:00:00+00:00,2,evaluated,0.0028748325992857815,evaluated,-0.014906319773990595,evaluated,0.0357751349644142
momentum_in_trend_context,1,6589cb8021b76574,TLT,neutral,momentum_midrange,327,2024-07-18T04:00:00+00:00,2024-07-29T04:00:00+00:00,8,evaluated,-0.001289797349539823,evaluated,-0.008276056157394462,evaluated,0.04363711864405384
momentum_in_trend_context,1,6589cb8021b76574,TLT,bullish,"fast_above_slow,momentum_elevated,momentum_confirms_trend",328,2024-07-30T04:00:00+00:00,2024-08-07T04:00:00+00:00,7,evaluated,0.0029620097631715137,evaluated,0.021791998150801906,evaluated,0.03639059013888035
momentum_in_trend_context,1,6589cb8021b76574,TLT,neutral,momentum_midrange,329,2024-08-08T04:00:00+00:00,2024-08-08T04:00:00+00:00,1,evaluated,-0.002590405082025682,evaluated,0.0061133180481935945,evaluated,0.03160289456897947
momentum_in_trend_context,1,6589cb8021b76574,TLT,bullish,"fast_above_slow,momentum_elevated,momentum_confirms_trend",330,2024-08-09T04:00:00+00:00,2024-08-29T04:00:00+00:00,15,evaluated,0.00603979837995916,evaluated,0.014682949911828613,evaluated,0.041237104392491064
momentum_in_trend_context,1,6589cb8021b76574,TLT,neutral,momentum_midrange,331,2024-08-30T04:00:00+00:00,2024-08-30T04:00:00+00:00,1,evaluated,0.0019475445485956921,evaluated,0.024907752828881913,evaluated,0.005535064873315676
momentum_in_trend_context,1,6589cb8021b76574,TLT,bullish,"fast_above_slow,momentum_elevated,momentum_confirms_trend",332,2024-09-03T04:00:00+00:00,2024-09-18T04:00:00+00:00,12,evaluated,0.011544798881500284,evaluated,0.02870867661257681,evaluated,0.006232127375036978
momentum_in_trend_context,1,6589cb8021b76574,TLT,neutral,momentum_midrange,333,2024-09-19T04:00:00+00:00,2024-10-09T04:00:00+00:00,15,evaluated,-0.0011112295456652266,evaluated,-0.009394891658202176,evaluated,-0.05242948705943218
momentum_in_trend_context,1,6589cb8021b76574,TLT,bearish,"fast_below_slow,momentum_depressed,momentum_confirms_trend",334,2024-10-10T04:00:00+00:00,2024-11-07T05:00:00+00:00,21,evaluated,0.0023533759457474712,evaluated,0.00342318873911851,evaluated,-0.02299958759810461
momentum_in_trend_context,1,6589cb8021b76574,TLT,neutral,momentum_midrange,335,2024-11-08T05:00:00+00:00,2024-11-08T05:00:00+00:00,1,evaluated,-0.0022764128398119476,evaluated,-0.023523015381521017,evaluated,0.013766901279852695
momentum_in_trend_context,1,6589cb8021b76574,TLT,bearish,"fast_below_slow,momentum_depressed,momentum_confirms_trend",336,2024-11-11T05:00:00+00:00,2024-11-22T05:00:00+00:00,10,evaluated,-0.007770592788990727,evaluated,-0.012367350868387361,evaluated,0.01871510378756791
momentum_in_trend_context,1,6589cb8021b76574,TLT,neutral,momentum_midrange,337,2024-11-25T05:00:00+00:00,2024-12-11T05:00:00+00:00,12,evaluated,0.00227863580868104,evaluated,0.009765558384568385,evaluated,-0.04654948725106367
momentum_in_trend_context,1,6589cb8021b76574,TLT,bearish,"fast_below_slow,momentum_depressed,momentum_confirms_trend",338,2024-12-12T05:00:00+00:00,2024-12-31T05:00:00+00:00,13,evaluated,-0.007158606872605389,evaluated,-0.03292957480915171,evaluated,-0.060682840870497134
trend_crossover,1,f1126ca778e6f7ce,TLT,neutral,relationship_unchanged,0,2015-01-02T05:00:00+00:00,2015-02-27T05:00:00+00:00,39,evaluated,0.01023367606904202,evaluated,0.023904483623889305,evaluated,0.07397860813280022
trend_crossover,1,f1126ca778e6f7ce,TLT,bearish,"crossed_below,fast_below_slow",1,2015-03-02T05:00:00+00:00,2015-03-02T05:00:00+00:00,1,evaluated,-0.0037827703510747712,evaluated,-0.017731893851546165,evaluated,0.027740596496118375
trend_crossover,1,f1126ca778e6f7ce,TLT,neutral,relationship_unchanged,2,2015-03-03T05:00:00+00:00,2015-04-07T04:00:00+00:00,25,evaluated,-0.0038601345812186993,evaluated,-0.00519933550823759,evaluated,0.029541515108532757
trend_crossover,1,f1126ca778e6f7ce,TLT,bullish,"crossed_above,fast_above_slow",3,2015-04-08T04:00:00+00:00,2015-04-08T04:00:00+00:00,1,evaluated,-0.011003304769109268,evaluated,-0.0019866624630276997,evaluated,-0.07878045345200524
trend_crossover,1,f1126ca778e6f7ce,TLT,neutral,relationship_unchanged,4,2015-04-09T04:00:00+00:00,2015-05-01T04:00:00+00:00,17,evaluated,-0.005371486860722086,evaluated,-0.002762435467456137,evaluated,-0.06246168325322232
trend_crossover,1,f1126ca778e6f7ce,TLT,bearish,"crossed_below,fast_below_slow",5,2015-05-04T04:00:00+00:00,2015-05-04T04:00:00+00:00,1,evaluated,-0.0016278442719244168,evaluated,-0.027104035605662546,evaluated,-0.027836546898544978
trend_crossover,1,f1126ca778e6f7ce,TLT,neutral,relationship_unchanged,6,2015-05-05T04:00:00+00:00,2015-07-28T04:00:00+00:00,59,evaluated,-0.01172227502432377,evaluated,-0.017624408259108937,evaluated,-0.03664235838166774
trend_crossover,1,f1126ca778e6f7ce,TLT,bullish,"crossed_above,fast_above_slow",7,2015-07-29T04:00:00+00:00,2015-07-29T04:00:00+00:00,1,evaluated,0.0034650455582678763,evaluated,0.003630083695484565,evaluated,0.005940114067663149
trend_crossover,1,f1126ca778e6f7ce,TLT,neutral,relationship_unchanged,8,2015-07-30T04:00:00+00:00,2015-09-18T04:00:00+00:00,36,evaluated,0.0007350239798769032,evaluated,0.0023685144539762337,evaluated,-0.0035936167317279777
trend_crossover,1,f1126ca778e6f7ce,TLT,bearish,"crossed_below,fast_below_slow",9,2015-09-21T04:00:00+00:00,2015-09-21T04:00:00+00:00,1,evaluated,0.00279970628339421,evaluated,0.017951253798990985,evaluated,0.01770416545834408
trend_crossover,1,f1126ca778e6f7ce,TLT,neutral,relationship_unchanged,10,2015-09-22T04:00:00+00:00,2015-10-14T04:00:00+00:00,17,evaluated,0.0012332995650141676,evaluated,0.019322466872639055,evaluated,0.009949013790058192
trend_crossover,1,f1126ca778e6f7ce,TLT,bullish,"crossed_above,fast_above_slow",11,2015-10-15T04:00:00+00:00,2015-10-15T04:00:00+00:00,1,evaluated,-0.0025754502601547102,evaluated,8.050009038607087e-05,evaluated,-0.04225352112676062
trend_crossover,1,f1126ca778e6f7ce,TLT,neutral,relationship_unchanged,12,2015-10-16T04:00:00+00:00,2015-11-10T05:00:00+00:00,18,evaluated,-0.001615676356390039,evaluated,-0.004766168211661648,evaluated,-0.03320139413486367
trend_crossover,1,f1126ca778e6f7ce,TLT,bearish,"crossed_below,fast_below_slow",13,2015-11-11T05:00:00+00:00,2015-11-11T05:00:00+00:00,1,evaluated,0.002105263157894832,evaluated,0.01069470857319077,evaluated,0.02602102179276322
trend_crossover,1,f1126ca778e6f7ce,TLT,neutral,relationship_unchanged,14,2015-11-12T05:00:00+00:00,2015-12-18T05:00:00+00:00,26,evaluated,0.003017102005299366,evaluated,0.01257123704187424,evaluated,0.03721088210494572
trend_crossover,1,f1126ca778e6f7ce,TLT,bullish,"crossed_above,fast_above_slow",15,2015-12-21T05:00:00+00:00,2015-12-21T05:00:00+00:00,1,evaluated,-0.002772148088505455,evaluated,-0.020301653752887616,evaluated,0.0258458877252965
trend_crossover,1,f1126ca778e6f7ce,TLT,neutral,relationship_unchanged,16,2015-12-22T05:00:00+00:00,2016-03-28T04:00:00+00:00,65,evaluated,0.0013197725668931959,evaluated,-0.009816071999128484,evaluated,0.03390244054399738
trend_crossover,1,f1126ca778e6f7ce,TLT,bearish,"crossed_below,fast_below_slow",17,2016-03-29T04:00:00+00:00,2016-03-29T04:00:00+00:00,1,evaluated,-0.002614753065311559,evaluated,0.016611579500016793,evaluated,-0.021379672424787444
trend_crossover,1,f1126ca778e6f7ce,TLT,neutral,relationship_unchanged,18,2016-03-30T04:00:00+00:00,2016-04-08T04:00:00+00:00,8,evaluated,0.004846937248198513,evaluated,0.009616864449051299,evaluated,-0.011232431936207488
trend_crossover,1,f1126ca778e6f7ce,TLT,bullish,"crossed_above,fast_above_slow",19,2016-04-11T04:00:00+00:00,2016-04-11T04:00:00+00:00,1,evaluated,-0.0011444091637012876,evaluated,0.0017546210278169827,evaluated,-0.0016783736468563015
trend_crossover,1,f1126ca778e6f7ce,TLT,neutral,relationship_unchanged,20,2016-04-12T04:00:00+00:00,2016-05-11T04:00:00+00:00,22,evaluated,0.005356162944109011,evaluated,0.0016067905054348852,evaluated,0.0013772490046586316
trend_crossover,1,f1126ca778e6f7ce,TLT,bearish,"crossed_below,fast_below_slow",21,2016-05-12T04:00:00+00:00,2016-05-12T04:00:00+00:00,1,evaluated,0.006084599009385627,evaluated,-0.010876123533990478,evaluated,0.025098898379919854
trend_crossover,1,f1126ca778e6f7ce,TLT,neutral,relationship_unchanged,22,2016-05-13T04:00:00+00:00,2016-05-20T04:00:00+00:00,6,evaluated,-0.0037982376353560277,evaluated,-0.01131878988204571,evaluated,0.028410859241147612
trend_crossover,1,f1126ca778e6f7ce,TLT,bullish,"crossed_above,fast_above_slow",23,2016-05-23T04:00:00+00:00,2016-05-23T04:00:00+00:00,1,evaluated,-0.0008463538456444653,evaluated,0.0014618945881488266,evaluated,0.02746781589520375
trend_crossover,1,f1126ca778e6f7ce,TLT,neutral,relationship_unchanged,24,2016-05-24T04:00:00+00:00,2016-08-30T04:00:00+00:00,69,evaluated,-0.0035431464790841583,evaluated,0.004544375949854684,evaluated,0.030270296698410748
trend_crossover,1,f1126ca778e6f7ce,TLT,bearish,"crossed_below,fast_below_slow",25,2016-08-31T04:00:00+00:00,2016-08-31T04:00:00+00:00,1,evaluated,0.008296127512493756,evaluated,-0.005987605398146356,evaluated,0.000937850868502732
trend_crossover,1,f1126ca778e6f7ce,TLT,neutral,relationship_unchanged,26,2016-09-01T04:00:00+00:00,2017-01-20T05:00:00+00:00,97,evaluated,-0.0023747971726439943,evaluated,-0.02475534164653259,evaluated,-0.010434744796875117
trend_crossover,1,f1126ca778e6f7ce,TLT,bullish,"crossed_above,fast_above_slow",27,2017-01-23T05:00:00+00:00,2017-01-23T05:00:00+00:00,1,evaluated,-0.0038088854621084467,evaluated,-0.012420303400630384,evaluated,-0.005464900646353854
trend_crossover,1,f1126ca778e6f7ce,TLT,neutral,relationship_unchanged,28,2017-01-24T05:00:00+00:00,2017-03-07T05:00:00+00:00,30,evaluated,-0.004024109091644079,evaluated,0.006874578330114289,evaluated,0.008635134052966231
trend_crossover,1,f1126ca778e6f7ce,TLT,bearish,"crossed_below,fast_below_slow",29,2017-03-08T05:00:00+00:00,2017-03-08T05:00:00+00:00,1,evaluated,-0.004261121660172895,evaluated,0.009885833460988369,evaluated,0.03442987081654425
trend_crossover,1,f1126ca778e6f7ce,TLT,neutral,relationship_unchanged,30,2017-03-09T05:00:00+00:00,2017-04-05T04:00:00+00:00,20,evaluated,0.0009390525091745872,evaluated,0.006487981391415598,evaluated,0.03465936127495439
trend_crossover,1,f1126ca778e6f7ce,TLT,bullish,"crossed_above,fast_above_slow",31,2017-04-06T04:00:00+00:00,2017-04-06T04:00:00+00:00,1,evaluated,-0.009274436042202572,evaluated,0.013378241396955648,evaluated,-0.0045140794393822015
trend_crossover,1,f1126ca778e6f7ce,TLT,neutral,relationship_unchanged,32,2017-04-07T04:00:00+00:00,2017-07-24T04:00:00+00:00,74,evaluated,0.0010731158500325577,evaluated,0.016097052650380084,evaluated,-0.004210022608552633
trend_crossover,1,f1126ca778e6f7ce,TLT,bearish,"crossed_below,fast_below_slow",33,2017-07-25T04:00:00+00:00,2017-07-25T04:00:00+00:00,1,evaluated,0.004056137045641117,evaluated,0.01111383778608288,evaluated,0.025715955907086974
trend_crossover,1,f1126ca778e6f7ce,TLT,neutral,relationship_unchanged,34,2017-07-26T04:00:00+00:00,2017-08-21T04:00:00+00:00,19,evaluated,0.0004061656365033084,evaluated,0.012996494729824226,evaluated,0.03403462286275016
trend_crossover,1,f1126ca778e6f7ce,TLT,bullish,"crossed_above,fast_above_slow",35,2017-08-22T04:00:00+00:00,2017-08-22T04:00:00+00:00,1,evaluated,0.002046616296888626,evaluated,0.004801642049398147,evaluated,-0.008894814588118138
trend_crossover,1,f1126ca778e6f7ce,TLT,neutral,relationship_unchanged,36,2017-08-23T04:00:00+00:00,2017-10-04T04:00:00+00:00,30,evaluated,-0.00039403707003105026,evaluated,0.0057534944257253695,evaluated,-0.008196728704605416
trend_crossover,1,f1126ca778e6f7ce,TLT,bearish,"crossed_below,fast_below_slow",37,2017-10-05T04:00:00+00:00,2017-10-05T04:00:00+00:00,1,evaluated,0.0024332502241510845,evaluated,0.013464157842388191,evaluated,0.01630304259311055
trend_crossover,1,f1126ca778e6f7ce,TLT,neutral,relationship_unchanged,38,2017-10-06T04:00:00+00:00,2017-11-21T05:00:00+00:00,33,evaluated,0.0016158069123375363,evaluated,0.01672321631312257,evaluated,0.015026665282716678
trend_crossover,1,f1126ca778e6f7ce,TLT,bullish,"crossed_above,fast_above_slow",39,2017-11-22T05:00:00+00:00,2017-11-22T05:00:00+00:00,1,evaluated,-0.0010241649185016577,evaluated,-0.014259808983234867,evaluated,-0.018356588871446422
trend_crossover,1,f1126ca778e6f7ce,TLT,neutral,relationship_unchanged,40,2017-11-24T05:00:00+00:00,2018-01-09T05:00:00+00:00,31,evaluated,-0.0018918324342964699,evaluated,-0.002443619400144148,evaluated,-0.016474885363626735
trend_crossover,1,f1126ca778e6f7ce,TLT,bearish,"crossed_below,fast_below_slow",41,2018-01-10T05:00:00+00:00,2018-01-10T05:00:00+00:00,1,evaluated,0.006477171148300043,evaluated,0.0016192773442071928,evaluated,-0.03902517700151764
trend_crossover,1,f1126ca778e6f7ce,TLT,neutral,relationship_unchanged,42,2018-01-11T05:00:00+00:00,2018-04-03T04:00:00+00:00,56,evaluated,0.003384352732549667,evaluated,-0.008380345917121113,evaluated,-0.049637357844121155
trend_crossover,1,f1126ca778e6f7ce,TLT,bullish,"crossed_above,fast_above_slow",43,2018-04-04T04:00:00+00:00,2018-04-04T04:00:00+00:00,1,evaluated,-0.0025811620527251833,evaluated,0.011740247127590031,evaluated,-0.01515403595293463
trend_crossover,1,f1126ca778e6f7ce,TLT,neutral,relationship_unchanged,44,2018-04-05T04:00:00+00:00,2018-05-03T04:00:00+00:00,21,evaluated,0.003646567202532758,evaluated,-0.0003315176057789859,evaluated,-0.015332388922316809
trend_crossover,1,f1126ca778e6f7ce,TLT,bearish,"crossed_below,fast_below_slow",45,2018-05-04T04:00:00+00:00,2018-05-04T04:00:00+00:00,1,evaluated,-0.0014289162578887682,evaluated,0.002185442830652251,evaluated,0.003866513236553626
trend_crossover,1,f1126ca778e6f7ce,TLT,neutral,relationship_unchanged,46,2018-05-07T04:00:00+00:00,2018-06-13T04:00:00+00:00,27,evaluated,0.0011809311349180174,evaluated,0.00042172434480192145,evaluated,0.009784867168737277
trend_crossover,1,f1126ca778e6f7ce,TLT,bullish,"crossed_above,fast_above_slow",47,2018-06-14T04:00:00+00:00,2018-06-14T04:00:00+00:00,1,evaluated,-0.003724278497205691,evaluated,-0.002400073749339371,evaluated,0.01564180552021388
trend_crossover,1,f1126ca778e6f7ce,TLT,neutral,relationship_unchanged,48,2018-06-15T04:00:00+00:00,2018-08-03T04:00:00+00:00,35,evaluated,-0.0017430835658679422,evaluated,0.00041496863355128255,evaluated,0.014359193885592703
trend_crossover,1,f1126ca778e6f7ce,TLT,bearish,"crossed_below,fast_below_slow",49,2018-08-06T04:00:00+00:00,2018-08-06T04:00:00+00:00,1,evaluated,-0.003024452776976605,evaluated,0.01159375701054377,evaluated,0.008401243470179232
trend_crossover,1,f1126ca778e6f7ce,TLT,neutral,relationship_unchanged,50,2018-08-07T04:00:00+00:00,2018-09-04T04:00:00+00:00,20,evaluated,0.0010955439862292415,evaluated,0.012472574429994276,evaluated,0.00884877288014585
trend_crossover,1,f1126ca778e6f7ce,TLT,bullish,"crossed_above,fast_above_slow",51,2018-09-05T04:00:00+00:00,2018-09-05T04:00:00+00:00,1,evaluated,0.0032565078715078855,evaluated,-0.006847024717747119,evaluated,-0.041165666476590146
trend_crossover,1,f1126ca778e6f7ce,TLT,neutral,relationship_unchanged,52,2018-09-06T04:00:00+00:00,2018-09-14T04:00:00+00:00,7,evaluated,-0.0016760628053947846,evaluated,-0.001759817994220536,evaluated,-0.04449849247053639
trend_crossover,1,f1126ca778e6f7ce,TLT,bearish,"crossed_below,fast_below_slow",53,2018-09-17T04:00:00+00:00,2018-09-17T04:00:00+00:00,1,evaluated,-0.006352702147293998,evaluated,-0.010672493078873746,evaluated,-0.03083177591835784
trend_crossover,1,f1126ca778e6f7ce,TLT,neutral,relationship_unchanged,54,2018-09-18T04:00:00+00:00,2018-12-04T05:00:00+00:00,55,evaluated,-0.004269490200615733,evaluated,-0.003671764178419523,evaluated,-0.020749724980882567
trend_crossover,1,f1126ca778e6f7ce,TLT,bullish,"crossed_above,fast_above_slow",55,2018-12-06T05:00:00+00:00,2018-12-06T05:00:00+00:00,1,evaluated,0.005092998183088948,evaluated,0.0022069615619944027,evaluated,0.033443701918817625
trend_crossover,1,f1126ca778e6f7ce,TLT,neutral,relationship_unchanged,56,2018-12-07T05:00:00+00:00,2019-03-11T04:00:00+00:00,63,evaluated,0.0002523662707472063,evaluated,-0.0032808898850610335,evaluated,0.021536110872743874
trend_crossover,1,f1126ca778e6f7ce,TLT,bearish,"crossed_below,fast_below_slow",57,2019-03-12T04:00:00+00:00,2019-03-12T04:00:00+00:00,1,evaluated,0.0013973217477245559,evaluated,-0.002054907056343147,evaluated,0.019069534974432756
trend_crossover,1,f1126ca778e6f7ce,TLT,neutral,relationship_unchanged,58,2019-03-13T04:00:00+00:00,2019-03-15T04:00:00+00:00,3,evaluated,-0.006081070575377545,evaluated,0.008135408364760455,evaluated,0.02128355892783973
trend_crossover,1,f1126ca778e6f7ce,TLT,bullish,"crossed_above,fast_above_slow",59,2019-03-18T04:00:00+00:00,2019-03-18T04:00:00+00:00,1,evaluated,0.0026427230481187447,evaluated,0.03278554249539489,evaluated,0.01560828372452061
trend_crossover,1,f1126ca778e6f7ce,TLT,bearish,"crossed_below,fast_below_slow",60,2019-03-19T04:00:00+00:00,2019-03-19T04:00:00+00:00,1,evaluated,0.007721393608517646,evaluated,0.026531981383374648,evaluated,0.003860696804258712
trend_crossover,1,f1126ca778e6f7ce,TLT,neutral,relationship_unchanged,61,2019-03-20T04:00:00+00:00,2019-03-20T04:00:00+00:00,1,evaluated,-8.134463488074228e-05,evaluated,0.025699444418005202,evaluated,-0.005692883486127065
trend_crossover,1,f1126ca778e6f7ce,TLT,bullish,"crossed_above,fast_above_slow",62,2019-03-21T04:00:00+00:00,2019-03-21T04:00:00+00:00,1,evaluated,0.005233085344738209,evaluated,0.01891955954788238,evaluated,-0.01054663528097155
trend_crossover,1,f1126ca778e6f7ce,TLT,neutral,relationship_unchanged,63,2019-03-22T04:00:00+00:00,2019-10-02T04:00:00+00:00,135,evaluated,0.002003044667015841,evaluated,0.013059890350909376,evaluated,-0.020030446670158297
trend_crossover,1,f1126ca778e6f7ce,TLT,bearish,"crossed_below,fast_below_slow",64,2019-10-03T04:00:00+00:00,2019-10-03T04:00:00+00:00,1,evaluated,0.004403160390599847,evaluated,-0.021671888703121645,evaluated,-0.02827657679920903
trend_crossover,1,f1126ca778e6f7ce,TLT,neutral,relationship_unchanged,65,2019-10-04T04:00:00+00:00,2019-12-13T05:00:00+00:00,50,evaluated,-0.002617834618529269,evaluated,-0.03251585217433539,evaluated,-0.03168921181776152
trend_crossover,1,f1126ca778e6f7ce,TLT,bullish,"crossed_above,fast_above_slow",66,2019-12-16T05:00:00+00:00,2019-12-16T05:00:00+00:00,1,evaluated,-0.004413577749217801,evaluated,-0.012734315028785859,evaluated,0.010418834474108296
trend_crossover,1,f1126ca778e6f7ce,TLT,neutral,relationship_unchanged,67,2019-12-17T05:00:00+00:00,2019-12-24T05:00:00+00:00,6,evaluated,-0.0060451697931994675,evaluated,-0.0033503765742363134,evaluated,0.01391116984454377
trend_crossover,1,f1126ca778e6f7ce,TLT,bearish,"crossed_below,fast_below_slow",68,2019-12-26T05:00:00+00:00,2019-12-26T05:00:00+00:00,1,evaluated,-0.000873072723049928,evaluated,0.012223462208518665,evaluated,0.049839862653137335
trend_crossover,1,f1126ca778e6f7ce,TLT,neutral,relationship_unchanged,69,2019-12-27T05:00:00+00:00,2020-01-24T05:00:00+00:00,19,evaluated,0.006843829117282096,evaluated,0.017955717509497093,evaluated,0.05349918540815546
trend_crossover,1,f1126ca778e6f7ce,TLT,bullish,"crossed_above,fast_above_slow",70,2020-01-27T05:00:00+00:00,2020-01-27T05:00:00+00:00,1,evaluated,-0.005349746771726505,evaluated,0.011185998000974529,evaluated,0.049468566235636446
trend_crossover,1,f1126ca778e6f7ce,TLT,neutral,relationship_unchanged,71,2020-01-28T05:00:00+00:00,2020-05-27T04:00:00+00:00,84,evaluated,0.007808108603769792,evaluated,0.0009760135754712795,evaluated,0.04747627888095973
trend_crossover,1,f1126ca778e6f7ce,TLT,bearish,"crossed_below,fast_below_slow",72,2020-05-28T04:00:00+00:00,2020-05-28T04:00:00+00:00,1,evaluated,0.005408331311613335,evaluated,-0.033679618709407166,evaluated,0.004855222503444834
trend_crossover,1,f1126ca778e6f7ce,TLT,neutral,relationship_unchanged,73,2020-05-29T04:00:00+00:00,2020-07-09T04:00:00+00:00,29,evaluated,0.0011103804380261373,evaluated,-0.036952530953878515,evaluated,0.019432410721026194
trend_crossover,1,f1126ca778e6f7ce,TLT,bullish,"crossed_above,fast_above_slow",74,2020-07-10T04:00:00+00:00,2020-07-10T04:00:00+00:00,1,evaluated,0.008338398083459264,evaluated,0.007734131596959903,evaluated,0.026465286300981772
trend_crossover,1,f1126ca778e6f7ce,TLT,neutral,relationship_unchanged,75,2020-07-13T04:00:00+00:00,2020-08-27T04:00:00+00:00,34,evaluated,-0.004823424009537058,evaluated,-0.004406540026495986,evaluated,0.007086300799784784
trend_crossover,1,f1126ca778e6f7ce,TLT,bearish,"crossed_below,fast_below_slow",76,2020-08-28T04:00:00+00:00,2020-08-28T04:00:00+00:00,1,evaluated,0.003650967299547503,evaluated,0.007054451402175088,evaluated,0.018873686124832423
trend_crossover,1,f1126ca778e6f7ce,TLT,neutral,relationship_unchanged,77,2020-08-31T04:00:00+00:00,2021-04-28T04:00:00+00:00,166,evaluated,0.012982234018479089,evaluated,0.01224042441621398,evaluated,0.019040565873192694
trend_crossover,1,f1126ca778e6f7ce,TLT,bullish,"crossed_above,fast_above_slow",78,2021-04-29T04:00:00+00:00,2021-04-29T04:00:00+00:00,1,evaluated,0.0009385956823937391,evaluated,0.0101797972567228,evaluated,0.0010830204405649635
trend_crossover,1,f1126ca778e6f7ce,TLT,neutral,relationship_unchanged,79,2021-04-30T04:00:00+00:00,2021-05-27T04:00:00+00:00,20,evaluated,-0.0012977121827076887,evaluated,0.003821188110729734,evaluated,-0.0018745098237670232
trend_crossover,1,f1126ca778e6f7ce,TLT,bearish,"crossed_below,fast_below_slow",80,2021-05-28T04:00:00+00:00,2021-05-28T04:00:00+00:00,1,evaluated,0.002829773392269308,evaluated,0.011972092648368626,evaluated,0.04099545491383472
trend_crossover,1,f1126ca778e6f7ce,TLT,neutral,relationship_unchanged,81,2021-06-01T04:00:00+00:00,2021-06-09T04:00:00+00:00,7,evaluated,-0.00014438305319608435,evaluated,0.013713416489602004,evaluated,0.03724289822052018
trend_crossover,1,f1126ca778e6f7ce,TLT,bullish,"crossed_above,fast_above_slow",82,2021-06-10T04:00:00+00:00,2021-06-10T04:00:00+00:00,1,evaluated,0.0,evaluated,0.005129616612062016,evaluated,0.02965358227179804
trend_crossover,1,f1126ca778e6f7ce,TLT,neutral,relationship_unchanged,83,2021-06-11T04:00:00+00:00,2021-09-27T04:00:00+00:00,75,evaluated,-0.006192856052176676,evaluated,0.0255453164539563,evaluated,0.029838072148190342
trend_crossover,1,f1126ca778e6f7ce,TLT,bearish,"crossed_below,fast_below_slow",84,2021-09-28T04:00:00+00:00,2021-09-28T04:00:00+00:00,1,evaluated,-0.0031768418796425113,evaluated,-0.008425422617339584,evaluated,0.0020718442364298095
trend_crossover,1,f1126ca778e6f7ce,TLT,neutral,relationship_unchanged,85,2021-09-29T04:00:00+00:00,2021-11-16T05:00:00+00:00,35,evaluated,0.0015267259638078734,evaluated,0.002012444648506806,evaluated,0.02526023064172267
trend_crossover,1,f1126ca778e6f7ce,TLT,bullish,"crossed_above,fast_above_slow",86,2021-11-17T05:00:00+00:00,2021-11-17T05:00:00+00:00,1,evaluated,0.0056167685086365715,evaluated,0.0056853332407988955,evaluated,0.021576777710525352
trend_crossover,1,f1126ca778e6f7ce,TLT,neutral,relationship_unchanged,87,2021-11-18T05:00:00+00:00,2022-01-04T05:00:00+00:00,32,evaluated,0.005285260669598113,evaluated,0.019989137495873388,evaluated,0.022021953921104398
trend_crossover,1,f1126ca778e6f7ce,TLT,bearish,"crossed_below,fast_below_slow",88,2022-01-05T05:00:00+00:00,2022-01-05T05:00:00+00:00,1,evaluated,0.00490915889066601,evaluated,0.002945495334399695,evaluated,-0.010519672056414797
trend_crossover,1,f1126ca778e6f7ce,TLT,neutral,relationship_unchanged,89,2022-01-06T05:00:00+00:00,2022-07-22T04:00:00+00:00,136,evaluated,-0.006078462560585307,evaluated,0.008034610893962624,evaluated,-0.02878509212201741
trend_crossover,1,f1126ca778e6f7ce,TLT,bullish,"crossed_above,fast_above_slow",90,2022-07-25T04:00:00+00:00,2022-07-25T04:00:00+00:00,1,evaluated,-0.011610274662053,evaluated,0.009927648486592888,evaluated,-0.0521621816961545
trend_crossover,1,f1126ca778e6f7ce,TLT,neutral,relationship_unchanged,91,2022-07-26T04:00:00+00:00,2022-08-29T04:00:00+00:00,25,evaluated,-0.010083911701251558,evaluated,-0.004321685679165799,evaluated,-0.05058894256955748
trend_crossover,1,f1126ca778e6f7ce,TLT,bearish,"crossed_below,fast_below_slow",92,2022-08-30T04:00:00+00:00,2022-08-30T04:00:00+00:00,1,evaluated,-0.007187906384237164,evaluated,-0.031058655818379632,evaluated,-0.07418582331381518
trend_crossover,1,f1126ca778e6f7ce,TLT,neutral,relationship_unchanged,93,2022-08-31T04:00:00+00:00,2022-12-01T05:00:00+00:00,65,evaluated,-0.002457488538374797,evaluated,-0.01638302545517878,evaluated,-0.05533814215949706
trend_crossover,1,f1126ca778e6f7ce,TLT,bullish,"crossed_above,fast_above_slow",94,2022-12-02T05:00:00+00:00,2022-12-02T05:00:00+00:00,1,evaluated,-0.0023620560152126657,evaluated,0.004629681690461629,evaluated,-0.04138319543620328
trend_crossover,1,f1126ca778e6f7ce,TLT,neutral,relationship_unchanged,95,2022-12-05T05:00:00+00:00,2023-02-22T05:00:00+00:00,54,evaluated,0.004225323457673014,evaluated,0.0015962269384537375,evaluated,-0.034272314796985004
trend_crossover,1,f1126ca778e6f7ce,TLT,bearish,"crossed_below,fast_below_slow",96,2023-02-23T05:00:00+00:00,2023-02-23T05:00:00+00:00,1,evaluated,-0.0046332926793314355,evaluated,-0.019321757071179002,evaluated,0.04889588885151741
trend_crossover,1,f1126ca778e6f7ce,TLT,neutral,relationship_unchanged,97,2023-02-24T05:00:00+00:00,2023-03-29T04:00:00+00:00,24,evaluated,-0.0003949147513653273,evaluated,0.005923570625904873,evaluated,0.054891869960892015
trend_crossover,1,f1126ca778e6f7ce,TLT,bullish,"crossed_above,fast_above_slow",98,2023-03-30T04:00:00+00:00,2023-03-30T04:00:00+00:00,1,evaluated,0.009682053034974603,evaluated,0.030185100628709938,evaluated,0.01053631349244144
trend_crossover,1,f1126ca778e6f7ce,TLT,neutral,relationship_unchanged,99,2023-03-31T04:00:00+00:00,2023-05-09T04:00:00+00:00,27,evaluated,0.006800162819988076,evaluated,0.00850020352498504,evaluated,-0.025972800069290036
trend_crossover,1,f1126ca778e6f7ce,TLT,bearish,"crossed_below,fast_below_slow",100,2023-05-10T04:00:00+00:00,2023-05-10T04:00:00+00:00,1,evaluated,-0.001424515873994614,evaluated,-0.02583097000829304,evaluated,-0.030769282044289303
trend_crossover,1,f1126ca778e6f7ce,TLT,neutral,relationship_unchanged,101,2023-05-11T04:00:00+00:00,2023-11-22T05:00:00+00:00,136,evaluated,-0.007425096487689742,evaluated,-0.03074729427035028,evaluated,-0.029795381169768764
trend_crossover,1,f1126ca778e6f7ce,TLT,bullish,"crossed_above,fast_above_slow",102,2023-11-24T05:00:00+00:00,2023-11-24T05:00:00+00:00,1,evaluated,0.011074196746447829,evaluated,0.029789531795141544,evaluated,0.09058693276551932
trend_crossover,1,f1126ca778e6f7ce,TLT,neutral,relationship_unchanged,103,2023-11-27T05:00:00+00:00,2024-01-31T05:00:00+00:00,45,evaluated,0.006269933691156471,evaluated,0.018809801073469412,evaluated,0.08634911624575059
trend_crossover,1,f1126ca778e6f7ce,TLT,bearish,"crossed_below,fast_below_slow",104,2024-02-01T05:00:00+00:00,2024-02-01T05:00:00+00:00,1,evaluated,-0.0020774587640601805,evaluated,-0.02316397429416206,evaluated,-0.018697366626457823
trend_crossover,1,f1126ca778e6f7ce,TLT,neutral,relationship_unchanged,105,2024-02-02T05:00:00+00:00,2024-03-25T04:00:00+00:00,36,evaluated,-0.0052837368119224015,evaluated,-0.008242616526850877,evaluated,-0.0057064454316873015
trend_crossover,1,f1126ca778e6f7ce,TLT,bullish,"crossed_above,fast_above_slow",106,2024-03-26T04:00:00+00:00,2024-03-26T04:00:00+00:00,1,evaluated,0.007553985536862484,evaluated,-0.02095969002529896,evaluated,-0.059474374560502086
trend_crossover,1,f1126ca778e6f7ce,TLT,neutral,relationship_unchanged,107,2024-03-27T04:00:00+00:00,2024-04-01T04:00:00+00:00,3,evaluated,0.0013758586702470321,evaluated,-0.019155440782243516,evaluated,-0.0710127975042053
trend_crossover,1,f1126ca778e6f7ce,TLT,bearish,"crossed_below,fast_below_slow",108,2024-04-02T04:00:00+00:00,2024-04-02T04:00:00+00:00,1,evaluated,0.00832779409430029,evaluated,0.010628985294731219,evaluated,-0.03331142717911961
trend_crossover,1,f1126ca778e6f7ce,TLT,neutral,relationship_unchanged,109,2024-04-03T04:00:00+00:00,2024-05-30T04:00:00+00:00,41,evaluated,0.000539814889781498,evaluated,-0.02601744687653995,evaluated,-0.0439382469556755
trend_crossover,1,f1126ca778e6f7ce,TLT,bullish,"crossed_above,fast_above_slow",110,2024-05-31T04:00:00+00:00,2024-05-31T04:00:00+00:00,1,evaluated,0.010591340367796853,evaluated,0.009488091528493392,evaluated,-0.008053792282156969
trend_crossover,1,f1126ca778e6f7ce,TLT,neutral,relationship_unchanged,111,2024-06-03T04:00:00+00:00,2024-10-09T04:00:00+00:00,90,evaluated,0.0050976272913216825,evaluated,-0.01420821694093044,evaluated,-0.01724508015746673
trend_crossover,1,f1126ca778e6f7ce,TLT,bearish,"crossed_below,fast_below_slow",112,2024-10-10T04:00:00+00:00,2024-10-10T04:00:00+00:00,1,evaluated,0.0023533759457474712,evaluated,0.00342318873911851,evaluated,-0.02299958759810461
trend_crossover,1,f1126ca778e6f7ce,TLT,neutral,relationship_unchanged,113,2024-10-11T04:00:00+00:00,2024-12-31T05:00:00+00:00,56,evaluated,0.007846041706317752,evaluated,0.00892091383154936,evaluated,-0.005911468683853172
trend_alignment,1,650add07184f8440,GLD,bullish,fast_above_slow,0,2015-01-02T05:00:00+00:00,2015-02-26T05:00:00+00:00,38,evaluated,0.00888660292131771,evaluated,0.021606581140519276,evaluated,0.06656211422635483
trend_alignment,1,650add07184f8440,GLD,neutral,trend_margin_below_threshold,1,2015-02-27T05:00:00+00:00,2015-02-27T05:00:00+00:00,1,evaluated,-0.007038623989907511,evaluated,-0.03982832094118827,evaluated,-0.012360535977736009
trend_alignment,1,650add07184f8440,GLD,bearish,fast_below_slow,2,2015-03-02T05:00:00+00:00,2015-04-16T04:00:00+00:00,33,evaluated,-0.004912096607437633,evaluated,-0.03507410946839806,evaluated,-0.019734582018784863
trend_alignment,1,650add07184f8440,GLD,neutral,trend_margin_below_threshold,3,2015-04-17T04:00:00+00:00,2015-04-17T04:00:00+00:00,1,evaluated,-0.0008709151226865552,evaluated,-0.015415403655903326,evaluated,0.02360215199159965
trend_alignment,1,650add07184f8440,GLD,bullish,fast_above_slow,4,2015-04-20T04:00:00+00:00,2015-05-27T04:00:00+00:00,27,evaluated,0.005753103431764384,evaluated,0.005317299545508414,evaluated,0.024407212278323875
trend_alignment,1,650add07184f8440,GLD,neutral,trend_margin_below_threshold,5,2015-05-28T04:00:00+00:00,2015-06-10T04:00:00+00:00,10,evaluated,-0.00035045484266027493,evaluated,-0.011389548437966024,evaluated,-0.014893963179715586
trend_alignment,1,650add07184f8440,GLD,bearish,fast_below_slow,6,2015-06-11T04:00:00+00:00,2015-09-03T04:00:00+00:00,60,evaluated,0.001503677711046647,evaluated,0.019989405492948142,evaluated,-0.013886429583642612
trend_alignment,1,650add07184f8440,GLD,neutral,trend_margin_below_threshold,7,2015-09-04T04:00:00+00:00,2015-09-04T04:00:00+00:00,1,evaluated,-0.0007435114515724761,evaluated,-0.012825253466428932,evaluated,0.010873589084917201
trend_alignment,1,650add07184f8440,GLD,bullish,fast_above_slow,8,2015-09-08T04:00:00+00:00,2015-11-11T05:00:00+00:00,47,evaluated,-0.0047824656709438695,evaluated,-0.006939214816249928,evaluated,0.030195060381964733
trend_alignment,1,650add07184f8440,GLD,neutral,trend_margin_below_threshold,9,2015-11-12T05:00:00+00:00,2015-11-12T05:00:00+00:00,1,evaluated,0.00019312963965223418,evaluated,0.00019312963965223418,evaluated,-0.0041529872645702515
trend_alignment,1,650add07184f8440,GLD,bearish,fast_below_slow,10,2015-11-13T05:00:00+00:00,2016-01-13T05:00:00+00:00,41,evaluated,-0.002596694207963157,evaluated,-0.008559405561738953,evaluated,-0.02106176544242455
trend_alignment,1,650add07184f8440,GLD,neutral,trend_margin_below_threshold,11,2016-01-14T05:00:00+00:00,2016-01-14T05:00:00+00:00,1,evaluated,-0.008006065121522798,evaluated,0.0007625031686129269,evaluated,0.12809762367479993
trend_alignment,1,650add07184f8440,GLD,bullish,fast_above_slow,12,2016-01-15T05:00:00+00:00,2016-04-15T04:00:00+00:00,63,evaluated,-0.0007687315350465296,evaluated,0.019411919275930334,evaluated,0.10292138512152182
trend_alignment,1,650add07184f8440,GLD,neutral,trend_margin_below_threshold,13,2016-04-18T04:00:00+00:00,2016-04-18T04:00:00+00:00,1,evaluated,-0.0024192951437603805,evaluated,-0.013681482873705852,evaluated,0.016100778017466233
trend_alignment,1,650add07184f8440,GLD,bearish,fast_below_slow,14,2016-04-19T04:00:00+00:00,2016-04-27T04:00:00+00:00,7,evaluated,-0.005849393824289728,evaluated,-0.008105634123380834,evaluated,0.021308624473761695
trend_alignment,1,650add07184f8440,GLD,neutral,trend_margin_below_threshold,15,2016-04-28T04:00:00+00:00,2016-04-28T04:00:00+00:00,1,evaluated,0.009964887835188119,evaluated,-0.0029404607486254175,evaluated,-0.04778239369059112
trend_alignment,1,650add07184f8440,GLD,bullish,fast_above_slow,16,2016-04-29T04:00:00+00:00,2016-06-03T04:00:00+00:00,25,evaluated,-0.004362586208214281,evaluated,-0.004847297463549838,evaluated,-0.06592338110508744
trend_alignment,1,650add07184f8440,GLD,neutral,trend_margin_below_threshold,17,2016-06-06T04:00:00+00:00,2016-06-06T04:00:00+00:00,1,evaluated,0.0027004193656052777,evaluated,0.03493670371011337,evaluated,0.09257384996373941
trend_alignment,1,650add07184f8440,GLD,bearish,fast_below_slow,18,2016-06-07T04:00:00+00:00,2016-06-23T04:00:00+00:00,13,evaluated,0.0023275043407637863,evaluated,0.0205319495315881,evaluated,0.08254357792084988
trend_alignment,1,650add07184f8440,GLD,bullish,fast_above_slow,19,2016-06-24T04:00:00+00:00,2016-08-30T04:00:00+00:00,47,evaluated,0.0018981165701950076,evaluated,0.01558052184961034,evaluated,-0.007671632410420348
trend_alignment,1,650add07184f8440,GLD,neutral,trend_margin_below_threshold,20,2016-08-31T04:00:00+00:00,2016-08-31T04:00:00+00:00,1,evaluated,0.004973151164579637,evaluated,0.023421819297601232,evaluated,0.011229658670418141
trend_alignment,1,650add07184f8440,GLD,bearish,fast_below_slow,21,2016-09-01T04:00:00+00:00,2017-01-23T05:00:00+00:00,98,evaluated,0.002217109646583726,evaluated,0.003642403049631371,evaluated,-0.005146896200544648
trend_alignment,1,650add07184f8440,GLD,neutral,trend_margin_below_threshold,22,2017-01-24T05:00:00+00:00,2017-01-24T05:00:00+00:00,1,evaluated,0.0015770133707579959,evaluated,0.012353282544675048,evaluated,0.033029650364645446
trend_alignment,1,650add07184f8440,GLD,bullish,fast_above_slow,23,2017-01-25T05:00:00+00:00,2017-05-16T04:00:00+00:00,78,evaluated,0.00017665376932463062,evaluated,0.017308363841816554,evaluated,0.050335611843564054
trend_alignment,1,650add07184f8440,GLD,neutral,trend_margin_below_threshold,24,2017-05-17T04:00:00+00:00,2017-05-17T04:00:00+00:00,1,evaluated,-0.008015355359269227,evaluated,-0.0013358607096872754,evaluated,-0.003757175927651124
trend_alignment,1,650add07184f8440,GLD,bearish,fast_below_slow,25,2017-05-18T04:00:00+00:00,2017-06-07T04:00:00+00:00,14,evaluated,8.377700210737693e-05,evaluated,0.0007538652127085932,evaluated,-0.00041882110740798506
trend_alignment,1,650add07184f8440,GLD,neutral,trend_margin_below_threshold,26,2017-06-08T04:00:00+00:00,2017-06-08T04:00:00+00:00,1,evaluated,0.0006641360755663683,evaluated,-0.00946371740256291,evaluated,-0.04300182919263762
trend_alignment,1,650add07184f8440,GLD,bullish,fast_above_slow,27,2017-06-09T04:00:00+00:00,2017-07-03T04:00:00+00:00,17,evaluated,0.0002493042370181886,evaluated,-0.00822742024515255,evaluated,-0.040388934899004525
trend_alignment,1,650add07184f8440,GLD,neutral,trend_margin_below_threshold,28,2017-07-05T04:00:00+00:00,2017-07-05T04:00:00+00:00,1,evaluated,-0.0009435632923644466,evaluated,-0.004717816461822233,evaluated,0.032767195357914725
trend_alignment,1,650add07184f8440,GLD,bearish,fast_below_slow,29,2017-07-06T04:00:00+00:00,2017-08-07T04:00:00+00:00,23,evaluated,-0.004318535198407747,evaluated,0.0003454907233466642,evaluated,0.04154428752208483
trend_alignment,1,650add07184f8440,GLD,neutral,trend_margin_below_threshold,30,2017-08-08T04:00:00+00:00,2017-08-08T04:00:00+00:00,1,evaluated,0.0023963057641016583,evaluated,-0.00033046841218120626,evaluated,0.04784334057291573
trend_alignment,1,650add07184f8440,GLD,bullish,fast_above_slow,31,2017-08-09T04:00:00+00:00,2017-10-06T04:00:00+00:00,42,evaluated,0.0010648529772949722,evaluated,-0.0017201759610331324,evaluated,0.0495576913582485
trend_alignment,1,650add07184f8440,GLD,neutral,trend_margin_below_threshold,32,2017-10-09T04:00:00+00:00,2017-10-09T04:00:00+00:00,1,evaluated,-0.001794170737035472,evaluated,0.0028543342544562478,evaluated,-0.007910627947936177
trend_alignment,1,650add07184f8440,GLD,bearish,fast_below_slow,33,2017-10-10T04:00:00+00:00,2017-11-29T05:00:00+00:00,36,evaluated,0.0017949026780688104,evaluated,-0.00358980535613751,evaluated,-0.01109570542333116
trend_alignment,1,650add07184f8440,GLD,neutral,trend_margin_below_threshold,34,2017-11-30T05:00:00+00:00,2017-12-07T05:00:00+00:00,6,evaluated,0.005374515324648499,evaluated,-0.020258016604751683,evaluated,0.022407797500960225
trend_alignment,1,650add07184f8440,GLD,bearish,fast_below_slow,35,2017-12-08T05:00:00+00:00,2018-01-05T05:00:00+00:00,19,evaluated,-0.003041316228760138,evaluated,0.006842929287818489,evaluated,0.05372983410305121
trend_alignment,1,650add07184f8440,GLD,neutral,trend_margin_below_threshold,36,2018-01-08T05:00:00+00:00,2018-01-08T05:00:00+00:00,1,evaluated,0.0019279098504501047,evaluated,0.021527836381751264,evaluated,0.007149163827782967
trend_alignment,1,650add07184f8440,GLD,bullish,fast_above_slow,37,2018-01-09T05:00:00+00:00,2018-03-06T05:00:00+00:00,39,evaluated,-0.0011184740089192902,evaluated,0.0077494705991278945,evaluated,-0.0030358493167433886
trend_alignment,1,650add07184f8440,GLD,neutral,trend_margin_below_threshold,38,2018-03-07T05:00:00+00:00,2018-03-14T04:00:00+00:00,6,evaluated,-0.0021481762050789,evaluated,7.951711863962707e-05,evaluated,0.0008751739057595298
trend_alignment,1,650add07184f8440,GLD,bearish,fast_below_slow,39,2018-03-15T04:00:00+00:00,2018-04-06T04:00:00+00:00,16,evaluated,-0.0019224436944066392,evaluated,0.009131745053543971,evaluated,0.020906766155995182
trend_alignment,1,650add07184f8440,GLD,neutral,trend_margin_below_threshold,40,2018-04-09T04:00:00+00:00,2018-04-10T04:00:00+00:00,2,evaluated,0.0007873256664983064,evaluated,0.004802398255966844,evaluated,-0.019288277538904497
trend_alignment,1,650add07184f8440,GLD,bullish,fast_above_slow,41,2018-04-11T04:00:00+00:00,2018-05-04T04:00:00+00:00,18,evaluated,-0.004950862502302256,evaluated,0.004715115710185458,evaluated,-0.02294694042393175
trend_alignment,1,650add07184f8440,GLD,neutral,trend_margin_below_threshold,42,2018-05-07T04:00:00+00:00,2018-05-08T04:00:00+00:00,2,evaluated,0.003624915018967778,evaluated,0.002819385176751288,evaluated,-0.010391500901158479
trend_alignment,1,650add07184f8440,GLD,bearish,fast_below_slow,43,2018-05-09T04:00:00+00:00,2018-10-10T04:00:00+00:00,108,evaluated,-0.000319445097727189,evaluated,-0.023398820289193156,evaluated,-0.018846834270445423
trend_alignment,1,650add07184f8440,GLD,neutral,trend_margin_below_threshold,44,2018-10-11T04:00:00+00:00,2018-10-12T04:00:00+00:00,2,evaluated,-0.003028192321996137,evaluated,0.0029416536814699246,evaluated,0.0017303767526715141
trend_alignment,1,650add07184f8440,GLD,bullish,fast_above_slow,45,2018-10-15T04:00:00+00:00,2019-03-19T04:00:00+00:00,106,evaluated,-0.005923210787750599,evaluated,-0.006695843365102094,evaluated,-0.02429388147959044
trend_alignment,1,650add07184f8440,GLD,neutral,trend_margin_below_threshold,46,2019-03-20T04:00:00+00:00,2019-03-21T04:00:00+00:00,2,evaluated,-0.005467998567372012,evaluated,-0.005709223874139746,evaluated,-0.03280799140423185
trend_alignment,1,650add07184f8440,GLD,bearish,fast_below_slow,47,2019-03-22T04:00:00+00:00,2019-05-31T04:00:00+00:00,49,evaluated,0.0028901783671135828,evaluated,-0.020472025307834096,evaluated,-0.03363836620212457
trend_alignment,1,650add07184f8440,GLD,neutral,trend_margin_below_threshold,48,2019-06-03T04:00:00+00:00,2019-06-04T04:00:00+00:00,2,evaluated,0.0021621098526534155,evaluated,0.003603496056486355,evaluated,0.04596410946519636
trend_alignment,1,650add07184f8440,GLD,bullish,fast_above_slow,49,2019-06-05T04:00:00+00:00,2019-10-04T04:00:00+00:00,86,evaluated,-0.00039707021072532545,evaluated,-0.000794079837042494,evaluated,0.06114511680280077
trend_alignment,1,650add07184f8440,GLD,neutral,trend_margin_below_threshold,50,2019-10-07T04:00:00+00:00,2019-10-08T04:00:00+00:00,2,evaluated,-0.0007744885678869773,evaluated,-0.010138720367405596,evaluated,0.0008448575527622015
trend_alignment,1,650add07184f8440,GLD,bearish,fast_below_slow,51,2019-10-09T04:00:00+00:00,2019-12-26T05:00:00+00:00,55,evaluated,-0.005508855141400537,evaluated,-0.008333870374325869,evaluated,-0.00805141195800263
trend_alignment,1,650add07184f8440,GLD,neutral,trend_margin_below_threshold,52,2019-12-27T05:00:00+00:00,2019-12-30T05:00:00+00:00,2,evaluated,0.000491072709158713,evaluated,0.03388048480478889,evaluated,0.03577445420072678
trend_alignment,1,650add07184f8440,GLD,bullish,fast_above_slow,53,2019-12-31T05:00:00+00:00,2020-03-25T04:00:00+00:00,59,evaluated,0.000625582771505595,evaluated,0.020853607585652467,evaluated,0.03204504789929663
trend_alignment,1,650add07184f8440,GLD,neutral,trend_margin_below_threshold,54,2020-03-26T04:00:00+00:00,2020-03-26T04:00:00+00:00,1,evaluated,-0.004901960784313708,evaluated,-0.007189582375919157,evaluated,0.06300653195848649
trend_alignment,1,650add07184f8440,GLD,bullish,fast_above_slow,55,2020-03-27T04:00:00+00:00,2020-03-30T04:00:00+00:00,2,evaluated,0.003346201001127147,evaluated,0.0015746357103110231,evaluated,0.060035389256795524
trend_alignment,1,650add07184f8440,GLD,neutral,trend_margin_below_threshold,56,2020-03-31T04:00:00+00:00,2020-03-31T04:00:00+00:00,1,evaluated,0.008434548081917681,evaluated,0.05290146085919756,evaluated,0.09129554020181341
trend_alignment,1,650add07184f8440,GLD,bearish,fast_below_slow,57,2020-04-01T04:00:00+00:00,2020-04-13T04:00:00+00:00,8,evaluated,0.004629609539488433,evaluated,0.022817440594414595,evaluated,0.050264591646236756
trend_alignment,1,650add07184f8440,GLD,bullish,fast_above_slow,58,2020-04-14T04:00:00+00:00,2020-09-23T04:00:00+00:00,114,evaluated,0.00030904234125261887,evaluated,-0.01971571311025133,evaluated,-0.010877686850611412
trend_alignment,1,650add07184f8440,GLD,bearish,fast_below_slow,59,2020-09-24T04:00:00+00:00,2020-12-31T05:00:00+00:00,69,evaluated,0.0030388095187685593,evaluated,0.024597174451323145,evaluated,0.02534257253676997
trend_alignment,1,650add07184f8440,GLD,neutral,trend_margin_below_threshold,60,2021-01-04T05:00:00+00:00,2021-01-04T05:00:00+00:00,1,evaluated,0.0,evaluated,-0.05397274227990534,evaluated,-0.058839584372169296
trend_alignment,1,650add07184f8440,GLD,bullish,fast_above_slow,61,2021-01-05T05:00:00+00:00,2021-02-02T05:00:00+00:00,20,evaluated,-0.008760876899855385,evaluated,-0.04060835391982043,evaluated,-0.05311586918218225
trend_alignment,1,650add07184f8440,GLD,neutral,trend_margin_below_threshold,62,2021-02-03T05:00:00+00:00,2021-02-03T05:00:00+00:00,1,evaluated,-0.0008318937265058279,evaluated,0.026264267657431617,evaluated,-0.05496464655668987
trend_alignment,1,650add07184f8440,GLD,bearish,fast_below_slow,63,2021-02-04T05:00:00+00:00,2021-04-22T04:00:00+00:00,54,evaluated,0.004852311017072841,evaluated,0.013136878800757978,evaluated,-0.058287506854445725
trend_alignment,1,650add07184f8440,GLD,neutral,trend_margin_below_threshold,64,2021-04-23T04:00:00+00:00,2021-04-23T04:00:00+00:00,1,evaluated,0.0012602259432554774,evaluated,-0.005821287836997313,evaluated,0.05647235268304862
trend_alignment,1,650add07184f8440,GLD,bullish,fast_above_slow,65,2021-04-26T04:00:00+00:00,2021-06-28T04:00:00+00:00,45,evaluated,-0.0029954469535395933,evaluated,0.00533189192074901,evaluated,0.05649417707892557
trend_alignment,1,650add07184f8440,GLD,neutral,trend_margin_below_threshold,66,2021-06-29T04:00:00+00:00,2021-06-29T04:00:00+00:00,1,evaluated,0.006441013012203678,evaluated,0.02546021143672017,evaluated,0.0286807179428219
trend_alignment,1,650add07184f8440,GLD,bearish,fast_below_slow,67,2021-06-30T04:00:00+00:00,2021-09-08T04:00:00+00:00,49,evaluated,-0.0027002518135206266,evaluated,0.012001200559553116,evaluated,0.027122738901920185
trend_alignment,1,650add07184f8440,GLD,neutral,trend_margin_below_threshold,68,2021-09-09T04:00:00+00:00,2021-09-22T04:00:00+00:00,10,evaluated,-0.0037542750251964296,evaluated,-0.022525468293252415,evaluated,-0.02175075352831657
trend_alignment,1,650add07184f8440,GLD,bearish,fast_below_slow,69,2021-09-23T04:00:00+00:00,2021-11-01T04:00:00+00:00,28,evaluated,0.0018405095199864885,evaluated,0.007484670065663446,evaluated,0.02300613496932513
trend_alignment,1,650add07184f8440,GLD,neutral,trend_margin_below_threshold,70,2021-11-02T04:00:00+00:00,2021-11-03T04:00:00+00:00,2,evaluated,0.0026007496316351464,evaluated,0.03598643449878103,evaluated,0.004959521848197923
trend_alignment,1,650add07184f8440,GLD,bullish,fast_above_slow,71,2021-11-04T04:00:00+00:00,2021-12-13T05:00:00+00:00,27,evaluated,0.008431291915351302,evaluated,0.03384394377278421,evaluated,-0.010628151677909647
trend_alignment,1,650add07184f8440,GLD,neutral,trend_margin_below_threshold,72,2021-12-14T05:00:00+00:00,2021-12-14T05:00:00+00:00,1,evaluated,0.005324557398647567,evaluated,0.010588733313729337,evaluated,0.03309736237245686
trend_alignment,1,650add07184f8440,GLD,bearish,fast_below_slow,73,2021-12-15T05:00:00+00:00,2022-01-12T05:00:00+00:00,20,evaluated,0.006885870265844307,evaluated,0.00946052262153696,evaluated,0.01886120147824144
trend_alignment,1,650add07184f8440,GLD,neutral,trend_margin_below_threshold,74,2022-01-13T05:00:00+00:00,2022-01-18T05:00:00+00:00,3,evaluated,-0.0032311305828548464,evaluated,0.005111004059149771,evaluated,0.021090331994745526
trend_alignment,1,650add07184f8440,GLD,bullish,fast_above_slow,75,2022-01-19T05:00:00+00:00,2022-04-27T04:00:00+00:00,69,evaluated,-0.003830327151417512,evaluated,-0.014624829134502249,evaluated,0.014798926863722306
trend_alignment,1,650add07184f8440,GLD,neutral,trend_margin_below_threshold,76,2022-04-28T04:00:00+00:00,2022-04-28T04:00:00+00:00,1,evaluated,-0.0065143124299271715,evaluated,-0.016510374125235372,evaluated,-0.02981980456548572
trend_alignment,1,650add07184f8440,GLD,bearish,fast_below_slow,77,2022-04-29T04:00:00+00:00,2022-08-22T04:00:00+00:00,79,evaluated,0.00011522534641206228,evaluated,0.010425652625024151,evaluated,-0.004377596360601754
trend_alignment,1,650add07184f8440,GLD,neutral,trend_margin_below_threshold,78,2022-08-23T04:00:00+00:00,2022-08-25T04:00:00+00:00,3,evaluated,0.004986441433266542,evaluated,-0.011881358689750599,evaluated,-0.04093824830907744
trend_alignment,1,650add07184f8440,GLD,bullish,fast_above_slow,79,2022-08-26T04:00:00+00:00,2022-08-31T04:00:00+00:00,4,evaluated,-0.00012357469642665375,evaluated,-0.01618489187638228,evaluated,-0.06578952825571727
trend_alignment,1,650add07184f8440,GLD,neutral,trend_margin_below_threshold,80,2022-09-01T04:00:00+00:00,2022-09-02T04:00:00+00:00,2,evaluated,-0.0005648672308252722,evaluated,0.0029494898192712338,evaluated,-0.02936936150181335
trend_alignment,1,650add07184f8440,GLD,bearish,fast_below_slow,81,2022-09-06T04:00:00+00:00,2022-11-14T05:00:00+00:00,50,evaluated,0.011318423104673014,evaluated,0.0024660095143835825,evaluated,0.016123952893902116
trend_alignment,1,650add07184f8440,GLD,neutral,trend_margin_below_threshold,82,2022-11-15T05:00:00+00:00,2022-11-15T05:00:00+00:00,1,evaluated,-0.0017532708935446006,evaluated,-0.020192226975058847,evaluated,0.0162626345556538
trend_alignment,1,650add07184f8440,GLD,bullish,fast_above_slow,83,2022-11-16T05:00:00+00:00,2023-02-24T05:00:00+00:00,68,evaluated,0.0007937290929940222,evaluated,-0.004334766983217331,evaluated,0.009524469633853228
trend_alignment,1,650add07184f8440,GLD,neutral,trend_margin_below_threshold,84,2023-02-27T05:00:00+00:00,2023-02-27T05:00:00+00:00,1,evaluated,0.0059248726580904965,evaluated,0.016826616651445248,evaluated,0.07803056205828574
trend_alignment,1,650add07184f8440,GLD,bearish,fast_below_slow,85,2023-02-28T05:00:00+00:00,2023-03-23T04:00:00+00:00,18,evaluated,-0.0011114503936714426,evaluated,-0.0136297272456819,evaluated,0.07306233235526527
trend_alignment,1,650add07184f8440,GLD,bullish,fast_above_slow,86,2023-03-24T04:00:00+00:00,2023-05-30T04:00:00+00:00,46,evaluated,0.0044162466393178335,evaluated,0.011427035020501464,evaluated,0.0202042715176729
trend_alignment,1,650add07184f8440,GLD,neutral,trend_margin_below_threshold,87,2023-05-31T04:00:00+00:00,2023-05-31T04:00:00+00:00,1,evaluated,0.005196635637707336,evaluated,-0.014550646559998937,evaluated,-0.031289323872288555
trend_alignment,1,650add07184f8440,GLD,bearish,fast_below_slow,88,2023-06-01T04:00:00+00:00,2023-07-27T04:00:00+00:00,39,evaluated,-0.013512754013153883,evaluated,-0.005448700521174965,evaluated,-0.028660134810774562
trend_alignment,1,650add07184f8440,GLD,neutral,trend_margin_below_threshold,89,2023-07-28T04:00:00+00:00,2023-07-31T04:00:00+00:00,2,evaluated,-0.000438450778254329,evaluated,-0.012278629196438962,evaluated,-0.02636626515214624
trend_alignment,1,650add07184f8440,GLD,bullish,fast_above_slow,90,2023-08-01T04:00:00+00:00,2023-08-14T04:00:00+00:00,10,evaluated,-0.005371884484456246,evaluated,-0.01068841920743202,evaluated,-0.0038766803934074945
trend_alignment,1,650add07184f8440,GLD,neutral,trend_margin_below_threshold,91,2023-08-15T04:00:00+00:00,2023-08-16T04:00:00+00:00,2,evaluated,-0.005944897644641456,evaluated,-0.002944111810935457,evaluated,0.0026044996409493315
trend_alignment,1,650add07184f8440,GLD,bearish,fast_below_slow,92,2023-08-17T04:00:00+00:00,2023-10-27T04:00:00+00:00,51,evaluated,-0.002843655774288245,evaluated,0.011488393626941207,evaluated,0.014275120745591785
trend_alignment,1,650add07184f8440,GLD,bullish,fast_above_slow,93,2023-10-30T04:00:00+00:00,2024-01-30T05:00:00+00:00,63,evaluated,-0.0053490678807522896,evaluated,-0.00934728609478963,evaluated,0.02258478838571043
trend_alignment,1,650add07184f8440,GLD,neutral,trend_margin_below_threshold,94,2024-01-31T05:00:00+00:00,2024-02-01T05:00:00+00:00,2,evaluated,0.0036898261739981564,evaluated,-0.0063781912974796295,evaluated,-0.0021085295509833957
trend_alignment,1,650add07184f8440,GLD,bearish,fast_below_slow,95,2024-02-02T05:00:00+00:00,2024-03-04T05:00:00+00:00,21,evaluated,0.00369222187167062,evaluated,0.003852746157378517,evaluated,0.048854823338369435
trend_alignment,1,650add07184f8440,GLD,neutral,trend_margin_below_threshold,96,2024-03-05T05:00:00+00:00,2024-03-05T05:00:00+00:00,1,evaluated,0.0036853580411499998,evaluated,0.008632832387272416,evaluated,0.07401051861163199
trend_alignment,1,650add07184f8440,GLD,bullish,fast_above_slow,97,2024-03-06T05:00:00+00:00,2024-06-13T04:00:00+00:00,70,evaluated,0.0020046565537357175,evaluated,0.008269064903231538,evaluated,0.06003814467984481
trend_alignment,1,650add07184f8440,GLD,neutral,trend_margin_below_threshold,98,2024-06-14T04:00:00+00:00,2024-06-14T04:00:00+00:00,1,evaluated,-0.0013494336638859572,evaluated,0.0033969800235535974,evaluated,0.06230804918541932
trend_alignment,1,650add07184f8440,GLD,bearish,fast_below_slow,99,2024-06-17T04:00:00+00:00,2024-07-11T04:00:00+00:00,17,evaluated,0.005084412319546594,evaluated,0.0008395963787743987,evaluated,0.059940248866729995
trend_alignment,1,650add07184f8440,GLD,neutral,trend_margin_below_threshold,100,2024-07-12T04:00:00+00:00,2024-07-12T04:00:00+00:00,1,evaluated,0.001969660426198283,evaluated,-0.007430966769528036,evaluated,0.005237468875697315
trend_alignment,1,650add07184f8440,GLD,bullish,fast_above_slow,101,2024-07-15T04:00:00+00:00,2024-11-25T05:00:00+00:00,95,evaluated,0.012597012092852689,evaluated,-0.016189815683707143,evaluated,0.013129326919204765
trend_alignment,1,650add07184f8440,GLD,bearish,fast_below_slow,102,2024-11-26T05:00:00+00:00,2024-12-31T05:00:00+00:00,24,evaluated,-0.005554423428425825,evaluated,-0.0007351763532087441,evaluated,-0.007269751827346682
momentum_in_trend_context,1,6589cb8021b76574,GLD,neutral,momentum_midrange,0,2015-01-02T05:00:00+00:00,2015-01-05T05:00:00+00:00,2,evaluated,0.00888660292131771,evaluated,0.021606581140519276,evaluated,0.06656211422635483
momentum_in_trend_context,1,6589cb8021b76574,GLD,bullish,"fast_above_slow,momentum_elevated,momentum_confirms_trend",1,2015-01-06T05:00:00+00:00,2015-01-06T05:00:00+00:00,1,evaluated,-0.00034344393498841885,evaluated,0.014510195103405232,evaluated,0.04387396373997143
momentum_in_trend_context,1,6589cb8021b76574,GLD,neutral,momentum_midrange,2,2015-01-07T05:00:00+00:00,2015-01-08T05:00:00+00:00,2,evaluated,-0.004379514986699529,evaluated,0.013052849397123811,evaluated,0.0458566260818245
momentum_in_trend_context,1,6589cb8021b76574,GLD,bullish,"fast_above_slow,momentum_elevated,momentum_confirms_trend",3,2015-01-09T05:00:00+00:00,2015-01-28T05:00:00+00:00,13,evaluated,0.009364877257746373,evaluated,0.04307847435751122,evaluated,0.014558139773548806
momentum_in_trend_context,1,6589cb8021b76574,GLD,neutral,momentum_midrange,4,2015-01-29T05:00:00+00:00,2015-01-29T05:00:00+00:00,1,evaluated,0.01772459886556632,evaluated,0.004039553598036205,evaluated,-0.04237427255014359
momentum_in_trend_context,1,6589cb8021b76574,GLD,bullish,"fast_above_slow,momentum_elevated,momentum_confirms_trend",5,2015-01-30T05:00:00+00:00,2015-02-02T05:00:00+00:00,2,evaluated,0.004760356602820481,evaluated,-0.02626392846703518,evaluated,-0.05055807795357892
momentum_in_trend_context,1,6589cb8021b76574,GLD,neutral,momentum_midrange,6,2015-02-03T05:00:00+00:00,2015-02-27T05:00:00+00:00,18,evaluated,-0.0004110451656026415,evaluated,-0.02598040042811922,evaluated,-0.053605169697421684
momentum_in_trend_context,1,6589cb8021b76574,GLD,bearish,"fast_below_slow,momentum_depressed,momentum_confirms_trend",7,2015-03-02T05:00:00+00:00,2015-03-19T04:00:00+00:00,14,evaluated,-0.004912096607437633,evaluated,-0.03507410946839806,evaluated,-0.019734582018784863
momentum_in_trend_context,1,6589cb8021b76574,GLD,neutral,momentum_midrange,8,2015-03-20T04:00:00+00:00,2015-04-27T04:00:00+00:00,26,evaluated,0.00518912913914793,evaluated,0.011961307360198514,evaluated,0.008971014070697558
momentum_in_trend_context,1,6589cb8021b76574,GLD,bullish,"fast_above_slow,momentum_elevated,momentum_confirms_trend",9,2015-04-28T04:00:00+00:00,2015-04-28T04:00:00+00:00,1,evaluated,-0.004738888798318408,evaluated,-0.014130617130337919,evaluated,-0.018697210189495106
momentum_in_trend_context,1,6589cb8021b76574,GLD,neutral,momentum_midrange,10,2015-04-29T04:00:00+00:00,2015-05-12T04:00:00+00:00,10,evaluated,-0.0036002462469548746,evaluated,0.004214992698545972,evaluated,0.0012293589131100457
momentum_in_trend_context,1,6589cb8021b76574,GLD,bullish,"fast_above_slow,momentum_elevated,momentum_confirms_trend",11,2015-05-13T04:00:00+00:00,2015-05-18T04:00:00+00:00,4,evaluated,-0.0008526472984474731,evaluated,-0.01023189768700794,evaluated,-0.03427691579901382
momentum_in_trend_context,1,6589cb8021b76574,GLD,neutral,momentum_midrange,12,2015-05-19T04:00:00+00:00,2015-06-10T04:00:00+00:00,16,evaluated,0.00043094934313425703,evaluated,-0.018443500923575606,evaluated,-0.018788247247355505
momentum_in_trend_context,1,6589cb8021b76574,GLD,bearish,"fast_below_slow,momentum_depressed,momentum_confirms_trend",13,2015-06-11T04:00:00+00:00,2015-06-12T04:00:00+00:00,2,evaluated,0.001503677711046647,evaluated,0.019989405492948142,evaluated,-0.013886429583642612
momentum_in_trend_context,1,6589cb8021b76574,GLD,neutral,momentum_midrange,14,2015-06-15T04:00:00+00:00,2015-06-22T04:00:00+00:00,6,evaluated,0.0021223723017629315,evaluated,0.0049522245271131915,evaluated,-0.020693349216435286
momentum_in_trend_context,1,6589cb8021b76574,GLD,bearish,"fast_below_slow,momentum_depressed,momentum_confirms_trend",15,2015-06-23T04:00:00+00:00,2015-06-26T04:00:00+00:00,4,evaluated,0.0009778892040746001,evaluated,-0.0009779570329714327,evaluated,-0.06827880579630485
momentum_in_trend_context,1,6589cb8021b76574,GLD,neutral,momentum_midrange,16,2015-06-29T04:00:00+00:00,2015-06-29T04:00:00+00:00,1,evaluated,0.001158275884594051,evaluated,-0.013185992121412915,evaluated,-0.06432645543584514
momentum_in_trend_context,1,6589cb8021b76574,GLD,bearish,"fast_below_slow,momentum_depressed,momentum_confirms_trend",17,2015-06-30T04:00:00+00:00,2015-08-10T04:00:00+00:00,29,evaluated,-0.0012486566733758142,evaluated,-0.00918664273510117,evaluated,-0.06198719592743307
momentum_in_trend_context,1,6589cb8021b76574,GLD,neutral,momentum_midrange,18,2015-08-11T04:00:00+00:00,2015-09-16T04:00:00+00:00,26,evaluated,0.0071034877222653225,evaluated,0.0011216258433319748,evaluated,-0.008038140270332561
momentum_in_trend_context,1,6589cb8021b76574,GLD,bullish,"fast_above_slow,momentum_elevated,momentum_confirms_trend",19,2015-09-17T04:00:00+00:00,2015-09-18T04:00:00+00:00,2,evaluated,0.0010082549210819192,evaluated,0.012740599533355157,evaluated,0.03840515582042037
momentum_in_trend_context,1,6589cb8021b76574,GLD,neutral,momentum_midrange,20,2015-09-21T04:00:00+00:00,2015-09-23T04:00:00+00:00,3,evaluated,0.001952027150942337,evaluated,0.007808108603769792,evaluated,0.041271562896832314
momentum_in_trend_context,1,6589cb8021b76574,GLD,bullish,"fast_above_slow,momentum_elevated,momentum_confirms_trend",21,2015-09-24T04:00:00+00:00,2015-09-25T04:00:00+00:00,2,evaluated,-0.0005461471419699881,evaluated,-0.02857922372943711,evaluated,0.016565028209037935
momentum_in_trend_context,1,6589cb8021b76574,GLD,neutral,momentum_midrange,22,2015-09-28T04:00:00+00:00,2015-10-05T04:00:00+00:00,6,evaluated,-0.002402018772793779,evaluated,0.004896515056882489,evaluated,0.029471567852589642
momentum_in_trend_context,1,6589cb8021b76574,GLD,bullish,"fast_above_slow,momentum_elevated,momentum_confirms_trend",23,2015-10-06T04:00:00+00:00,2015-10-07T04:00:00+00:00,2,evaluated,-0.00045560867205296507,evaluated,0.019225518089763582,evaluated,-0.025239149367347613
momentum_in_trend_context,1,6589cb8021b76574,GLD,neutral,momentum_midrange,24,2015-10-08T04:00:00+00:00,2015-10-08T04:00:00+00:00,1,evaluated,0.0029853612115207095,evaluated,0.024877872057387673,evaluated,-0.04432785856066168
momentum_in_trend_context,1,6589cb8021b76574,GLD,bullish,"fast_above_slow,momentum_elevated,momentum_confirms_trend",25,2015-10-09T04:00:00+00:00,2015-10-27T04:00:00+00:00,13,evaluated,-0.003223789883178063,evaluated,0.00734306177370625,evaluated,-0.06778901960194883
momentum_in_trend_context,1,6589cb8021b76574,GLD,neutral,momentum_midrange,26,2015-10-28T04:00:00+00:00,2015-11-11T05:00:00+00:00,11,evaluated,-0.004626708887770281,evaluated,-0.03864648468199938,evaluated,-0.07048901420515286
momentum_in_trend_context,1,6589cb8021b76574,GLD,bearish,"fast_below_slow,momentum_depressed,momentum_confirms_trend",27,2015-11-12T05:00:00+00:00,2015-12-03T05:00:00+00:00,15,evaluated,0.00019312963965223418,evaluated,0.00019312963965223418,evaluated,-0.0041529872645702515
momentum_in_trend_context,1,6589cb8021b76574,GLD,neutral,momentum_midrange,28,2015-12-04T05:00:00+00:00,2015-12-04T05:00:00+00:00,1,evaluated,-0.006291149126972595,evaluated,-0.00203251147012129,evaluated,-0.0013550076467475636
momentum_in_trend_context,1,6589cb8021b76574,GLD,bearish,"fast_below_slow,momentum_depressed,momentum_confirms_trend",29,2015-12-07T05:00:00+00:00,2015-12-10T05:00:00+00:00,4,evaluated,-0.0028119938257608057,evaluated,-0.01299327425169905,evaluated,0.014932618603131997
momentum_in_trend_context,1,6589cb8021b76574,GLD,neutral,momentum_midrange,30,2015-12-11T05:00:00+00:00,2015-12-11T05:00:00+00:00,1,evaluated,-0.007701315085063554,evaluated,-0.00526419288251434,evaluated,0.01589000998559653
momentum_in_trend_context,1,6589cb8021b76574,GLD,bearish,"fast_below_slow,momentum_depressed,momentum_confirms_trend",31,2015-12-14T05:00:00+00:00,2015-12-15T05:00:00+00:00,2,evaluated,-0.0018680802587408563,evaluated,0.014157924042554448,evaluated,0.029593964834574216
momentum_in_trend_context,1,6589cb8021b76574,GLD,neutral,momentum_midrange,32,2015-12-16T05:00:00+00:00,2015-12-16T05:00:00+00:00,1,evaluated,-0.004161694179207309,evaluated,0.013773279972929764,evaluated,0.03131196709713935
momentum_in_trend_context,1,6589cb8021b76574,GLD,bearish,"fast_below_slow,momentum_depressed,momentum_confirms_trend",33,2015-12-17T05:00:00+00:00,2015-12-17T05:00:00+00:00,1,evaluated,0.006808114965906276,evaluated,0.016773602399913212,evaluated,0.02594972789747052
momentum_in_trend_context,1,6589cb8021b76574,GLD,neutral,momentum_midrange,34,2015-12-18T05:00:00+00:00,2015-12-29T05:00:00+00:00,7,evaluated,0.0019427351487661948,evaluated,-0.006605151290268174,evaluated,0.023506613599575843
momentum_in_trend_context,1,6589cb8021b76574,GLD,bearish,"fast_below_slow,momentum_depressed,momentum_confirms_trend",35,2015-12-30T05:00:00+00:00,2015-12-31T05:00:00+00:00,2,evaluated,-0.00019712526408355302,evaluated,0.04601890041843637,evaluated,0.053902181812796046
momentum_in_trend_context,1,6589cb8021b76574,GLD,neutral,momentum_midrange,36,2016-01-04T05:00:00+00:00,2016-01-19T05:00:00+00:00,11,evaluated,0.00048485458246383395,evaluated,0.015611370631527954,evaluated,0.048094630239198244
momentum_in_trend_context,1,6589cb8021b76574,GLD,bullish,"fast_above_slow,momentum_elevated,momentum_confirms_trend",37,2016-01-20T05:00:00+00:00,2016-03-11T05:00:00+00:00,37,evaluated,0.004762358416739554,evaluated,0.02571677905108749,evaluated,0.12667876295240355
momentum_in_trend_context,1,6589cb8021b76574,GLD,neutral,momentum_midrange,38,2016-03-14T04:00:00+00:00,2016-03-15T04:00:00+00:00,2,evaluated,0.0015282756583574475,evaluated,0.010018681587753653,evaluated,0.0192732577346566
momentum_in_trend_context,1,6589cb8021b76574,GLD,bullish,"fast_above_slow,momentum_elevated,momentum_confirms_trend",39,2016-03-16T04:00:00+00:00,2016-03-18T04:00:00+00:00,3,evaluated,-0.00850120813435995,evaluated,-0.03755367212142746,evaluated,-0.03342689773312035
momentum_in_trend_context,1,6589cb8021b76574,GLD,neutral,momentum_midrange,40,2016-03-21T04:00:00+00:00,2016-03-21T04:00:00+00:00,1,evaluated,-0.0035079410888158025,evaluated,-0.00810157181580795,evaluated,-0.0012528315516013855
momentum_in_trend_context,1,6589cb8021b76574,GLD,bullish,"fast_above_slow,momentum_elevated,momentum_confirms_trend",41,2016-03-22T04:00:00+00:00,2016-03-22T04:00:00+00:00,1,evaluated,-0.0011135622391365008,evaluated,0.0030837811970123585,evaluated,0.019102307672952845
momentum_in_trend_context,1,6589cb8021b76574,GLD,neutral,momentum_midrange,42,2016-03-23T04:00:00+00:00,2016-04-08T04:00:00+00:00,12,evaluated,-0.0037680467984996246,evaluated,0.007450567539548647,evaluated,0.022694198870102156
momentum_in_trend_context,1,6589cb8021b76574,GLD,bullish,"fast_above_slow,momentum_elevated,momentum_confirms_trend",43,2016-04-11T04:00:00+00:00,2016-04-12T04:00:00+00:00,2,evaluated,-0.0014971329963403557,evaluated,-0.020710350358818852,evaluated,0.0034932891725740767
momentum_in_trend_context,1,6589cb8021b76574,GLD,neutral,momentum_midrange,44,2016-04-13T04:00:00+00:00,2016-04-28T04:00:00+00:00,12,evaluated,-0.008298719264373644,evaluated,0.007451985012299822,evaluated,0.03412656900386679
momentum_in_trend_context,1,6589cb8021b76574,GLD,bullish,"fast_above_slow,momentum_elevated,momentum_confirms_trend",45,2016-04-29T04:00:00+00:00,2016-05-06T04:00:00+00:00,6,evaluated,-0.004362586208214281,evaluated,-0.004847297463549838,evaluated,-0.06592338110508744
momentum_in_trend_context,1,6589cb8021b76574,GLD,neutral,momentum_midrange,46,2016-05-09T04:00:00+00:00,2016-05-10T04:00:00+00:00,2,evaluated,0.0019877877870666527,evaluated,0.008779238087980534,evaluated,-0.015901923164779563
momentum_in_trend_context,1,6589cb8021b76574,GLD,bullish,"fast_above_slow,momentum_elevated,momentum_confirms_trend",47,2016-05-11T04:00:00+00:00,2016-05-11T04:00:00+00:00,1,evaluated,-0.007047967584138615,evaluated,-0.01573511081598944,evaluated,-0.006310413573594853
momentum_in_trend_context,1,6589cb8021b76574,GLD,neutral,momentum_midrange,48,2016-05-12T04:00:00+00:00,2016-05-12T04:00:00+00:00,1,evaluated,0.005120181396751855,evaluated,-0.01007509809401852,evaluated,0.005367920931016679
momentum_in_trend_context,1,6589cb8021b76574,GLD,bullish,"fast_above_slow,momentum_elevated,momentum_confirms_trend",49,2016-05-13T04:00:00+00:00,2016-05-17T04:00:00+00:00,3,evaluated,-0.00919220085099437,evaluated,-0.026193778676559143,evaluated,-0.0023590735768926896
momentum_in_trend_context,1,6589cb8021b76574,GLD,neutral,momentum_midrange,50,2016-05-18T04:00:00+00:00,2016-06-23T04:00:00+00:00,26,evaluated,0.007310947450269278,evaluated,-0.01697476170644041,evaluated,0.02840333826401653
momentum_in_trend_context,1,6589cb8021b76574,GLD,bullish,"fast_above_slow,momentum_elevated,momentum_confirms_trend",51,2016-06-24T04:00:00+00:00,2016-07-14T04:00:00+00:00,14,evaluated,0.0018981165701950076,evaluated,0.01558052184961034,evaluated,-0.007671632410420348
momentum_in_trend_context,1,6589cb8021b76574,GLD,neutral,momentum_midrange,52,2016-07-15T04:00:00+00:00,2016-07-15T04:00:00+00:00,1,evaluated,0.00015748915910585026,evaluated,-0.005274745604253561,evaluated,0.0029916933778570964
momentum_in_trend_context,1,6589cb8021b76574,GLD,bullish,"fast_above_slow,momentum_elevated,momentum_confirms_trend",53,2016-07-18T04:00:00+00:00,2016-07-19T04:00:00+00:00,2,evaluated,0.0020480672901195263,evaluated,-0.011658099748852013,evaluated,0.007010629468634733
momentum_in_trend_context,1,6589cb8021b76574,GLD,neutral,momentum_midrange,54,2016-07-20T04:00:00+00:00,2016-07-26T04:00:00+00:00,5,evaluated,0.013051085005999719,evaluated,0.018860377591267907,evaluated,0.022600638668825557
momentum_in_trend_context,1,6589cb8021b76574,GLD,bullish,"fast_above_slow,momentum_elevated,momentum_confirms_trend",55,2016-07-27T04:00:00+00:00,2016-08-04T04:00:00+00:00,7,evaluated,-0.003356957514831671,evaluated,0.012178917973255432,evaluated,-0.013662269107914127
momentum_in_trend_context,1,6589cb8021b76574,GLD,neutral,momentum_midrange,56,2016-08-05T04:00:00+00:00,2016-08-17T04:00:00+00:00,9,evaluated,0.0011784234802421079,evaluated,0.0008641732230370014,evaluated,-0.005656384755476029
momentum_in_trend_context,1,6589cb8021b76574,GLD,bullish,"fast_above_slow,momentum_elevated,momentum_confirms_trend",57,2016-08-18T04:00:00+00:00,2016-08-18T04:00:00+00:00,1,evaluated,-0.0008588429792236729,evaluated,-0.014444085319122335,evaluated,-0.0235790461374642
momentum_in_trend_context,1,6589cb8021b76574,GLD,neutral,momentum_midrange,58,2016-08-19T04:00:00+00:00,2016-08-31T04:00:00+00:00,9,evaluated,0.0011752842521892681,evaluated,-0.012379489427732038,evaluated,-0.018099174240418514
momentum_in_trend_context,1,6589cb8021b76574,GLD,bearish,"fast_below_slow,momentum_depressed,momentum_confirms_trend",59,2016-09-01T04:00:00+00:00,2016-09-01T04:00:00+00:00,1,evaluated,0.002217109646583726,evaluated,0.003642403049631371,evaluated,-0.005146896200544648
momentum_in_trend_context,1,6589cb8021b76574,GLD,neutral,momentum_midrange,60,2016-09-02T04:00:00+00:00,2016-09-12T04:00:00+00:00,6,evaluated,0.010282615167176212,evaluated,-0.006357968432392447,evaluated,-0.016326544789186492
momentum_in_trend_context,1,6589cb8021b76574,GLD,bearish,"fast_below_slow,momentum_depressed,momentum_confirms_trend",61,2016-09-13T04:00:00+00:00,2016-09-13T04:00:00+00:00,1,evaluated,0.0006344316575952469,evaluated,-0.00523390991832795,evaluated,-0.05194286678526416
momentum_in_trend_context,1,6589cb8021b76574,GLD,neutral,momentum_midrange,62,2016-09-14T04:00:00+00:00,2016-09-14T04:00:00+00:00,1,evaluated,-0.002863283231843705,evaluated,0.012248415215268427,evaluated,-0.047641814469368104
momentum_in_trend_context,1,6589cb8021b76574,GLD,bearish,"fast_below_slow,momentum_depressed,momentum_confirms_trend",63,2016-09-15T04:00:00+00:00,2016-09-20T04:00:00+00:00,4,evaluated,0.002003044667015841,evaluated,0.02211363023971491,evaluated,-0.03829820425285113
momentum_in_trend_context,1,6589cb8021b76574,GLD,neutral,momentum_midrange,64,2016-09-21T04:00:00+00:00,2016-09-29T04:00:00+00:00,7,evaluated,0.0,evaluated,-0.01058241339931476,evaluated,-0.05063885788137035
momentum_in_trend_context,1,6589cb8021b76574,GLD,bearish,"fast_below_slow,momentum_depressed,momentum_confirms_trend",65,2016-09-30T04:00:00+00:00,2016-10-27T04:00:00+00:00,20,evaluated,0.0,evaluated,-0.04452602812514328,evaluated,-0.029843583409488228
momentum_in_trend_context,1,6589cb8021b76574,GLD,neutral,momentum_midrange,66,2016-10-28T04:00:00+00:00,2016-11-09T05:00:00+00:00,9,evaluated,0.0035388058399807854,evaluated,0.02370172992169861,evaluated,-0.06345155912209288
momentum_in_trend_context,1,6589cb8021b76574,GLD,bearish,"fast_below_slow,momentum_depressed,momentum_confirms_trend",67,2016-11-10T05:00:00+00:00,2016-12-28T05:00:00+00:00,33,evaluated,-0.021312185701947373,evaluated,-0.02908485844173525,evaluated,-0.07730881639812881
momentum_in_trend_context,1,6589cb8021b76574,GLD,neutral,momentum_midrange,68,2016-12-29T05:00:00+00:00,2016-12-29T05:00:00+00:00,1,evaluated,-0.006975871192482441,evaluated,0.012411693972384175,evaluated,0.032524044723818646
momentum_in_trend_context,1,6589cb8021b76574,GLD,bearish,"fast_below_slow,momentum_depressed,momentum_confirms_trend",69,2016-12-30T05:00:00+00:00,2016-12-30T05:00:00+00:00,1,evaluated,0.007754045364203321,evaluated,0.02782334743608983,evaluated,0.05409596931761329
momentum_in_trend_context,1,6589cb8021b76574,GLD,neutral,momentum_midrange,70,2017-01-03T05:00:00+00:00,2017-01-23T05:00:00+00:00,14,evaluated,-0.0018008009421814908,evaluated,0.018818692717713192,evaluated,0.03727714281160721
momentum_in_trend_context,1,6589cb8021b76574,GLD,bullish,"fast_above_slow,momentum_elevated,momentum_confirms_trend",71,2017-01-24T05:00:00+00:00,2017-01-25T05:00:00+00:00,2,evaluated,0.0015770133707579959,evaluated,0.012353282544675048,evaluated,0.033029650364645446
momentum_in_trend_context,1,6589cb8021b76574,GLD,neutral,momentum_midrange,72,2017-01-26T05:00:00+00:00,2017-01-30T05:00:00+00:00,3,evaluated,0.004958802418139063,evaluated,0.025768139775533827,evaluated,0.05994861086311465
momentum_in_trend_context,1,6589cb8021b76574,GLD,bullish,"fast_above_slow,momentum_elevated,momentum_confirms_trend",73,2017-01-31T05:00:00+00:00,2017-03-01T05:00:00+00:00,21,evaluated,0.004709517433159283,evaluated,0.024419983716506444,evaluated,0.03837426963155077
momentum_in_trend_context,1,6589cb8021b76574,GLD,neutral,momentum_midrange,74,2017-03-02T05:00:00+00:00,2017-03-17T04:00:00+00:00,12,evaluated,0.004788415584449535,evaluated,-0.02120560745834499,evaluated,0.012997044139587688
momentum_in_trend_context,1,6589cb8021b76574,GLD,bullish,"fast_above_slow,momentum_elevated,momentum_confirms_trend",75,2017-03-20T04:00:00+00:00,2017-04-24T04:00:00+00:00,25,evaluated,0.0065382040792159035,evaluated,0.014944401684621189,evaluated,0.042880217336366266
momentum_in_trend_context,1,6589cb8021b76574,GLD,neutral,momentum_midrange,76,2017-04-25T04:00:00+00:00,2017-05-16T04:00:00+00:00,16,evaluated,0.005240805741752563,evaluated,-0.004658493992668933,evaluated,-0.00890108728868988
momentum_in_trend_context,1,6589cb8021b76574,GLD,bullish,"fast_above_slow,momentum_elevated,momentum_confirms_trend",77,2017-05-17T04:00:00+00:00,2017-05-17T04:00:00+00:00,1,evaluated,-0.008015355359269227,evaluated,-0.0013358607096872754,evaluated,-0.003757175927651124
momentum_in_trend_context,1,6589cb8021b76574,GLD,neutral,momentum_midrange,78,2017-05-18T04:00:00+00:00,2017-06-07T04:00:00+00:00,14,evaluated,8.377700210737693e-05,evaluated,0.0007538652127085932,evaluated,-0.00041882110740798506
momentum_in_trend_context,1,6589cb8021b76574,GLD,bullish,"fast_above_slow,momentum_elevated,momentum_confirms_trend",79,2017-06-08T04:00:00+00:00,2017-06-08T04:00:00+00:00,1,evaluated,0.0006641360755663683,evaluated,-0.00946371740256291,evaluated,-0.04300182919263762
momentum_in_trend_context,1,6589cb8021b76574,GLD,neutral,momentum_midrange,80,2017-06-09T04:00:00+00:00,2017-07-03T04:00:00+00:00,17,evaluated,0.0002493042370181886,evaluated,-0.00822742024515255,evaluated,-0.040388934899004525
momentum_in_trend_context,1,6589cb8021b76574,GLD,bearish,"fast_below_slow,momentum_depressed,momentum_confirms_trend",81,2017-07-05T04:00:00+00:00,2017-07-14T04:00:00+00:00,8,evaluated,-0.0009435632923644466,evaluated,-0.004717816461822233,evaluated,0.032767195357914725
momentum_in_trend_context,1,6589cb8021b76574,GLD,neutral,momentum_midrange,82,2017-07-17T04:00:00+00:00,2017-08-08T04:00:00+00:00,17,evaluated,0.001017058638483892,evaluated,0.011187386377854436,evaluated,0.0333079106392844
momentum_in_trend_context,1,6589cb8021b76574,GLD,bullish,"fast_above_slow,momentum_elevated,momentum_confirms_trend",83,2017-08-09T04:00:00+00:00,2017-09-15T04:00:00+00:00,27,evaluated,0.0010648529772949722,evaluated,-0.0017201759610331324,evaluated,0.0495576913582485
momentum_in_trend_context,1,6589cb8021b76574,GLD,neutral,momentum_midrange,84,2017-09-18T04:00:00+00:00,2017-10-17T04:00:00+00:00,22,evaluated,0.0010442998236273038,evaluated,0.00032131830840831377,evaluated,-0.01220978929351213
momentum_in_trend_context,1,6589cb8021b76574,GLD,bearish,"fast_below_slow,momentum_depressed,momentum_confirms_trend",85,2017-10-18T04:00:00+00:00,2017-10-18T04:00:00+00:00,1,evaluated,0.001554848168177303,evaluated,-0.006955797834275801,evaluated,-0.006464757003778132
momentum_in_trend_context,1,6589cb8021b76574,GLD,neutral,momentum_midrange,86,2017-10-19T04:00:00+00:00,2017-10-19T04:00:00+00:00,1,evaluated,-0.0005752769119712342,evaluated,-0.011094661988291232,evaluated,-0.002301107647884937
momentum_in_trend_context,1,6589cb8021b76574,GLD,bearish,"fast_below_slow,momentum_depressed,momentum_confirms_trend",87,2017-10-20T04:00:00+00:00,2017-10-20T04:00:00+00:00,1,evaluated,0.006777977120772105,evaluated,-0.0006612814418482937,evaluated,0.015539735503819818
momentum_in_trend_context,1,6589cb8021b76574,GLD,neutral,momentum_midrange,88,2017-10-23T04:00:00+00:00,2017-10-23T04:00:00+00:00,1,evaluated,0.0005772694506931408,evaluated,-0.001072116778180865,evaluated,0.00041229936897990704
momentum_in_trend_context,1,6589cb8021b76574,GLD,bearish,"fast_below_slow,momentum_depressed,momentum_confirms_trend",89,2017-10-24T04:00:00+00:00,2017-11-01T04:00:00+00:00,7,evaluated,0.0003297412936473787,evaluated,-0.005275734914917618,evaluated,0.0016487064682373376
momentum_in_trend_context,1,6589cb8021b76574,GLD,neutral,momentum_midrange,90,2017-11-02T04:00:00+00:00,2017-11-02T04:00:00+00:00,1,evaluated,-0.00609754334251722,evaluated,0.006344731700674844,evaluated,0.0018951526564134902
momentum_in_trend_context,1,6589cb8021b76574,GLD,bearish,"fast_below_slow,momentum_depressed,momentum_confirms_trend",91,2017-11-03T04:00:00+00:00,2017-11-03T04:00:00+00:00,1,evaluated,0.007703779786048415,evaluated,0.0033962560351974425,evaluated,0.003810462887849697
momentum_in_trend_context,1,6589cb8021b76574,GLD,neutral,momentum_midrange,92,2017-11-06T05:00:00+00:00,2017-11-29T05:00:00+00:00,17,evaluated,-0.002468957670015204,evaluated,-0.001645992709410793,evaluated,-0.009793452559338167
momentum_in_trend_context,1,6589cb8021b76574,GLD,bearish,"fast_below_slow,momentum_depressed,momentum_confirms_trend",93,2017-11-30T05:00:00+00:00,2017-11-30T05:00:00+00:00,1,evaluated,0.005374515324648499,evaluated,-0.020258016604751683,evaluated,0.022407797500960225
momentum_in_trend_context,1,6589cb8021b76574,GLD,neutral,momentum_midrange,94,2017-12-01T05:00:00+00:00,2017-12-06T05:00:00+00:00,4,evaluated,0.00024761682970741994,evaluated,-0.022038779490852645,evaluated,0.033016920756254065
momentum_in_trend_context,1,6589cb8021b76574,GLD,bearish,"fast_below_slow,momentum_depressed,momentum_confirms_trend",95,2017-12-07T05:00:00+00:00,2017-12-15T05:00:00+00:00,7,evaluated,-8.434894941455884e-05,evaluated,0.0037134142065908815,evaluated,0.05755759825960438
momentum_in_trend_context,1,6589cb8021b76574,GLD,neutral,momentum_midrange,96,2017-12-18T05:00:00+00:00,2018-01-05T05:00:00+00:00,13,evaluated,0.0012534597490938548,evaluated,0.01754824522648013,evaluated,0.05172559986729053
momentum_in_trend_context,1,6589cb8021b76574,GLD,bullish,"fast_above_slow,momentum_elevated,momentum_confirms_trend",97,2018-01-08T05:00:00+00:00,2018-02-01T05:00:00+00:00,18,evaluated,0.0019279098504501047,evaluated,0.021527836381751264,evaluated,0.007149163827782967
momentum_in_trend_context,1,6589cb8021b76574,GLD,neutral,momentum_midrange,98,2018-02-02T05:00:00+00:00,2018-02-13T05:00:00+00:00,8,evaluated,-0.0008673758919434116,evaluated,-0.01616466690341334,evaluated,-0.012931709459035545
momentum_in_trend_context,1,6589cb8021b76574,GLD,bullish,"fast_above_slow,momentum_elevated,momentum_confirms_trend",99,2018-02-14T05:00:00+00:00,2018-02-16T05:00:00+00:00,3,evaluated,-0.00038922211180791866,evaluated,-0.016584830222645452,evaluated,-0.027485722582058614
momentum_in_trend_context,1,6589cb8021b76574,GLD,neutral,momentum_midrange,100,2018-02-20T05:00:00+00:00,2018-03-14T04:00:00+00:00,17,evaluated,-0.005539703583895439,evaluated,-0.009734119586834122,evaluated,-0.01622351251864329
momentum_in_trend_context,1,6589cb8021b76574,GLD,bearish,"fast_below_slow,momentum_depressed,momentum_confirms_trend",101,2018-03-15T04:00:00+00:00,2018-03-20T04:00:00+00:00,4,evaluated,-0.0019224436944066392,evaluated,0.009131745053543971,evaluated,0.020906766155995182
momentum_in_trend_context,1,6589cb8021b76574,GLD,neutral,"fast_below_slow,momentum_elevated,momentum_contradicts_trend",102,2018-03-21T04:00:00+00:00,2018-04-09T04:00:00+00:00,13,evaluated,-0.0008723370937554487,evaluated,-0.0028550479134945572,evaluated,0.011975590293333171
momentum_in_trend_context,1,6589cb8021b76574,GLD,bullish,"fast_above_slow,momentum_elevated,momentum_confirms_trend",103,2018-04-10T04:00:00+00:00,2018-04-11T04:00:00+00:00,2,evaluated,0.00015617357352537553,evaluated,-0.0026543551222668604,evaluated,-0.027324538215828253
momentum_in_trend_context,1,6589cb8021b76574,GLD,neutral,momentum_midrange,104,2018-04-12T04:00:00+00:00,2018-04-13T04:00:00+00:00,2,evaluated,0.00299045608192805,evaluated,0.004170919812463536,evaluated,-0.014873686898461691
momentum_in_trend_context,1,6589cb8021b76574,GLD,bullish,"fast_above_slow,momentum_elevated,momentum_confirms_trend",105,2018-04-16T04:00:00+00:00,2018-04-19T04:00:00+00:00,4,evaluated,0.0057471530170556395,evaluated,-0.01102183855679384,evaluated,-0.019918114046297175
momentum_in_trend_context,1,6589cb8021b76574,GLD,neutral,momentum_midrange,106,2018-04-20T04:00:00+00:00,2018-05-07T04:00:00+00:00,12,evaluated,0.0,evaluated,-0.0009552837442944329,evaluated,-0.025553248004207663
momentum_in_trend_context,1,6589cb8021b76574,GLD,bearish,"fast_below_slow,momentum_depressed,momentum_confirms_trend",107,2018-05-08T04:00:00+00:00,2018-05-09T04:00:00+00:00,2,evaluated,-0.0009642034562475921,evaluated,-0.01582959935409156,evaluated,-0.0122940845063515
momentum_in_trend_context,1,6589cb8021b76574,GLD,neutral,momentum_midrange,108,2018-05-10T04:00:00+00:00,2018-05-11T04:00:00+00:00,2,evaluated,-0.004539298369112821,evaluated,-0.025563423526909212,evaluated,-0.020387015726808788
momentum_in_trend_context,1,6589cb8021b76574,GLD,bearish,"fast_below_slow,momentum_depressed,momentum_confirms_trend",109,2018-05-14T04:00:00+00:00,2018-05-23T04:00:00+00:00,8,evaluated,-0.002768248971954268,evaluated,-0.002768248971954268,evaluated,0.0
momentum_in_trend_context,1,6589cb8021b76574,GLD,neutral,momentum_midrange,110,2018-05-24T04:00:00+00:00,2018-05-24T04:00:00+00:00,1,evaluated,-0.00363904709938645,evaluated,-0.009461473101171736,evaluated,-0.026847866940796772
momentum_in_trend_context,1,6589cb8021b76574,GLD,bearish,"fast_below_slow,momentum_depressed,momentum_confirms_trend",111,2018-05-25T04:00:00+00:00,2018-06-08T04:00:00+00:00,10,evaluated,0.0028492845485998952,evaluated,-0.003826063214914188,evaluated,-0.02401495470683468
momentum_in_trend_context,1,6589cb8021b76574,GLD,neutral,momentum_midrange,112,2018-06-11T04:00:00+00:00,2018-06-11T04:00:00+00:00,1,evaluated,-0.0010573180694969375,evaluated,-0.014965403688990797,evaluated,-0.03269619148310099
momentum_in_trend_context,1,6589cb8021b76574,GLD,bearish,"fast_below_slow,momentum_depressed,momentum_confirms_trend",113,2018-06-12T04:00:00+00:00,2018-06-12T04:00:00+00:00,1,evaluated,0.0028492845485998952,evaluated,-0.016606914253900595,evaluated,-0.04233146453325176
momentum_in_trend_context,1,6589cb8021b76574,GLD,neutral,momentum_midrange,114,2018-06-13T04:00:00+00:00,2018-06-14T04:00:00+00:00,2,evaluated,-0.002022162950368278,evaluated,-0.027258717075594907,evaluated,-0.04448758490810323
momentum_in_trend_context,1,6589cb8021b76574,GLD,bearish,"fast_below_slow,momentum_depressed,momentum_confirms_trend",115,2018-06-15T04:00:00+00:00,2018-08-23T04:00:00+00:00,49,evaluated,-0.0019777327300148917,evaluated,-0.008323050259006481,evaluated,-0.031314342564031095
momentum_in_trend_context,1,6589cb8021b76574,GLD,neutral,momentum_midrange,116,2018-08-24T04:00:00+00:00,2018-08-31T04:00:00+00:00,6,evaluated,0.004118415527488928,evaluated,-0.00534525583307377,evaluated,-0.005695772084078121
momentum_in_trend_context,1,6589cb8021b76574,GLD,bearish,"fast_below_slow,momentum_depressed,momentum_confirms_trend",117,2018-09-04T04:00:00+00:00,2018-09-04T04:00:00+00:00,1,evaluated,-0.0003528662254055348,evaluated,-0.00123499813774397,evaluated,0.004498960245981953
momentum_in_trend_context,1,6589cb8021b76574,GLD,neutral,momentum_midrange,118,2018-09-05T04:00:00+00:00,2018-09-06T04:00:00+00:00,2,evaluated,-0.0030731273684851956,evaluated,0.0024585018947882453,evaluated,-0.004126799747316889
momentum_in_trend_context,1,6589cb8021b76574,GLD,bearish,"fast_below_slow,momentum_depressed,momentum_confirms_trend",119,2018-09-07T04:00:00+00:00,2018-09-11T04:00:00+00:00,3,evaluated,-0.000971222040233144,evaluated,-0.002119066648748391,evaluated,0.004767798917024724
momentum_in_trend_context,1,6589cb8021b76574,GLD,neutral,momentum_midrange,120,2018-09-12T04:00:00+00:00,2018-09-13T04:00:00+00:00,2,evaluated,-0.008368192767238325,evaluated,-0.007322210236636262,evaluated,-0.016039086015570025
momentum_in_trend_context,1,6589cb8021b76574,GLD,bearish,"fast_below_slow,momentum_depressed,momentum_confirms_trend",121,2018-09-14T04:00:00+00:00,2018-09-14T04:00:00+00:00,1,evaluated,8.804697504238845e-05,evaluated,-0.000968315244974427,evaluated,0.014348634724531406
momentum_in_trend_context,1,6589cb8021b76574,GLD,neutral,momentum_midrange,122,2018-09-17T04:00:00+00:00,2018-09-25T04:00:00+00:00,7,evaluated,-0.00307582802799089,evaluated,-0.002812195203880652,evaluated,0.019421733603054214
momentum_in_trend_context,1,6589cb8021b76574,GLD,bearish,"fast_below_slow,momentum_depressed,momentum_confirms_trend",123,2018-09-26T04:00:00+00:00,2018-10-01T04:00:00+00:00,4,evaluated,-0.00044598950083685196,evaluated,0.011775198151576571,evaluated,0.04067801293539697
momentum_in_trend_context,1,6589cb8021b76574,GLD,neutral,momentum_midrange,124,2018-10-02T04:00:00+00:00,2018-10-05T04:00:00+00:00,4,evaluated,-0.003951915050342092,evaluated,-0.011153106541038182,evaluated,0.016949154813590495
momentum_in_trend_context,1,6589cb8021b76574,GLD,bearish,"fast_below_slow,momentum_depressed,momentum_confirms_trend",125,2018-10-08T04:00:00+00:00,2018-10-09T04:00:00+00:00,2,evaluated,0.002046771575308748,evaluated,0.032303970496506684,evaluated,0.035596688637810514
momentum_in_trend_context,1,6589cb8021b76574,GLD,neutral,momentum_midrange,126,2018-10-10T04:00:00+00:00,2018-10-11T04:00:00+00:00,2,evaluated,0.013835392935875213,evaluated,0.01392297731851766,evaluated,0.016024534850767935
momentum_in_trend_context,1,6589cb8021b76574,GLD,bullish,"fast_above_slow,momentum_elevated,momentum_confirms_trend",127,2018-10-12T04:00:00+00:00,2018-10-30T04:00:00+00:00,13,evaluated,-0.0010334373384740525,evaluated,-0.0009473011345997318,evaluated,-0.01412331511244913
momentum_in_trend_context,1,6589cb8021b76574,GLD,neutral,momentum_midrange,128,2018-10-31T04:00:00+00:00,2018-10-31T04:00:00+00:00,1,evaluated,0.0025788310637093748,evaluated,-0.0025788966477754416,evaluated,-0.0050718125848739914
momentum_in_trend_context,1,6589cb8021b76574,GLD,bullish,"fast_above_slow,momentum_elevated,momentum_confirms_trend",129,2018-11-01T04:00:00+00:00,2018-11-05T05:00:00+00:00,3,evaluated,0.0003430316037902337,evaluated,-0.00711775856882213,evaluated,-0.009175882764974719
momentum_in_trend_context,1,6589cb8021b76574,GLD,neutral,momentum_midrange,130,2018-11-06T05:00:00+00:00,2018-11-20T05:00:00+00:00,11,evaluated,-0.001978353283221823,evaluated,-0.02201965543565476,evaluated,0.007569217592021227
momentum_in_trend_context,1,6589cb8021b76574,GLD,bullish,"fast_above_slow,momentum_elevated,momentum_confirms_trend",131,2018-11-21T05:00:00+00:00,2018-11-21T05:00:00+00:00,1,evaluated,8.633817079739536e-05,evaluated,-0.00017280815559583829,evaluated,0.02557013674714015
momentum_in_trend_context,1,6589cb8021b76574,GLD,neutral,momentum_midrange,132,2018-11-23T05:00:00+00:00,2018-11-30T05:00:00+00:00,6,evaluated,-0.0017264930470026751,evaluated,-0.0025897395705040127,evaluated,0.036084257918856055
momentum_in_trend_context,1,6589cb8021b76574,GLD,bullish,"fast_above_slow,momentum_elevated,momentum_confirms_trend",133,2018-12-03T05:00:00+00:00,2019-01-17T05:00:00+00:00,31,evaluated,-0.0021300161382784566,evaluated,0.0014483953733250843,evaluated,0.04311150583781598
momentum_in_trend_context,1,6589cb8021b76574,GLD,neutral,momentum_midrange,134,2019-01-18T05:00:00+00:00,2019-01-18T05:00:00+00:00,1,evaluated,0.0022280627363133743,evaluated,0.017412119203150667,evaluated,0.04555204348213415
momentum_in_trend_context,1,6589cb8021b76574,GLD,bullish,"fast_above_slow,momentum_elevated,momentum_confirms_trend",135,2019-01-22T05:00:00+00:00,2019-01-23T05:00:00+00:00,2,evaluated,0.002645500142578028,evaluated,0.024966966727173245,evaluated,0.04563495630159542
momentum_in_trend_context,1,6589cb8021b76574,GLD,neutral,momentum_midrange,136,2019-01-24T05:00:00+00:00,2019-01-24T05:00:00+00:00,1,evaluated,0.006884150060603167,evaluated,0.02237340953974476,evaluated,0.028519943064031716
momentum_in_trend_context,1,6589cb8021b76574,GLD,bullish,"fast_above_slow,momentum_elevated,momentum_confirms_trend",137,2019-01-25T05:00:00+00:00,2019-02-26T05:00:00+00:00,22,evaluated,0.004399192794520168,evaluated,0.014256619144602745,evaluated,0.02134421789476204
momentum_in_trend_context,1,6589cb8021b76574,GLD,neutral,momentum_midrange,138,2019-02-27T05:00:00+00:00,2019-03-19T04:00:00+00:00,15,evaluated,-0.005773404105435254,evaluated,-0.0248576577409908,evaluated,-0.008499699834619956
momentum_in_trend_context,1,6589cb8021b76574,GLD,bullish,"fast_above_slow,momentum_elevated,momentum_confirms_trend",139,2019-03-20T04:00:00+00:00,2019-03-20T04:00:00+00:00,1,evaluated,-0.005467998567372012,evaluated,-0.005709223874139746,evaluated,-0.03280799140423185
momentum_in_trend_context,1,6589cb8021b76574,GLD,neutral,momentum_midrange,140,2019-03-21T04:00:00+00:00,2019-03-27T04:00:00+00:00,5,evaluated,0.000322770236656611,evaluated,-0.016380204747018734,evaluated,-0.028725873879022923
momentum_in_trend_context,1,6589cb8021b76574,GLD,bearish,"fast_below_slow,momentum_depressed,momentum_confirms_trend",141,2019-03-28T04:00:00+00:00,2019-04-05T04:00:00+00:00,7,evaluated,-0.005136963931452354,evaluated,-0.0043215817183183125,evaluated,-0.01035548474712078
momentum_in_trend_context,1,6589cb8021b76574,GLD,neutral,momentum_midrange,142,2019-04-08T04:00:00+00:00,2019-04-10T04:00:00+00:00,3,evaluated,-0.0008924274577732927,evaluated,-0.013467496619663288,evaluated,-0.016631535098401873
momentum_in_trend_context,1,6589cb8021b76574,GLD,bearish,"fast_below_slow,momentum_depressed,momentum_confirms_trend",143,2019-04-11T04:00:00+00:00,2019-04-25T04:00:00+00:00,10,evaluated,-0.0010659007411760735,evaluated,-0.01303703140231538,evaluated,-0.004345677134105164
momentum_in_trend_context,1,6589cb8021b76574,GLD,neutral,momentum_midrange,144,2019-04-26T04:00:00+00:00,2019-04-26T04:00:00+00:00,1,evaluated,-0.00041359549552655306,evaluated,-0.001902678133396174,evaluated,0.003474568231990549
momentum_in_trend_context,1,6589cb8021b76574,GLD,bearish,"fast_below_slow,momentum_depressed,momentum_confirms_trend",145,2019-04-29T04:00:00+00:00,2019-04-29T04:00:00+00:00,1,evaluated,0.002564294483901719,evaluated,-0.000661773773336094,evaluated,-0.000496298774891768
momentum_in_trend_context,1,6589cb8021b76574,GLD,neutral,momentum_midrange,146,2019-04-30T04:00:00+00:00,2019-04-30T04:00:00+00:00,1,evaluated,-0.0052052983538964925,evaluated,0.0014872371064302836,evaluated,-0.0013219535183719433
momentum_in_trend_context,1,6589cb8021b76574,GLD,bearish,"fast_below_slow,momentum_depressed,momentum_confirms_trend",147,2019-05-01T04:00:00+00:00,2019-05-03T04:00:00+00:00,3,evaluated,0.0020887291745388392,evaluated,0.010193008570622775,evaluated,0.01670983339631138
momentum_in_trend_context,1,6589cb8021b76574,GLD,neutral,momentum_midrange,148,2019-05-06T04:00:00+00:00,2019-05-16T04:00:00+00:00,9,evaluated,0.001570008648790866,evaluated,0.013634123051130098,evaluated,0.03412663193995491
momentum_in_trend_context,1,6589cb8021b76574,GLD,bearish,"fast_below_slow,momentum_depressed,momentum_confirms_trend",149,2019-05-17T04:00:00+00:00,2019-05-22T04:00:00+00:00,4,evaluated,0.0010787258411215639,evaluated,0.006555480055790541,evaluated,0.04953946655775798
momentum_in_trend_context,1,6589cb8021b76574,GLD,neutral,momentum_midrange,150,2019-05-23T04:00:00+00:00,2019-06-03T04:00:00+00:00,7,evaluated,0.0014034987385014297,evaluated,0.018162343164543016,evaluated,0.08957317526740827
momentum_in_trend_context,1,6589cb8021b76574,GLD,bullish,"fast_above_slow,momentum_elevated,momentum_confirms_trend",151,2019-06-04T04:00:00+00:00,2019-07-24T04:00:00+00:00,36,evaluated,-0.005626874962398665,evaluated,-0.007925186222708991,evaluated,0.05729912299451012
momentum_in_trend_context,1,6589cb8021b76574,GLD,neutral,momentum_midrange,152,2019-07-25T04:00:00+00:00,2019-07-25T04:00:00+00:00,1,evaluated,-0.004469651958902698,evaluated,0.016165063171543315,evaluated,0.05333721774679856
momentum_in_trend_context,1,6589cb8021b76574,GLD,bullish,"fast_above_slow,momentum_elevated,momentum_confirms_trend",153,2019-07-26T04:00:00+00:00,2019-07-30T04:00:00+00:00,3,evaluated,0.003505902053278165,evaluated,0.01365061811413848,evaluated,0.07541399966035933
momentum_in_trend_context,1,6589cb8021b76574,GLD,neutral,momentum_midrange,154,2019-07-31T04:00:00+00:00,2019-07-31T04:00:00+00:00,1,evaluated,0.030131441990155494,evaluated,0.0649449193659064,evaluated,0.09620907468152962
momentum_in_trend_context,1,6589cb8021b76574,GLD,bullish,"fast_above_slow,momentum_elevated,momentum_confirms_trend",155,2019-08-01T04:00:00+00:00,2019-09-04T04:00:00+00:00,24,evaluated,0.0036930349527590778,evaluated,0.04682765615238904,evaluated,0.06448035871847813
momentum_in_trend_context,1,6589cb8021b76574,GLD,neutral,momentum_midrange,156,2019-09-05T04:00:00+00:00,2019-09-19T04:00:00+00:00,11,evaluated,-0.011974388944665182,evaluated,-0.016151434665049758,evaluated,-0.01211365567082745
momentum_in_trend_context,1,6589cb8021b76574,GLD,bullish,"fast_above_slow,momentum_elevated,momentum_confirms_trend",157,2019-09-20T04:00:00+00:00,2019-09-24T04:00:00+00:00,3,evaluated,0.0037005919199801784,evaluated,-0.01508171794232005,evaluated,-0.019271013010136562
momentum_in_trend_context,1,6589cb8021b76574,GLD,neutral,momentum_midrange,158,2019-09-25T04:00:00+00:00,2019-10-10T04:00:00+00:00,12,evaluated,-0.002813201690732625,evaluated,-0.006540600032365451,evaluated,-0.011674545563028826
momentum_in_trend_context,1,6589cb8021b76574,GLD,bearish,"fast_below_slow,momentum_depressed,momentum_confirms_trend",159,2019-10-11T04:00:00+00:00,2019-10-11T04:00:00+00:00,1,evaluated,0.0009967916887889672,evaluated,7.126924772160592e-05,evaluated,-0.02178709594220496
momentum_in_trend_context,1,6589cb8021b76574,GLD,neutral,momentum_midrange,160,2019-10-14T04:00:00+00:00,2019-10-14T04:00:00+00:00,1,evaluated,-0.004705237342314317,evaluated,-0.0034220501298035666,evaluated,-0.022884484323762222
momentum_in_trend_context,1,6589cb8021b76574,GLD,bearish,"fast_below_slow,momentum_depressed,momentum_confirms_trend",161,2019-10-15T04:00:00+00:00,2019-10-15T04:00:00+00:00,1,evaluated,0.0019266752792699293,evaluated,0.000428125865955975,evaluated,-0.019337853044598785
momentum_in_trend_context,1,6589cb8021b76574,GLD,neutral,momentum_midrange,162,2019-10-16T04:00:00+00:00,2019-10-18T04:00:00+00:00,3,evaluated,0.0007829224936053425,evaluated,0.00021351444339412495,evaluated,-0.017935973469472843
momentum_in_trend_context,1,6589cb8021b76574,GLD,bearish,"fast_below_slow,momentum_depressed,momentum_confirms_trend",163,2019-10-21T04:00:00+00:00,2019-10-21T04:00:00+00:00,1,evaluated,0.0004994795046802114,evaluated,0.0036394383006155273,evaluated,-0.010775777585163016
momentum_in_trend_context,1,6589cb8021b76574,GLD,neutral,momentum_midrange,164,2019-10-22T04:00:00+00:00,2019-11-04T05:00:00+00:00,10,evaluated,-0.00042675553137905275,evaluated,-0.002418353700454512,evaluated,-0.013514431652149494
momentum_in_trend_context,1,6589cb8021b76574,GLD,bearish,"fast_below_slow,momentum_depressed,momentum_confirms_trend",165,2019-11-05T05:00:00+00:00,2019-11-05T05:00:00+00:00,1,evaluated,0.002355137329106416,evaluated,-0.01919784852373496,evaluated,-0.008564066443469298
momentum_in_trend_context,1,6589cb8021b76574,GLD,neutral,momentum_midrange,166,2019-11-06T05:00:00+00:00,2019-11-06T05:00:00+00:00,1,evaluated,-0.013132512524981599,evaluated,-0.015202375801396828,evaluated,-0.007922351049290843
momentum_in_trend_context,1,6589cb8021b76574,GLD,bearish,"fast_below_slow,momentum_depressed,momentum_confirms_trend",167,2019-11-07T05:00:00+00:00,2019-11-19T05:00:00+00:00,9,evaluated,-0.0024685714690880767,evaluated,0.006026296789383601,evaluated,-0.0007986685091398993
momentum_in_trend_context,1,6589cb8021b76574,GLD,neutral,momentum_midrange,168,2019-11-20T05:00:00+00:00,2019-11-20T05:00:00+00:00,1,evaluated,-0.002818118298782313,evaluated,-0.00997185409999879,evaluated,0.0071537358012165875
momentum_in_trend_context,1,6589cb8021b76574,GLD,bearish,"fast_below_slow,momentum_depressed,momentum_confirms_trend",169,2019-11-21T05:00:00+00:00,2019-12-02T05:00:00+00:00,7,evaluated,-0.004552935219011123,evaluated,-0.0036857304678229452,evaluated,0.008311116541555696
momentum_in_trend_context,1,6589cb8021b76574,GLD,neutral,momentum_midrange,170,2019-12-03T05:00:00+00:00,2019-12-05T05:00:00+00:00,3,evaluated,-0.0017246729437203623,evaluated,-0.008551325165926715,evaluated,0.03442076142627348
momentum_in_trend_context,1,6589cb8021b76574,GLD,bearish,"fast_below_slow,momentum_depressed,momentum_confirms_trend",171,2019-12-06T05:00:00+00:00,2019-12-09T05:00:00+00:00,2,evaluated,-0.001596525514012459,evaluated,0.009071117360792025,evaluated,0.07380259755963459
momentum_in_trend_context,1,6589cb8021b76574,GLD,neutral,momentum_midrange,172,2019-12-10T05:00:00+00:00,2019-12-27T05:00:00+00:00,13,evaluated,0.005209849758338159,evaluated,0.005861053375399994,evaluated,0.056657033313735505
momentum_in_trend_context,1,6589cb8021b76574,GLD,bullish,"fast_above_slow,momentum_elevated,momentum_confirms_trend",173,2019-12-30T05:00:00+00:00,2020-02-03T05:00:00+00:00,24,evaluated,-0.0028609564517070307,evaluated,0.03251694746700484,evaluated,0.0359361471147035
momentum_in_trend_context,1,6589cb8021b76574,GLD,neutral,momentum_midrange,174,2020-02-04T05:00:00+00:00,2020-02-05T05:00:00+00:00,2,evaluated,0.0015712236635270216,evaluated,0.008744355353189182,evaluated,0.05314932722898402
momentum_in_trend_context,1,6589cb8021b76574,GLD,bullish,"fast_above_slow,momentum_elevated,momentum_confirms_trend",175,2020-02-06T05:00:00+00:00,2020-02-27T05:00:00+00:00,15,evaluated,-0.0002706388718549668,evaluated,0.0037205103493562763,evaluated,0.06575120814658098
momentum_in_trend_context,1,6589cb8021b76574,GLD,neutral,momentum_midrange,176,2020-02-28T05:00:00+00:00,2020-03-02T05:00:00+00:00,2,evaluated,-0.0053333536783853885,evaluated,0.05033335367838543,evaluated,0.014999999999999902
momentum_in_trend_context,1,6589cb8021b76574,GLD,bullish,"fast_above_slow,momentum_elevated,momentum_confirms_trend",177,2020-03-03T05:00:00+00:00,2020-03-10T04:00:00+00:00,6,evaluated,-0.0015543409576550538,evaluated,0.0005181465946710873,evaluated,-0.041126885335136976
momentum_in_trend_context,1,6589cb8021b76574,GLD,neutral,momentum_midrange,178,2020-03-11T04:00:00+00:00,2020-03-23T04:00:00+00:00,9,evaluated,-0.02468161765520349,evaluated,-0.07147100850194399,evaluated,0.020589950124211054
momentum_in_trend_context,1,6589cb8021b76574,GLD,bullish,"fast_above_slow,momentum_elevated,momentum_confirms_trend",179,2020-03-24T04:00:00+00:00,2020-03-24T04:00:00+00:00,1,evaluated,-0.008389033713043004,evaluated,-0.029689334938616363,evaluated,0.05996850037146917
momentum_in_trend_context,1,6589cb8021b76574,GLD,neutral,momentum_midrange,180,2020-03-25T04:00:00+00:00,2020-03-25T04:00:00+00:00,1,evaluated,-0.0004565394725998262,evaluated,-0.025177748821477275,evaluated,0.06542299223156345
momentum_in_trend_context,1,6589cb8021b76574,GLD,bullish,"fast_above_slow,momentum_elevated,momentum_confirms_trend",181,2020-03-26T04:00:00+00:00,2020-03-30T04:00:00+00:00,3,evaluated,-0.004901960784313708,evaluated,-0.007189582375919157,evaluated,0.06300653195848649
momentum_in_trend_context,1,6589cb8021b76574,GLD,neutral,momentum_midrange,182,2020-03-31T04:00:00+00:00,2020-04-13T04:00:00+00:00,9,evaluated,0.008434548081917681,evaluated,0.05290146085919756,evaluated,0.09129554020181341
momentum_in_trend_context,1,6589cb8021b76574,GLD,bullish,"fast_above_slow,momentum_elevated,momentum_confirms_trend",183,2020-04-14T04:00:00+00:00,2020-04-29T04:00:00+00:00,12,evaluated,0.00030904234125261887,evaluated,-0.01971571311025133,evaluated,-0.010877686850611412
momentum_in_trend_context,1,6589cb8021b76574,GLD,neutral,momentum_midrange,184,2020-04-30T04:00:00+00:00,2020-05-01T04:00:00+00:00,2,evaluated,0.011265815058840944,evaluated,0.021455692339547028,evaluated,0.031075972544996056
momentum_in_trend_context,1,6589cb8021b76574,GLD,bullish,"fast_above_slow,momentum_elevated,momentum_confirms_trend",185,2020-05-04T04:00:00+00:00,2020-05-05T04:00:00+00:00,2,evaluated,0.005369634057738271,evaluated,-0.004620413812709834,evaluated,0.0152347801299626
momentum_in_trend_context,1,6589cb8021b76574,GLD,neutral,momentum_midrange,186,2020-05-06T04:00:00+00:00,2020-05-06T04:00:00+00:00,1,evaluated,0.011849525953908646,evaluated,0.013040763831063895,evaluated,0.011159866954839393
momentum_in_trend_context,1,6589cb8021b76574,GLD,bullish,"fast_above_slow,momentum_elevated,momentum_confirms_trend",187,2020-05-07T04:00:00+00:00,2020-05-07T04:00:00+00:00,1,evaluated,-0.004097365623335403,evaluated,0.011981578432097795,evaluated,-0.01905889799677718
momentum_in_trend_context,1,6589cb8021b76574,GLD,neutral,momentum_midrange,188,2020-05-08T04:00:00+00:00,2020-05-12T04:00:00+00:00,3,evaluated,-0.005737795871010087,evaluated,0.022389899088717025,evaluated,-0.0038667527213918085
momentum_in_trend_context,1,6589cb8021b76574,GLD,bullish,"fast_above_slow,momentum_elevated,momentum_confirms_trend",189,2020-05-13T04:00:00+00:00,2020-05-20T04:00:00+00:00,6,evaluated,0.009162358315629282,evaluated,0.01931526738541267,evaluated,0.005324092223430332
momentum_in_trend_context,1,6589cb8021b76574,GLD,neutral,momentum_midrange,190,2020-05-21T04:00:00+00:00,2020-05-21T04:00:00+00:00,1,evaluated,0.0020260426151885724,evaluated,0.00018417717581997728,evaluated,0.007060374889549914
momentum_in_trend_context,1,6589cb8021b76574,GLD,bullish,"fast_above_slow,momentum_elevated,momentum_confirms_trend",191,2020-05-22T04:00:00+00:00,2020-05-22T04:00:00+00:00,1,evaluated,-0.01039489741894839,evaluated,0.006642894691174739,evaluated,0.015438519366263836
momentum_in_trend_context,1,6589cb8021b76574,GLD,neutral,momentum_midrange,192,2020-05-26T04:00:00+00:00,2020-05-28T04:00:00+00:00,3,evaluated,0.011039985742383296,evaluated,0.019947358995703324,evaluated,0.044285520258957156
momentum_in_trend_context,1,6589cb8021b76574,GLD,bullish,"fast_above_slow,momentum_elevated,momentum_confirms_trend",193,2020-05-29T04:00:00+00:00,2020-06-01T04:00:00+00:00,2,evaluated,0.00454214032335476,evaluated,-0.03013751360970296,evaluated,0.022219464509406706
momentum_in_trend_context,1,6589cb8021b76574,GLD,neutral,momentum_midrange,194,2020-06-02T04:00:00+00:00,2020-06-09T04:00:00+00:00,6,evaluated,-0.004615131915156057,evaluated,0.005737795871010087,evaluated,0.04384432418522888
momentum_in_trend_context,1,6589cb8021b76574,GLD,bullish,"fast_above_slow,momentum_elevated,momentum_confirms_trend",195,2020-06-10T04:00:00+00:00,2020-06-10T04:00:00+00:00,1,evaluated,-0.005876992213020293,evaluated,-0.004836293329681607,evaluated,0.038445047717458936
momentum_in_trend_context,1,6589cb8021b76574,GLD,neutral,momentum_midrange,196,2020-06-11T04:00:00+00:00,2020-06-18T04:00:00+00:00,6,evaluated,-0.00483451763794962,evaluated,-0.007159893168869669,evaluated,0.03537114405338637
momentum_in_trend_context,1,6589cb8021b76574,GLD,bullish,"fast_above_slow,momentum_elevated,momentum_confirms_trend",197,2020-06-19T04:00:00+00:00,2020-08-10T04:00:00+00:00,36,evaluated,0.0001817446973257919,evaluated,0.008966410695684601,evaluated,0.03562343977816429
momentum_in_trend_context,1,6589cb8021b76574,GLD,neutral,momentum_midrange,198,2020-08-11T04:00:00+00:00,2020-08-12T04:00:00+00:00,2,evaluated,-0.01922126113084832,evaluated,0.03050211952692994,evaluated,0.0024095199602189865
momentum_in_trend_context,1,6589cb8021b76574,GLD,bullish,"fast_above_slow,momentum_elevated,momentum_confirms_trend",199,2020-08-13T04:00:00+00:00,2020-08-13T04:00:00+00:00,1,evaluated,-0.004906286215085043,evaluated,0.0003270691114001245,evaluated,-0.00539688988218523
momentum_in_trend_context,1,6589cb8021b76574,GLD,neutral,momentum_midrange,200,2020-08-14T04:00:00+00:00,2020-08-14T04:00:00+00:00,1,evaluated,0.009800192401686614,evaluated,-0.014402531955963749,evaluated,-0.004331599118428842
momentum_in_trend_context,1,6589cb8021b76574,GLD,bullish,"fast_above_slow,momentum_elevated,momentum_confirms_trend",201,2020-08-17T04:00:00+00:00,2020-08-18T04:00:00+00:00,2,evaluated,-0.005285971237528386,evaluated,-0.04323920600737208,evaluated,-0.03028859260693173
momentum_in_trend_context,1,6589cb8021b76574,GLD,neutral,momentum_midrange,202,2020-08-19T04:00:00+00:00,2020-08-28T04:00:00+00:00,8,evaluated,0.012749034314631924,evaluated,0.011976368120239167,evaluated,0.009768774483202014
momentum_in_trend_context,1,6589cb8021b76574,GLD,bullish,"fast_above_slow,momentum_elevated,momentum_confirms_trend",203,2020-08-31T04:00:00+00:00,2020-09-01T04:00:00+00:00,2,evaluated,-0.010374899109124702,evaluated,-0.03048297791102872,evaluated,-0.047061355116541304
momentum_in_trend_context,1,6589cb8021b76574,GLD,neutral,momentum_midrange,204,2020-09-02T04:00:00+00:00,2020-09-23T04:00:00+00:00,15,evaluated,-0.00636315766698059,evaluated,0.0008776942371413465,evaluated,-0.019747701828032982
momentum_in_trend_context,1,6589cb8021b76574,GLD,bearish,"fast_below_slow,momentum_depressed,momentum_confirms_trend",205,2020-09-24T04:00:00+00:00,2020-09-30T04:00:00+00:00,5,evaluated,0.0030388095187685593,evaluated,0.024597174451323145,evaluated,0.02534257253676997
momentum_in_trend_context,1,6589cb8021b76574,GLD,neutral,momentum_midrange,206,2020-10-01T04:00:00+00:00,2020-10-05T04:00:00+00:00,3,evaluated,-0.0008394938341479419,evaluated,-0.004700858058167334,evaluated,-0.018411822149930868
momentum_in_trend_context,1,6589cb8021b76574,GLD,bearish,"fast_below_slow,momentum_depressed,momentum_confirms_trend",207,2020-10-06T04:00:00+00:00,2020-10-07T04:00:00+00:00,2,evaluated,0.0007341175984014736,evaluated,0.0035575407749766086,evaluated,0.010333739165949263
momentum_in_trend_context,1,6589cb8021b76574,GLD,neutral,momentum_midrange,208,2020-10-08T04:00:00+00:00,2020-10-27T04:00:00+00:00,14,evaluated,0.005273951715374814,evaluated,-0.006717407878017778,evaluated,0.015544260906395602
momentum_in_trend_context,1,6589cb8021b76574,GLD,bearish,"fast_below_slow,momentum_depressed,momentum_confirms_trend",209,2020-10-28T04:00:00+00:00,2020-10-30T04:00:00+00:00,3,evaluated,0.0021711210990025265,evaluated,0.02171182127182547,evaluated,-0.031482171358237054
momentum_in_trend_context,1,6589cb8021b76574,GLD,neutral,momentum_midrange,210,2020-11-02T05:00:00+00:00,2020-11-06T05:00:00+00:00,5,evaluated,-0.00016763777484474218,evaluated,-0.02162612563948141,evaluated,-0.04900812753295258
momentum_in_trend_context,1,6589cb8021b76574,GLD,bearish,"fast_below_slow,momentum_depressed,momentum_confirms_trend",211,2020-11-09T05:00:00+00:00,2020-11-12T05:00:00+00:00,4,evaluated,-0.006166881685378378,evaluated,0.00226304891928919,evaluated,-0.007072135785007094
momentum_in_trend_context,1,6589cb8021b76574,GLD,neutral,momentum_midrange,212,2020-11-13T05:00:00+00:00,2020-11-17T05:00:00+00:00,3,evaluated,-0.00045140119044906335,evaluated,-0.008689236152215951,evaluated,-0.03210518861690692
momentum_in_trend_context,1,6589cb8021b76574,GLD,bearish,"fast_below_slow,momentum_depressed,momentum_confirms_trend",213,2020-11-18T05:00:00+00:00,2020-12-02T05:00:00+00:00,10,evaluated,0.004934025216833726,evaluated,-0.027481402530437737,evaluated,0.01399886631488867
momentum_in_trend_context,1,6589cb8021b76574,GLD,neutral,momentum_midrange,214,2020-12-03T05:00:00+00:00,2020-12-11T05:00:00+00:00,7,evaluated,-0.002662295742146048,evaluated,-0.0035305047728976247,evaluated,0.05527261904867031
momentum_in_trend_context,1,6589cb8021b76574,GLD,bearish,"fast_below_slow,momentum_depressed,momentum_confirms_trend",215,2020-12-14T05:00:00+00:00,2020-12-14T05:00:00+00:00,1,evaluated,0.0029407241374819204,evaluated,0.014126807994574664,evaluated,-0.0003459468438421487
momentum_in_trend_context,1,6589cb8021b76574,GLD,neutral,momentum_midrange,216,2020-12-15T05:00:00+00:00,2021-01-04T05:00:00+00:00,13,evaluated,0.004421920358815168,evaluated,0.002067424339612378,evaluated,-0.004881445355082059
momentum_in_trend_context,1,6589cb8021b76574,GLD,bullish,"fast_above_slow,momentum_elevated,momentum_confirms_trend",217,2021-01-05T05:00:00+00:00,2021-01-07T05:00:00+00:00,3,evaluated,-0.008760876899855385,evaluated,-0.04060835391982043,evaluated,-0.05311586918218225
momentum_in_trend_context,1,6589cb8021b76574,GLD,neutral,"fast_above_slow,momentum_depressed,momentum_contradicts_trend",218,2021-01-08T05:00:00+00:00,2021-02-02T05:00:00+00:00,17,evaluated,0.004995937105849002,evaluated,-0.005867285409649425,evaluated,-0.0036016911780283323
momentum_in_trend_context,1,6589cb8021b76574,GLD,bearish,"fast_below_slow,momentum_depressed,momentum_confirms_trend",219,2021-02-03T05:00:00+00:00,2021-02-05T05:00:00+00:00,3,evaluated,-0.0008318937265058279,evaluated,0.026264267657431617,evaluated,-0.05496464655668987
momentum_in_trend_context,1,6589cb8021b76574,GLD,neutral,momentum_midrange,220,2021-02-08T05:00:00+00:00,2021-02-10T05:00:00+00:00,3,evaluated,-0.0028394591897041854,evaluated,-0.025091276857395206,evaluated,-0.06797247776834225
momentum_in_trend_context,1,6589cb8021b76574,GLD,bearish,"fast_below_slow,momentum_depressed,momentum_confirms_trend",221,2021-02-11T05:00:00+00:00,2021-02-19T05:00:00+00:00,6,evaluated,0.002348988026567911,evaluated,-0.019261253794200295,evaluated,-0.05167648211825582
momentum_in_trend_context,1,6589cb8021b76574,GLD,neutral,momentum_midrange,222,2021-02-22T05:00:00+00:00,2021-02-22T05:00:00+00:00,1,evaluated,-0.00212414809668926,evaluated,-0.04690817293282701,evaluated,-0.03823457570742739
momentum_in_trend_context,1,6589cb8021b76574,GLD,bearish,"fast_below_slow,momentum_depressed,momentum_confirms_trend",223,2021-02-23T05:00:00+00:00,2021-03-16T04:00:00+00:00,16,evaluated,0.008052527006646937,evaluated,-0.03125553489498145,evaluated,-0.034834456012545645
momentum_in_trend_context,1,6589cb8021b76574,GLD,neutral,momentum_midrange,224,2021-03-17T04:00:00+00:00,2021-03-17T04:00:00+00:00,1,evaluated,0.008749635218820329,evaluated,0.007570594271860687,evaluated,0.026062751263454365
momentum_in_trend_context,1,6589cb8021b76574,GLD,bearish,"fast_below_slow,momentum_depressed,momentum_confirms_trend",225,2021-03-18T04:00:00+00:00,2021-03-18T04:00:00+00:00,1,evaluated,0.004183119739068708,evaluated,-0.004798220909272177,evaluated,0.023314521418812184
momentum_in_trend_context,1,6589cb8021b76574,GLD,neutral,momentum_midrange,226,2021-03-19T04:00:00+00:00,2021-03-22T04:00:00+00:00,2,evaluated,0.00449864859998006,evaluated,-0.00018486952922303068,evaluated,0.02230846750400839
momentum_in_trend_context,1,6589cb8021b76574,GLD,bearish,"fast_below_slow,momentum_depressed,momentum_confirms_trend",227,2021-03-23T04:00:00+00:00,2021-03-31T04:00:00+00:00,7,evaluated,0.0009863041532482963,evaluated,-0.02860488994266075,evaluated,0.03649588757731803
momentum_in_trend_context,1,6589cb8021b76574,GLD,neutral,momentum_midrange,228,2021-04-01T04:00:00+00:00,2021-04-23T04:00:00+00:00,16,evaluated,0.002476435648241182,evaluated,0.010834571283492522,evaluated,0.02563149628614947
momentum_in_trend_context,1,6589cb8021b76574,GLD,bullish,"fast_above_slow,momentum_elevated,momentum_confirms_trend",229,2021-04-26T04:00:00+00:00,2021-04-29T04:00:00+00:00,4,evaluated,-0.0029954469535395933,evaluated,0.00533189192074901,evaluated,0.05649417707892557
momentum_in_trend_context,1,6589cb8021b76574,GLD,neutral,momentum_midrange,230,2021-04-30T04:00:00+00:00,2021-04-30T04:00:00+00:00,1,evaluated,0.0011932280145212637,evaluated,0.023745574327581398,evaluated,0.06425633454592194
momentum_in_trend_context,1,6589cb8021b76574,GLD,bullish,"fast_above_slow,momentum_elevated,momentum_confirms_trend",231,2021-05-03T04:00:00+00:00,2021-05-03T04:00:00+00:00,1,evaluated,-0.006619360690506393,evaluated,0.02635814958908922,evaluated,0.06088610714073828
momentum_in_trend_context,1,6589cb8021b76574,GLD,neutral,momentum_midrange,232,2021-05-04T04:00:00+00:00,2021-05-04T04:00:00+00:00,1,evaluated,0.0038408412104322665,evaluated,0.033067240865239045,evaluated,0.07285602252839318
momentum_in_trend_context,1,6589cb8021b76574,GLD,bullish,"fast_above_slow,momentum_elevated,momentum_confirms_trend",233,2021-05-05T04:00:00+00:00,2021-06-10T04:00:00+00:00,26,evaluated,0.012563266738264911,evaluated,0.014766274323323447,evaluated,0.04358444452055932
momentum_in_trend_context,1,6589cb8021b76574,GLD,neutral,momentum_midrange,234,2021-06-11T04:00:00+00:00,2021-06-29T04:00:00+00:00,13,evaluated,0.008951276385870122,evaluated,-0.04752835996924276,evaluated,-0.02402404466464947
momentum_in_trend_context,1,6589cb8021b76574,GLD,bearish,"fast_below_slow,momentum_depressed,momentum_confirms_trend",235,2021-06-30T04:00:00+00:00,2021-07-02T04:00:00+00:00,3,evaluated,-0.0027002518135206266,evaluated,0.012001200559553116,evaluated,0.027122738901920185
momentum_in_trend_context,1,6589cb8021b76574,GLD,neutral,momentum_midrange,236,2021-07-06T04:00:00+00:00,2021-07-23T04:00:00+00:00,14,evaluated,0.00023703938977859274,evaluated,0.00296348978415395,evaluated,0.004563799590385775
momentum_in_trend_context,1,6589cb8021b76574,GLD,bearish,"fast_below_slow,momentum_depressed,momentum_confirms_trend",237,2021-07-26T04:00:00+00:00,2021-07-26T04:00:00+00:00,1,evaluated,-0.001718682471853361,evaluated,0.005215462010877525,evaluated,0.0
momentum_in_trend_context,1,6589cb8021b76574,GLD,neutral,momentum_midrange,238,2021-07-27T04:00:00+00:00,2021-08-05T04:00:00+00:00,8,evaluated,0.006121471608957041,evaluated,0.0073101808301685445,evaluated,0.002317837884111995
momentum_in_trend_context,1,6589cb8021b76574,GLD,bearish,"fast_below_slow,momentum_depressed,momentum_confirms_trend",239,2021-08-06T04:00:00+00:00,2021-08-12T04:00:00+00:00,5,evaluated,-0.007913584010817876,evaluated,0.020734954890577306,evaluated,0.0493834937919726
momentum_in_trend_context,1,6589cb8021b76574,GLD,neutral,momentum_midrange,240,2021-08-13T04:00:00+00:00,2021-09-21T04:00:00+00:00,27,evaluated,0.0029389162461492813,evaluated,-0.0001799243091561431,evaluated,0.006057756801454595
momentum_in_trend_context,1,6589cb8021b76574,GLD,bearish,"fast_below_slow,momentum_depressed,momentum_confirms_trend",241,2021-09-22T04:00:00+00:00,2021-09-29T04:00:00+00:00,6,evaluated,-0.0035954392122783396,evaluated,-0.016940881632528604,evaluated,0.017062691583341616
momentum_in_trend_context,1,6589cb8021b76574,GLD,neutral,momentum_midrange,242,2021-09-30T04:00:00+00:00,2021-10-08T04:00:00+00:00,7,evaluated,0.001947964065910357,evaluated,-0.0006696329670090595,evaluated,0.02319350739331827
momentum_in_trend_context,1,6589cb8021b76574,GLD,bearish,"fast_below_slow,momentum_depressed,momentum_confirms_trend",243,2021-10-11T04:00:00+00:00,2021-10-11T04:00:00+00:00,1,evaluated,0.0005468574702880424,evaluated,0.0021266988463883862,evaluated,0.03572941217921488
momentum_in_trend_context,1,6589cb8021b76574,GLD,neutral,momentum_midrange,244,2021-10-12T04:00:00+00:00,2021-11-04T04:00:00+00:00,18,evaluated,0.013976268003718761,evaluated,0.0010285465283208506,evaluated,0.0363625033350905
momentum_in_trend_context,1,6589cb8021b76574,GLD,bullish,"fast_above_slow,momentum_elevated,momentum_confirms_trend",245,2021-11-05T04:00:00+00:00,2021-11-19T05:00:00+00:00,11,evaluated,0.00011737530552502484,evaluated,0.023587422667490365,evaluated,-0.024702174711038305
momentum_in_trend_context,1,6589cb8021b76574,GLD,neutral,momentum_midrange,246,2021-11-22T05:00:00+00:00,2021-12-14T05:00:00+00:00,16,evaluated,0.0,evaluated,-0.010640834482820272,evaluated,-0.0015542474218867008
momentum_in_trend_context,1,6589cb8021b76574,GLD,bearish,"fast_below_slow,momentum_depressed,momentum_confirms_trend",247,2021-12-15T05:00:00+00:00,2021-12-15T05:00:00+00:00,1,evaluated,0.006885870265844307,evaluated,0.00946052262153696,evaluated,0.01886120147824144
momentum_in_trend_context,1,6589cb8021b76574,GLD,neutral,momentum_midrange,248,2021-12-16T05:00:00+00:00,2022-01-18T05:00:00+00:00,22,evaluated,-0.005511721088898636,evaluated,0.0014224233938322506,evaluated,0.005571045251042017
momentum_in_trend_context,1,6589cb8021b76574,GLD,bullish,"fast_above_slow,momentum_elevated,momentum_confirms_trend",249,2022-01-19T05:00:00+00:00,2022-01-25T05:00:00+00:00,5,evaluated,-0.003830327151417512,evaluated,-0.014624829134502249,evaluated,0.014798926863722306
momentum_in_trend_context,1,6589cb8021b76574,GLD,neutral,momentum_midrange,250,2022-01-26T05:00:00+00:00,2022-02-07T05:00:00+00:00,9,evaluated,-0.0024996914549784144,evaluated,0.0048803240362973455,evaluated,0.054279222028815965
momentum_in_trend_context,1,6589cb8021b76574,GLD,bullish,"fast_above_slow,momentum_elevated,momentum_confirms_trend",251,2022-02-08T05:00:00+00:00,2022-02-09T05:00:00+00:00,2,evaluated,0.003105308535445772,evaluated,0.014061455696406266,evaluated,0.08870409712986715
momentum_in_trend_context,1,6589cb8021b76574,GLD,neutral,momentum_midrange,252,2022-02-10T05:00:00+00:00,2022-02-10T05:00:00+00:00,1,evaluated,0.01792092274432644,evaluated,0.038067349926793614,evaluated,0.08398240900668008
momentum_in_trend_context,1,6589cb8021b76574,GLD,bullish,"fast_above_slow,momentum_elevated,momentum_confirms_trend",253,2022-02-11T05:00:00+00:00,2022-03-14T04:00:00+00:00,21,evaluated,0.005524264706011417,evaluated,0.019219682134607785,evaluated,0.04902753097197032
momentum_in_trend_context,1,6589cb8021b76574,GLD,neutral,momentum_midrange,254,2022-03-15T04:00:00+00:00,2022-03-23T04:00:00+00:00,7,evaluated,0.004912575224899518,evaluated,0.0012839598128160379,evaluated,0.025902971379272444
momentum_in_trend_context,1,6589cb8021b76574,GLD,bullish,"fast_above_slow,momentum_elevated,momentum_confirms_trend",255,2022-03-24T04:00:00+00:00,2022-03-25T04:00:00+00:00,2,evaluated,0.0031351814084648044,evaluated,-0.006380307341104952,evaluated,-0.008360399828788667
momentum_in_trend_context,1,6589cb8021b76574,GLD,neutral,momentum_midrange,256,2022-03-28T04:00:00+00:00,2022-04-08T04:00:00+00:00,10,evaluated,0.011976020031750245,evaluated,0.018924363144689593,evaluated,0.0016947409587453333
momentum_in_trend_context,1,6589cb8021b76574,GLD,bullish,"fast_above_slow,momentum_elevated,momentum_confirms_trend",257,2022-04-11T04:00:00+00:00,2022-04-18T04:00:00+00:00,5,evaluated,-0.0014670127337600425,evaluated,-0.01206251925070756,evaluated,-0.06857202552472819
momentum_in_trend_context,1,6589cb8021b76574,GLD,neutral,momentum_midrange,258,2022-04-19T04:00:00+00:00,2022-04-27T04:00:00+00:00,7,evaluated,0.006167797778312112,evaluated,-0.023514450684422927,evaluated,-0.06751470209858557
momentum_in_trend_context,1,6589cb8021b76574,GLD,bearish,"fast_below_slow,momentum_depressed,momentum_confirms_trend",259,2022-04-28T04:00:00+00:00,2022-05-20T04:00:00+00:00,17,evaluated,-0.0065143124299271715,evaluated,-0.016510374125235372,evaluated,-0.02981980456548572
momentum_in_trend_context,1,6589cb8021b76574,GLD,neutral,momentum_midrange,260,2022-05-23T04:00:00+00:00,2022-05-27T04:00:00+00:00,5,evaluated,0.00380471353816203,evaluated,-0.013431727760757073,evaluated,-0.01245174178191899
momentum_in_trend_context,1,6589cb8021b76574,GLD,bearish,"fast_below_slow,momentum_depressed,momentum_confirms_trend",261,2022-05-31T04:00:00+00:00,2022-05-31T04:00:00+00:00,1,evaluated,0.00011607347362274645,evaluated,0.004238985535561568,evaluated,-0.015794675771788946
momentum_in_trend_context,1,6589cb8021b76574,GLD,neutral,momentum_midrange,262,2022-06-01T04:00:00+00:00,2022-06-03T04:00:00+00:00,3,evaluated,0.003973295098788521,evaluated,-0.005067401037977204,evaluated,-0.029943549686661464
momentum_in_trend_context,1,6589cb8021b76574,GLD,bearish,"fast_below_slow,momentum_depressed,momentum_confirms_trend",263,2022-06-06T04:00:00+00:00,2022-06-06T04:00:00+00:00,1,evaluated,0.004822507861897973,evaluated,-0.012666364109228834,evaluated,-0.05792807614517825
momentum_in_trend_context,1,6589cb8021b76574,GLD,neutral,momentum_midrange,264,2022-06-07T04:00:00+00:00,2022-06-10T04:00:00+00:00,4,evaluated,-0.0006362462302035299,evaluated,-0.024986940139282265,evaluated,-0.06165772282805404
momentum_in_trend_context,1,6589cb8021b76574,GLD,bearish,"fast_below_slow,momentum_depressed,momentum_confirms_trend",265,2022-06-13T04:00:00+00:00,2022-06-15T04:00:00+00:00,3,evaluated,-0.006131674325749237,evaluated,0.006013821524617713,evaluated,-0.0472259564766907
momentum_in_trend_context,1,6589cb8021b76574,GLD,neutral,momentum_midrange,266,2022-06-16T04:00:00+00:00,2022-06-22T04:00:00+00:00,4,evaluated,-0.005111760994616077,evaluated,-0.011966294694337631,evaluated,-0.075457395846241
momentum_in_trend_context,1,6589cb8021b76574,GLD,bearish,"fast_below_slow,momentum_depressed,momentum_confirms_trend",267,2022-06-23T04:00:00+00:00,2022-07-27T04:00:00+00:00,24,evaluated,-0.0008811627727506322,evaluated,-0.01045581955980579,evaluated,-0.056214796848106485
momentum_in_trend_context,1,6589cb8021b76574,GLD,neutral,momentum_midrange,268,2022-07-28T04:00:00+00:00,2022-08-18T04:00:00+00:00,16,evaluated,0.0012813882155671141,evaluated,0.020013416264031303,evaluated,-0.0008542277757631611
momentum_in_trend_context,1,6589cb8021b76574,GLD,bearish,"fast_below_slow,momentum_depressed,momentum_confirms_trend",269,2022-08-19T04:00:00+00:00,2022-08-23T04:00:00+00:00,3,evaluated,-0.00012374286779526233,evaluated,0.0006185255626713904,evaluated,-0.035259166269449804
momentum_in_trend_context,1,6589cb8021b76574,GLD,neutral,momentum_midrange,270,2022-08-24T04:00:00+00:00,2022-09-02T04:00:00+00:00,8,evaluated,-0.0013417162838647023,evaluated,-0.028663761134672505,evaluated,-0.050436081056860704
momentum_in_trend_context,1,6589cb8021b76574,GLD,bearish,"fast_below_slow,momentum_depressed,momentum_confirms_trend",271,2022-09-06T04:00:00+00:00,2022-09-09T04:00:00+00:00,4,evaluated,0.011318423104673014,evaluated,0.0024660095143835825,evaluated,0.016123952893902116
momentum_in_trend_context,1,6589cb8021b76574,GLD,neutral,momentum_midrange,272,2022-09-12T04:00:00+00:00,2022-09-12T04:00:00+00:00,1,evaluated,0.0004416739123527247,evaluated,-0.015838925269775372,evaluated,-0.01886795904670846
momentum_in_trend_context,1,6589cb8021b76574,GLD,bearish,"fast_below_slow,momentum_depressed,momentum_confirms_trend",273,2022-09-13T04:00:00+00:00,2022-09-30T04:00:00+00:00,14,evaluated,-0.004726493790130237,evaluated,-0.022750097795495305,evaluated,-0.022182941619262597
momentum_in_trend_context,1,6589cb8021b76574,GLD,neutral,momentum_midrange,274,2022-10-03T04:00:00+00:00,2022-10-07T04:00:00+00:00,5,evaluated,0.009548965588639602,evaluated,-0.02324410804427135,evaluated,-0.04567149986292207
momentum_in_trend_context,1,6589cb8021b76574,GLD,bearish,"fast_below_slow,momentum_depressed,momentum_confirms_trend",275,2022-10-10T04:00:00+00:00,2022-10-11T04:00:00+00:00,2,evaluated,-0.0021223346800203213,evaluated,-0.01331279986551781,evaluated,0.002315265275152356
momentum_in_trend_context,1,6589cb8021b76574,GLD,neutral,momentum_midrange,276,2022-10-12T04:00:00+00:00,2022-10-12T04:00:00+00:00,1,evaluated,0.009317226833319037,evaluated,-0.011662713942932612,evaluated,0.03368515971373376
momentum_in_trend_context,1,6589cb8021b76574,GLD,bearish,"fast_below_slow,momentum_depressed,momentum_confirms_trend",277,2022-10-13T04:00:00+00:00,2022-10-20T04:00:00+00:00,6,evaluated,-0.006752425114091687,evaluated,-0.016686191747355195,evaluated,0.061420537544872644
momentum_in_trend_context,1,6589cb8021b76574,GLD,neutral,momentum_midrange,278,2022-10-21T04:00:00+00:00,2022-10-21T04:00:00+00:00,1,evaluated,0.0013033362803496207,evaluated,-0.0018898226907794191,evaluated,0.06086670917980497
momentum_in_trend_context,1,6589cb8021b76574,GLD,bearish,"fast_below_slow,momentum_depressed,momentum_confirms_trend",279,2022-10-24T04:00:00+00:00,2022-10-24T04:00:00+00:00,1,evaluated,0.00025976412307615604,evaluated,-0.013315166032486059,evaluated,0.051441918833275535
momentum_in_trend_context,1,6589cb8021b76574,GLD,neutral,momentum_midrange,280,2022-10-25T04:00:00+00:00,2022-10-27T04:00:00+00:00,3,evaluated,0.0012921369028267016,evaluated,-0.008528182425636799,evaluated,0.04709916399028269
momentum_in_trend_context,1,6589cb8021b76574,GLD,bearish,"fast_below_slow,momentum_depressed,momentum_confirms_trend",281,2022-10-28T04:00:00+00:00,2022-10-31T04:00:00+00:00,2,evaluated,-0.0016430073211298746,evaluated,0.028325430171286303,evaluated,0.0642086539072868
momentum_in_trend_context,1,6589cb8021b76574,GLD,neutral,momentum_midrange,282,2022-11-01T04:00:00+00:00,2022-11-01T04:00:00+00:00,1,evaluated,-0.01148160502344342,evaluated,0.03431495303884091,evaluated,0.06908402726706742
momentum_in_trend_context,1,6589cb8021b76574,GLD,bearish,"fast_below_slow,momentum_depressed,momentum_confirms_trend",283,2022-11-02T04:00:00+00:00,2022-11-03T04:00:00+00:00,2,evaluated,0.007365631272924222,evaluated,0.05275379634528199,evaluated,0.11373589739046341
momentum_in_trend_context,1,6589cb8021b76574,GLD,neutral,"fast_below_slow,momentum_elevated,momentum_contradicts_trend",284,2022-11-04T04:00:00+00:00,2022-11-14T05:00:00+00:00,7,evaluated,-0.0023684234688027272,evaluated,0.05338622630086998,evaluated,0.05229802909425785
momentum_in_trend_context,1,6589cb8021b76574,GLD,bullish,"fast_above_slow,momentum_elevated,momentum_confirms_trend",285,2022-11-15T05:00:00+00:00,2022-12-14T05:00:00+00:00,21,evaluated,-0.0017532708935446006,evaluated,-0.020192226975058847,evaluated,0.0162626345556538
momentum_in_trend_context,1,6589cb8021b76574,GLD,neutral,momentum_midrange,286,2022-12-15T05:00:00+00:00,2022-12-15T05:00:00+00:00,1,evaluated,0.004637929128156193,evaluated,0.004457235365206813,evaluated,0.06969034916082628
momentum_in_trend_context,1,6589cb8021b76574,GLD,bullish,"fast_above_slow,momentum_elevated,momentum_confirms_trend",287,2022-12-16T05:00:00+00:00,2022-12-21T05:00:00+00:00,4,evaluated,-0.0023393880027718916,evaluated,0.0032990688670100354,evaluated,0.06220379521060204
momentum_in_trend_context,1,6589cb8021b76574,GLD,neutral,momentum_midrange,288,2022-12-22T05:00:00+00:00,2022-12-22T05:00:00+00:00,1,evaluated,0.0022770230878785824,evaluated,0.01653879689645299,evaluated,0.08029718063523661
momentum_in_trend_context,1,6589cb8021b76574,GLD,bullish,"fast_above_slow,momentum_elevated,momentum_confirms_trend",289,2022-12-23T05:00:00+00:00,2023-02-02T05:00:00+00:00,27,evaluated,0.004645891846640771,evaluated,0.018881399609682603,evaluated,0.07874204103141014
momentum_in_trend_context,1,6589cb8021b76574,GLD,neutral,"fast_above_slow,momentum_depressed,momentum_contradicts_trend",290,2023-02-03T05:00:00+00:00,2023-02-27T05:00:00+00:00,16,evaluated,-0.0016655751255886253,evaluated,-0.004307621603416467,evaluated,-0.01430133527330546
momentum_in_trend_context,1,6589cb8021b76574,GLD,bearish,"fast_below_slow,momentum_depressed,momentum_confirms_trend",291,2023-02-28T05:00:00+00:00,2023-03-02T05:00:00+00:00,3,evaluated,-0.0011114503936714426,evaluated,-0.0136297272456819,evaluated,0.07306233235526527
momentum_in_trend_context,1,6589cb8021b76574,GLD,neutral,momentum_midrange,292,2023-03-03T05:00:00+00:00,2023-03-06T05:00:00+00:00,2,evaluated,-0.004062280508810412,evaluated,0.008994822000282676,evaluated,0.06325437229106035
momentum_in_trend_context,1,6589cb8021b76574,GLD,bearish,"fast_below_slow,momentum_depressed,momentum_confirms_trend",293,2023-03-07T05:00:00+00:00,2023-03-08T05:00:00+00:00,2,evaluated,-0.0004152026805369635,evaluated,0.04875156391048896,evaluated,0.11488046407134833
momentum_in_trend_context,1,6589cb8021b76574,GLD,neutral,momentum_midrange,294,2023-03-09T05:00:00+00:00,2023-03-23T04:00:00+00:00,11,evaluated,0.011283676636133055,evaluated,0.038620455599966075,evaluated,0.08468570602942727
momentum_in_trend_context,1,6589cb8021b76574,GLD,bullish,"fast_above_slow,momentum_elevated,momentum_confirms_trend",295,2023-03-24T04:00:00+00:00,2023-04-18T04:00:00+00:00,17,evaluated,0.0044162466393178335,evaluated,0.011427035020501464,evaluated,0.0202042715176729
momentum_in_trend_context,1,6589cb8021b76574,GLD,neutral,momentum_midrange,296,2023-04-19T04:00:00+00:00,2023-04-19T04:00:00+00:00,1,evaluated,-0.0002686314167925641,evaluated,-0.007521187821397546,evaluated,-0.010261113507963104
momentum_in_trend_context,1,6589cb8021b76574,GLD,bullish,"fast_above_slow,momentum_elevated,momentum_confirms_trend",297,2023-04-20T04:00:00+00:00,2023-04-20T04:00:00+00:00,1,evaluated,-0.003946349575087549,evaluated,-0.0012433545942871493,evaluated,-0.01697480517987149
momentum_in_trend_context,1,6589cb8021b76574,GLD,neutral,momentum_midrange,298,2023-04-21T04:00:00+00:00,2023-04-24T04:00:00+00:00,2,evaluated,0.004020156489001447,evaluated,0.003965859175814934,evaluated,-0.0023361108136041864
momentum_in_trend_context,1,6589cb8021b76574,GLD,bullish,"fast_above_slow,momentum_elevated,momentum_confirms_trend",299,2023-04-25T04:00:00+00:00,2023-04-25T04:00:00+00:00,1,evaluated,-0.010126985694691504,evaluated,0.004768790475075502,evaluated,-0.017146290110427787
momentum_in_trend_context,1,6589cb8021b76574,GLD,neutral,momentum_midrange,300,2023-04-26T04:00:00+00:00,2023-05-01T04:00:00+00:00,4,evaluated,0.004622110558601067,evaluated,0.028330651912907845,evaluated,-0.010603572664280914
momentum_in_trend_context,1,6589cb8021b76574,GLD,bullish,"fast_above_slow,momentum_elevated,momentum_confirms_trend",301,2023-05-02T04:00:00+00:00,2023-05-10T04:00:00+00:00,7,evaluated,0.007995309392463401,evaluated,0.0075156103487139525,evaluated,-0.028196755337790536
momentum_in_trend_context,1,6589cb8021b76574,GLD,neutral,momentum_midrange,302,2023-05-11T04:00:00+00:00,2023-05-30T04:00:00+00:00,13,evaluated,-0.003307875694473217,evaluated,-0.029824449428220712,evaluated,-0.028757400631029828
momentum_in_trend_context,1,6589cb8021b76574,GLD,bearish,"fast_below_slow,momentum_depressed,momentum_confirms_trend",303,2023-05-31T04:00:00+00:00,2023-05-31T04:00:00+00:00,1,evaluated,0.005196635637707336,evaluated,-0.014550646559998937,evaluated,-0.031289323872288555
momentum_in_trend_context,1,6589cb8021b76574,GLD,neutral,momentum_midrange,304,2023-06-01T04:00:00+00:00,2023-06-01T04:00:00+00:00,1,evaluated,-0.013512754013153883,evaluated,-0.005448700521174965,evaluated,-0.028660134810774562
momentum_in_trend_context,1,6589cb8021b76574,GLD,bearish,"fast_below_slow,momentum_depressed,momentum_confirms_trend",305,2023-06-02T04:00:00+00:00,2023-06-02T04:00:00+00:00,1,evaluated,0.007467261207200648,evaluated,0.006914099487915992,evaluated,-0.012832524761245412
momentum_in_trend_context,1,6589cb8021b76574,GLD,neutral,momentum_midrange,306,2023-06-05T04:00:00+00:00,2023-06-06T04:00:00+00:00,2,evaluated,-0.00010969660229209754,evaluated,-0.0026321327370725234,evaluated,-0.02478616065657302
momentum_in_trend_context,1,6589cb8021b76574,GLD,bearish,"fast_below_slow,momentum_depressed,momentum_confirms_trend",307,2023-06-07T04:00:00+00:00,2023-06-07T04:00:00+00:00,1,evaluated,0.0029120812049279188,evaluated,-0.0074725308261074375,evaluated,-0.0184615418151185
momentum_in_trend_context,1,6589cb8021b76574,GLD,neutral,momentum_midrange,308,2023-06-08T04:00:00+00:00,2023-06-12T04:00:00+00:00,3,evaluated,-0.0017548109407090617,evaluated,-0.002467629670629856,evaluated,-0.019631508110729112
momentum_in_trend_context,1,6589cb8021b76574,GLD,bearish,"fast_below_slow,momentum_depressed,momentum_confirms_trend",309,2023-06-13T04:00:00+00:00,2023-06-14T04:00:00+00:00,2,evaluated,-0.005779090966198996,evaluated,-0.012108519559031139,evaluated,0.001761197980790774
momentum_in_trend_context,1,6589cb8021b76574,GLD,neutral,momentum_midrange,310,2023-06-15T04:00:00+00:00,2023-06-16T04:00:00+00:00,2,evaluated,-0.0016489188426636048,evaluated,-0.02050236837081787,evaluated,-0.0020337224871265214
momentum_in_trend_context,1,6589cb8021b76574,GLD,bearish,"fast_below_slow,momentum_depressed,momentum_confirms_trend",311,2023-06-20T04:00:00+00:00,2023-07-07T04:00:00+00:00,13,evaluated,0.0018979157592164952,evaluated,-0.008149547891816988,evaluated,0.025230278685204333
momentum_in_trend_context,1,6589cb8021b76574,GLD,neutral,momentum_midrange,312,2023-07-10T04:00:00+00:00,2023-08-15T04:00:00+00:00,27,evaluated,0.00011148789654735758,evaluated,0.011870952292024395,evaluated,0.0019506555080124333
momentum_in_trend_context,1,6589cb8021b76574,GLD,bearish,"fast_below_slow,momentum_depressed,momentum_confirms_trend",313,2023-08-16T04:00:00+00:00,2023-08-22T04:00:00+00:00,5,evaluated,-0.006967630068795527,evaluated,0.007704076472871302,evaluated,0.003625442667388068
momentum_in_trend_context,1,6589cb8021b76574,GLD,neutral,momentum_midrange,314,2023-08-23T04:00:00+00:00,2023-09-11T04:00:00+00:00,13,evaluated,0.001069472236236324,evaluated,0.014972439532132453,evaluated,0.0021952008421106672
momentum_in_trend_context,1,6589cb8021b76574,GLD,bearish,"fast_below_slow,momentum_depressed,momentum_confirms_trend",315,2023-09-12T04:00:00+00:00,2023-09-14T04:00:00+00:00,3,evaluated,-0.002534765680934914,evaluated,0.009519531645506563,evaluated,-0.028164254122571952
momentum_in_trend_context,1,6589cb8021b76574,GLD,neutral,momentum_midrange,316,2023-09-15T04:00:00+00:00,2023-09-25T04:00:00+00:00,7,evaluated,0.00318751841004139,evaluated,-0.0011185113457052864,evaluated,5.589143511119943e-05
momentum_in_trend_context,1,6589cb8021b76574,GLD,bearish,"fast_below_slow,momentum_depressed,momentum_confirms_trend",317,2023-09-26T04:00:00+00:00,2023-10-10T04:00:00+00:00,11,evaluated,-0.006675404464111967,evaluated,-0.03486050357397974,evaluated,0.043818066346609674
momentum_in_trend_context,1,6589cb8021b76574,GLD,neutral,momentum_midrange,318,2023-10-11T04:00:00+00:00,2023-10-27T04:00:00+00:00,13,evaluated,-0.004596133879000597,evaluated,0.039124426370862775,evaluated,0.038549964425964145
momentum_in_trend_context,1,6589cb8021b76574,GLD,bullish,"fast_above_slow,momentum_elevated,momentum_confirms_trend",319,2023-10-30T04:00:00+00:00,2023-11-07T05:00:00+00:00,7,evaluated,-0.0053490678807522896,evaluated,-0.00934728609478963,evaluated,0.02258478838571043
momentum_in_trend_context,1,6589cb8021b76574,GLD,neutral,momentum_midrange,320,2023-11-08T05:00:00+00:00,2023-11-15T05:00:00+00:00,6,evaluated,0.002818044964443489,evaluated,0.0036468321233855683,evaluated,0.039617628125815374
momentum_in_trend_context,1,6589cb8021b76574,GLD,bullish,"fast_above_slow,momentum_elevated,momentum_confirms_trend",321,2023-11-16T05:00:00+00:00,2023-12-07T05:00:00+00:00,15,evaluated,-0.0015764760509764386,evaluated,0.008480090789625638,evaluated,0.016525294494369236
momentum_in_trend_context,1,6589cb8021b76574,GLD,neutral,momentum_midrange,322,2023-12-08T05:00:00+00:00,2023-12-12T05:00:00+00:00,3,evaluated,-0.004932269171324499,evaluated,0.013550135501354976,evaluated,0.018590746210196407
momentum_in_trend_context,1,6589cb8021b76574,GLD,bullish,"fast_above_slow,momentum_elevated,momentum_confirms_trend",323,2023-12-13T05:00:00+00:00,2023-12-14T05:00:00+00:00,2,evaluated,-0.0006883664216474905,evaluated,-0.004024115770305037,evaluated,0.004500720643696887
momentum_in_trend_context,1,6589cb8021b76574,GLD,neutral,momentum_midrange,324,2023-12-15T05:00:00+00:00,2023-12-15T05:00:00+00:00,1,evaluated,0.0018666992187499343,evaluated,0.01477335611979158,evaluated,-0.00885335286458333
momentum_in_trend_context,1,6589cb8021b76574,GLD,bullish,"fast_above_slow,momentum_elevated,momentum_confirms_trend",325,2023-12-18T05:00:00+00:00,2024-01-02T05:00:00+00:00,10,evaluated,0.004781433223725928,evaluated,0.01854117607384853,evaluated,-0.004568881845996575
momentum_in_trend_context,1,6589cb8021b76574,GLD,neutral,momentum_midrange,326,2024-01-03T05:00:00+00:00,2024-01-11T05:00:00+00:00,7,evaluated,0.0012693330380781909,evaluated,-0.008356260925290404,evaluated,0.007034069273190724
momentum_in_trend_context,1,6589cb8021b76574,GLD,bullish,"fast_above_slow,momentum_elevated,momentum_confirms_trend",327,2024-01-12T05:00:00+00:00,2024-01-12T05:00:00+00:00,1,evaluated,-0.006555592251584197,evaluated,-0.01020350376980439,evaluated,-0.010785056050539588
momentum_in_trend_context,1,6589cb8021b76574,GLD,neutral,momentum_midrange,328,2024-01-16T05:00:00+00:00,2024-02-12T05:00:00+00:00,20,evaluated,-0.007847959211271016,evaluated,0.0034167924723198517,evaluated,-0.014841699938772601
momentum_in_trend_context,1,6589cb8021b76574,GLD,bearish,"fast_below_slow,momentum_depressed,momentum_confirms_trend",329,2024-02-13T05:00:00+00:00,2024-02-15T05:00:00+00:00,3,evaluated,0.0008139897596279866,evaluated,0.017420043309554822,evaluated,0.09182177118706458
momentum_in_trend_context,1,6589cb8021b76574,GLD,neutral,momentum_midrange,330,2024-02-16T05:00:00+00:00,2024-03-05T05:00:00+00:00,12,evaluated,-0.002606966778363695,evaluated,0.0012768154171240997,evaluated,0.06421574608583569
momentum_in_trend_context,1,6589cb8021b76574,GLD,bullish,"fast_above_slow,momentum_elevated,momentum_confirms_trend",331,2024-03-06T05:00:00+00:00,2024-04-29T04:00:00+00:00,38,evaluated,0.0020046565537357175,evaluated,0.008269064903231538,evaluated,0.06003814467984481
momentum_in_trend_context,1,6589cb8021b76574,GLD,neutral,momentum_midrange,332,2024-04-30T04:00:00+00:00,2024-05-03T04:00:00+00:00,4,evaluated,0.003897382353958978,evaluated,0.005869646696994524,evaluated,0.015026281214113979
momentum_in_trend_context,1,6589cb8021b76574,GLD,bullish,"fast_above_slow,momentum_elevated,momentum_confirms_trend",333,2024-05-06T04:00:00+00:00,2024-05-06T04:00:00+00:00,1,evaluated,-0.001445075295635423,evaluated,0.008111086144511948,evaluated,0.0034961774429551618
momentum_in_trend_context,1,6589cb8021b76574,GLD,neutral,momentum_midrange,334,2024-05-07T04:00:00+00:00,2024-05-08T04:00:00+00:00,2,evaluated,-0.00018721696024226464,evaluated,0.020925013214474486,evaluated,0.019661138016257462
momentum_in_trend_context,1,6589cb8021b76574,GLD,bullish,"fast_above_slow,momentum_elevated,momentum_confirms_trend",335,2024-05-09T04:00:00+00:00,2024-05-22T04:00:00+00:00,10,evaluated,-0.002326404999525966,evaluated,0.003694907189505381,evaluated,-0.03475957975894706
momentum_in_trend_context,1,6589cb8021b76574,GLD,neutral,momentum_midrange,336,2024-05-23T04:00:00+00:00,2024-06-05T04:00:00+00:00,9,evaluated,-0.00479354956092648,evaluated,-0.007651196583426723,evaluated,-0.006130170491784326
momentum_in_trend_context,1,6589cb8021b76574,GLD,bullish,"fast_above_slow,momentum_elevated,momentum_confirms_trend",337,2024-06-06T04:00:00+00:00,2024-06-06T04:00:00+00:00,1,evaluated,-0.016134286988106594,evaluated,-0.009764290844840429,evaluated,0.014506881531296534
momentum_in_trend_context,1,6589cb8021b76574,GLD,neutral,"fast_above_slow,momentum_depressed,momentum_contradicts_trend",338,2024-06-07T04:00:00+00:00,2024-06-25T04:00:00+00:00,12,evaluated,0.0019236540793294843,evaluated,0.012199084057433085,evaluated,0.025477373205930798
momentum_in_trend_context,1,6589cb8021b76574,GLD,bearish,"fast_below_slow,momentum_depressed,momentum_confirms_trend",339,2024-06-26T04:00:00+00:00,2024-06-26T04:00:00+00:00,1,evaluated,0.0013040788530644942,evaluated,0.01527641319329831,evaluated,0.016859927362452565
momentum_in_trend_context,1,6589cb8021b76574,GLD,neutral,momentum_midrange,340,2024-06-27T04:00:00+00:00,2024-07-12T04:00:00+00:00,11,evaluated,-0.0029215585447768255,evaluated,0.024531595720208355,evaluated,0.02314044475648247
momentum_in_trend_context,1,6589cb8021b76574,GLD,bullish,"fast_above_slow,momentum_elevated,momentum_confirms_trend",341,2024-07-15T04:00:00+00:00,2024-07-18T04:00:00+00:00,4,evaluated,0.012597012092852689,evaluated,-0.016189815683707143,evaluated,0.013129326919204765
momentum_in_trend_context,1,6589cb8021b76574,GLD,neutral,momentum_midrange,342,2024-07-19T04:00:00+00:00,2024-07-22T04:00:00+00:00,2,evaluated,0.000992874893424922,evaluated,-0.004287376750572114,evaluated,0.04698079057715043
momentum_in_trend_context,1,6589cb8021b76574,GLD,bullish,"fast_above_slow,momentum_elevated,momentum_confirms_trend",343,2024-07-23T04:00:00+00:00,2024-07-23T04:00:00+00:00,1,evaluated,-0.007473030652091817,evaluated,-0.00425111622612806,evaluated,0.04022913788900628
momentum_in_trend_context,1,6589cb8021b76574,GLD,neutral,momentum_midrange,344,2024-07-24T04:00:00+00:00,2024-07-30T04:00:00+00:00,5,evaluated,-0.0031504083094979762,evaluated,0.03438041563513794,evaluated,0.05994881457352963
momentum_in_trend_context,1,6589cb8021b76574,GLD,bullish,"fast_above_slow,momentum_elevated,momentum_confirms_trend",345,2024-07-31T04:00:00+00:00,2024-08-02T04:00:00+00:00,3,evaluated,-0.004278032976992141,evaluated,-0.027300001285361475,evaluated,0.022095767775691444
momentum_in_trend_context,1,6589cb8021b76574,GLD,neutral,momentum_midrange,346,2024-08-05T04:00:00+00:00,2024-08-07T04:00:00+00:00,3,evaluated,-0.0036117519266718467,evaluated,0.031196404795076127,evaluated,0.039683942601051125
momentum_in_trend_context,1,6589cb8021b76574,GLD,bullish,"fast_above_slow,momentum_elevated,momentum_confirms_trend",347,2024-08-08T04:00:00+00:00,2024-08-30T04:00:00+00:00,17,evaluated,-0.0011565241399981163,evaluated,0.00929630935771919,evaluated,0.025842884838158664
momentum_in_trend_context,1,6589cb8021b76574,GLD,neutral,momentum_midrange,348,2024-09-03T04:00:00+00:00,2024-09-03T04:00:00+00:00,1,evaluated,0.0027851490854586824,evaluated,0.012315600825710371,evaluated,0.0688455014858711
momentum_in_trend_context,1,6589cb8021b76574,GLD,bullish,"fast_above_slow,momentum_elevated,momentum_confirms_trend",349,2024-09-04T04:00:00+00:00,2024-09-05T04:00:00+00:00,2,evaluated,-0.0015898724443397239,evaluated,-0.0020195995971029612,evaluated,0.05560331030221355
momentum_in_trend_context,1,6589cb8021b76574,GLD,neutral,momentum_midrange,350,2024-09-06T04:00:00+00:00,2024-09-06T04:00:00+00:00,1,evaluated,0.00147025687432345,evaluated,0.032085091867136484,evaluated,0.05941367214188831
momentum_in_trend_context,1,6589cb8021b76574,GLD,bullish,"fast_above_slow,momentum_elevated,momentum_confirms_trend",351,2024-09-09T04:00:00+00:00,2024-10-08T04:00:00+00:00,22,evaluated,0.0009896971820779754,evaluated,0.026980525362229724,evaluated,0.05069064421978564
momentum_in_trend_context,1,6589cb8021b76574,GLD,neutral,momentum_midrange,352,2024-10-09T04:00:00+00:00,2024-10-09T04:00:00+00:00,1,evaluated,0.004342983137703538,evaluated,0.022252510770362166,evaluated,0.016255087919642808
momentum_in_trend_context,1,6589cb8021b76574,GLD,bullish,"fast_above_slow,momentum_elevated,momentum_confirms_trend",353,2024-10-10T04:00:00+00:00,2024-11-05T05:00:00+00:00,19,evaluated,0.00396728515625,evaluated,0.016891635512525482,evaluated,0.021063369719772407
momentum_in_trend_context,1,6589cb8021b76574,GLD,neutral,"fast_above_slow,momentum_depressed,momentum_contradicts_trend",354,2024-11-06T05:00:00+00:00,2024-11-21T05:00:00+00:00,12,evaluated,0.00547746847286068,evaluated,-0.04293362073209128,evaluated,-0.021869559074511935
momentum_in_trend_context,1,6589cb8021b76574,GLD,bullish,"fast_above_slow,momentum_elevated,momentum_confirms_trend",355,2024-11-22T05:00:00+00:00,2024-11-22T05:00:00+00:00,1,evaluated,-0.007327991622439578,evaluated,-0.0033978868323467637,evaluated,-0.013550569045316596
momentum_in_trend_context,1,6589cb8021b76574,GLD,neutral,momentum_midrange,356,2024-11-25T05:00:00+00:00,2024-12-17T05:00:00+00:00,16,evaluated,0.0009887941483102125,evaluated,0.0050265169468366455,evaluated,-0.00523259955226385
momentum_in_trend_context,1,6589cb8021b76574,GLD,bearish,"fast_below_slow,momentum_depressed,momentum_confirms_trend",357,2024-12-18T05:00:00+00:00,2024-12-19T05:00:00+00:00,2,evaluated,-0.00029203515652531653,evaluated,0.014186210961944168,evaluated,0.05616058253723999
momentum_in_trend_context,1,6589cb8021b76574,GLD,neutral,momentum_midrange,358,2024-12-20T05:00:00+00:00,2024-12-20T05:00:00+00:00,1,evaluated,-0.0026490040293054573,evaluated,-0.004014905613402675,evaluated,0.051614242159250034
momentum_in_trend_context,1,6589cb8021b76574,GLD,bearish,"fast_below_slow,momentum_depressed,momentum_confirms_trend",359,2024-12-23T05:00:00+00:00,2024-12-23T05:00:00+00:00,1,evaluated,-0.00020706054337815694,evaluated,0.002650210671623743,evaluated,0.0586359190079242
momentum_in_trend_context,1,6589cb8021b76574,GLD,neutral,momentum_midrange,360,2024-12-24T05:00:00+00:00,2024-12-27T05:00:00+00:00,3,evaluated,0.002805429004012483,evaluated,0.012500510693207456,evaluated,0.04373120231943162
momentum_in_trend_context,1,6589cb8021b76574,GLD,bearish,"fast_below_slow,momentum_depressed,momentum_confirms_trend",361,2024-12-30T05:00:00+00:00,2024-12-30T05:00:00+00:00,1,evaluated,0.004480405797061104,evaluated,0.014561271364440742,evaluated,0.07052472319430225
momentum_in_trend_context,1,6589cb8021b76574,GLD,neutral,momentum_midrange,362,2024-12-31T05:00:00+00:00,2024-12-31T05:00:00+00:00,1,evaluated,0.004913589969061327,evaluated,0.006715254202977361,evaluated,0.05871753446160821
trend_crossover,1,f1126ca778e6f7ce,GLD,neutral,relationship_unchanged,0,2015-01-02T05:00:00+00:00,2015-02-27T05:00:00+00:00,39,evaluated,0.00888660292131771,evaluated,0.021606581140519276,evaluated,0.06656211422635483
trend_crossover,1,f1126ca778e6f7ce,GLD,bearish,"crossed_below,fast_below_slow",1,2015-03-02T05:00:00+00:00,2015-03-02T05:00:00+00:00,1,evaluated,-0.004912096607437633,evaluated,-0.03507410946839806,evaluated,-0.019734582018784863
trend_crossover,1,f1126ca778e6f7ce,GLD,neutral,relationship_unchanged,2,2015-03-03T05:00:00+00:00,2015-04-16T04:00:00+00:00,32,evaluated,-0.0050993634697722445,evaluated,-0.03699221168701938,evaluated,-0.017631748832676264
trend_crossover,1,f1126ca778e6f7ce,GLD,bullish,"crossed_above,fast_above_slow",3,2015-04-17T04:00:00+00:00,2015-04-17T04:00:00+00:00,1,evaluated,-0.0008709151226865552,evaluated,-0.015415403655903326,evaluated,0.02360215199159965
trend_crossover,1,f1126ca778e6f7ce,GLD,neutral,relationship_unchanged,4,2015-04-20T04:00:00+00:00,2015-06-09T04:00:00+00:00,36,evaluated,0.005753103431764384,evaluated,0.005317299545508414,evaluated,0.024407212278323875
trend_crossover,1,f1126ca778e6f7ce,GLD,bearish,"crossed_below,fast_below_slow",5,2015-06-10T04:00:00+00:00,2015-06-10T04:00:00+00:00,1,evaluated,-8.8236136065456e-05,evaluated,0.005120524836619955,evaluated,-0.01686232973709334
trend_crossover,1,f1126ca778e6f7ce,GLD,neutral,relationship_unchanged,6,2015-06-11T04:00:00+00:00,2015-09-03T04:00:00+00:00,60,evaluated,0.001503677711046647,evaluated,0.019989405492948142,evaluated,-0.013886429583642612
trend_crossover,1,f1126ca778e6f7ce,GLD,bullish,"crossed_above,fast_above_slow",7,2015-09-04T04:00:00+00:00,2015-09-04T04:00:00+00:00,1,evaluated,-0.0007435114515724761,evaluated,-0.012825253466428932,evaluated,0.010873589084917201
trend_crossover,1,f1126ca778e6f7ce,GLD,neutral,relationship_unchanged,8,2015-09-08T04:00:00+00:00,2015-11-11T05:00:00+00:00,47,evaluated,-0.0047824656709438695,evaluated,-0.006939214816249928,evaluated,0.030195060381964733
trend_crossover,1,f1126ca778e6f7ce,GLD,bearish,"crossed_below,fast_below_slow",9,2015-11-12T05:00:00+00:00,2015-11-12T05:00:00+00:00,1,evaluated,0.00019312963965223418,evaluated,0.00019312963965223418,evaluated,-0.0041529872645702515
trend_crossover,1,f1126ca778e6f7ce,GLD,neutral,relationship_unchanged,10,2015-11-13T05:00:00+00:00,2016-01-13T05:00:00+00:00,41,evaluated,-0.002596694207963157,evaluated,-0.008559405561738953,evaluated,-0.02106176544242455
trend_crossover,1,f1126ca778e6f7ce,GLD,bullish,"crossed_above,fast_above_slow",11,2016-01-14T05:00:00+00:00,2016-01-14T05:00:00+00:00,1,evaluated,-0.008006065121522798,evaluated,0.0007625031686129269,evaluated,0.12809762367479993
trend_crossover,1,f1126ca778e6f7ce,GLD,neutral,relationship_unchanged,12,2016-01-15T05:00:00+00:00,2016-04-15T04:00:00+00:00,63,evaluated,-0.0007687315350465296,evaluated,0.019411919275930334,evaluated,0.10292138512152182
trend_crossover,1,f1126ca778e6f7ce,GLD,bearish,"crossed_below,fast_below_slow",13,2016-04-18T04:00:00+00:00,2016-04-18T04:00:00+00:00,1,evaluated,-0.0024192951437603805,evaluated,-0.013681482873705852,evaluated,0.016100778017466233
trend_crossover,1,f1126ca778e6f7ce,GLD,neutral,relationship_unchanged,14,2016-04-19T04:00:00+00:00,2016-04-28T04:00:00+00:00,8,evaluated,-0.005849393824289728,evaluated,-0.008105634123380834,evaluated,0.021308624473761695
trend_crossover,1,f1126ca778e6f7ce,GLD,bullish,"crossed_above,fast_above_slow",15,2016-04-29T04:00:00+00:00,2016-04-29T04:00:00+00:00,1,evaluated,-0.004362586208214281,evaluated,-0.004847297463549838,evaluated,-0.06592338110508744
trend_crossover,1,f1126ca778e6f7ce,GLD,neutral,relationship_unchanged,16,2016-05-02T04:00:00+00:00,2016-06-03T04:00:00+00:00,24,evaluated,-0.006223262358117321,evaluated,-0.02489292610919569,evaluated,-0.06198986171699661
trend_crossover,1,f1126ca778e6f7ce,GLD,bearish,"crossed_below,fast_below_slow",17,2016-06-06T04:00:00+00:00,2016-06-06T04:00:00+00:00,1,evaluated,0.0027004193656052777,evaluated,0.03493670371011337,evaluated,0.09257384996373941
trend_crossover,1,f1126ca778e6f7ce,GLD,neutral,relationship_unchanged,18,2016-06-07T04:00:00+00:00,2016-06-23T04:00:00+00:00,13,evaluated,0.0023275043407637863,evaluated,0.0205319495315881,evaluated,0.08254357792084988
trend_crossover,1,f1126ca778e6f7ce,GLD,bullish,"crossed_above,fast_above_slow",19,2016-06-24T04:00:00+00:00,2016-06-24T04:00:00+00:00,1,evaluated,0.0018981165701950076,evaluated,0.01558052184961034,evaluated,-0.007671632410420348
trend_crossover,1,f1126ca778e6f7ce,GLD,neutral,relationship_unchanged,20,2016-06-27T04:00:00+00:00,2016-08-31T04:00:00+00:00,47,evaluated,-0.0019114197868436156,evaluated,0.03114052037381354,evaluated,0.0035043202449962507
trend_crossover,1,f1126ca778e6f7ce,GLD,bearish,"crossed_below,fast_below_slow",21,2016-09-01T04:00:00+00:00,2016-09-01T04:00:00+00:00,1,evaluated,0.002217109646583726,evaluated,0.003642403049631371,evaluated,-0.005146896200544648
trend_crossover,1,f1126ca778e6f7ce,GLD,neutral,relationship_unchanged,22,2016-09-02T04:00:00+00:00,2017-01-23T05:00:00+00:00,97,evaluated,0.010282615167176212,evaluated,-0.006357968432392447,evaluated,-0.016326544789186492
trend_crossover,1,f1126ca778e6f7ce,GLD,bullish,"crossed_above,fast_above_slow",23,2017-01-24T05:00:00+00:00,2017-01-24T05:00:00+00:00,1,evaluated,0.0015770133707579959,evaluated,0.012353282544675048,evaluated,0.033029650364645446
trend_crossover,1,f1126ca778e6f7ce,GLD,neutral,relationship_unchanged,24,2017-01-25T05:00:00+00:00,2017-05-17T04:00:00+00:00,79,evaluated,0.00017665376932463062,evaluated,0.017308363841816554,evaluated,0.050335611843564054
trend_crossover,1,f1126ca778e6f7ce,GLD,bearish,"crossed_below,fast_below_slow",25,2017-05-18T04:00:00+00:00,2017-05-18T04:00:00+00:00,1,evaluated,8.377700210737693e-05,evaluated,0.0007538652127085932,evaluated,-0.00041882110740798506
trend_crossover,1,f1126ca778e6f7ce,GLD,neutral,relationship_unchanged,26,2017-05-19T04:00:00+00:00,2017-06-07T04:00:00+00:00,13,evaluated,0.002256994722560801,evaluated,0.0076068183816946355,evaluated,-0.010030903417143633
trend_crossover,1,f1126ca778e6f7ce,GLD,bullish,"crossed_above,fast_above_slow",27,2017-06-08T04:00:00+00:00,2017-06-08T04:00:00+00:00,1,evaluated,0.0006641360755663683,evaluated,-0.00946371740256291,evaluated,-0.04300182919263762
trend_crossover,1,f1126ca778e6f7ce,GLD,neutral,relationship_unchanged,28,2017-06-09T04:00:00+00:00,2017-07-03T04:00:00+00:00,17,evaluated,0.0002493042370181886,evaluated,-0.00822742024515255,evaluated,-0.040388934899004525
trend_crossover,1,f1126ca778e6f7ce,GLD,bearish,"crossed_below,fast_below_slow",29,2017-07-05T04:00:00+00:00,2017-07-05T04:00:00+00:00,1,evaluated,-0.0009435632923644466,evaluated,-0.004717816461822233,evaluated,0.032767195357914725
trend_crossover,1,f1126ca778e6f7ce,GLD,neutral,relationship_unchanged,30,2017-07-06T04:00:00+00:00,2017-08-08T04:00:00+00:00,24,evaluated,-0.004318535198407747,evaluated,0.0003454907233466642,evaluated,0.04154428752208483
trend_crossover,1,f1126ca778e6f7ce,GLD,bullish,"crossed_above,fast_above_slow",31,2017-08-09T04:00:00+00:00,2017-08-09T04:00:00+00:00,1,evaluated,0.0010648529772949722,evaluated,-0.0017201759610331324,evaluated,0.0495576913582485
trend_crossover,1,f1126ca778e6f7ce,GLD,neutral,relationship_unchanged,32,2017-08-10T04:00:00+00:00,2017-10-09T04:00:00+00:00,42,evaluated,0.004499370593664231,evaluated,0.0020451571038033745,evaluated,0.04687502828100021
trend_crossover,1,f1126ca778e6f7ce,GLD,bearish,"crossed_below,fast_below_slow",33,2017-10-10T04:00:00+00:00,2017-10-10T04:00:00+00:00,1,evaluated,0.0017949026780688104,evaluated,-0.00358980535613751,evaluated,-0.01109570542333116
trend_crossover,1,f1126ca778e6f7ce,GLD,neutral,relationship_unchanged,34,2017-10-11T04:00:00+00:00,2017-12-01T05:00:00+00:00,37,evaluated,0.00040705839505461583,evaluated,-0.009524570203722993,evaluated,-0.009850204498088377
trend_crossover,1,f1126ca778e6f7ce,GLD,bullish,"crossed_above,fast_above_slow",35,2017-12-04T05:00:00+00:00,2017-12-04T05:00:00+00:00,1,evaluated,0.0018318170149729252,evaluated,-0.01740213459154183,evaluated,0.03930059351099979
trend_crossover,1,f1126ca778e6f7ce,GLD,neutral,relationship_unchanged,36,2017-12-05T05:00:00+00:00,2017-12-06T05:00:00+00:00,2,evaluated,0.00024990652339296204,evaluated,-0.015744746544765875,evaluated,0.0451516005298882
trend_crossover,1,f1126ca778e6f7ce,GLD,bearish,"crossed_below,fast_below_slow",37,2017-12-07T05:00:00+00:00,2017-12-07T05:00:00+00:00,1,evaluated,-8.434894941455884e-05,evaluated,0.0037134142065908815,evaluated,0.05755759825960438
trend_crossover,1,f1126ca778e6f7ce,GLD,neutral,relationship_unchanged,38,2017-12-08T05:00:00+00:00,2018-01-05T05:00:00+00:00,19,evaluated,-0.003041316228760138,evaluated,0.006842929287818489,evaluated,0.05372983410305121
trend_crossover,1,f1126ca778e6f7ce,GLD,bullish,"crossed_above,fast_above_slow",39,2018-01-08T05:00:00+00:00,2018-01-08T05:00:00+00:00,1,evaluated,0.0019279098504501047,evaluated,0.021527836381751264,evaluated,0.007149163827782967
trend_crossover,1,f1126ca778e6f7ce,GLD,neutral,relationship_unchanged,40,2018-01-09T05:00:00+00:00,2018-03-09T05:00:00+00:00,42,evaluated,-0.0011184740089192902,evaluated,0.0077494705991278945,evaluated,-0.0030358493167433886
trend_crossover,1,f1126ca778e6f7ce,GLD,bearish,"crossed_below,fast_below_slow",41,2018-03-12T04:00:00+00:00,2018-03-12T04:00:00+00:00,1,evaluated,0.0008753132167924615,evaluated,-0.006365842556055434,evaluated,0.011538192080558396
trend_crossover,1,f1126ca778e6f7ce,GLD,neutral,relationship_unchanged,42,2018-03-13T04:00:00+00:00,2018-04-09T04:00:00+00:00,19,evaluated,0.00167343284761734,evaluated,-0.009403142284349797,evaluated,0.020878179864392665
trend_crossover,1,f1126ca778e6f7ce,GLD,bullish,"crossed_above,fast_above_slow",43,2018-04-10T04:00:00+00:00,2018-04-10T04:00:00+00:00,1,evaluated,0.00015617357352537553,evaluated,-0.0026543551222668604,evaluated,-0.027324538215828253
trend_crossover,1,f1126ca778e6f7ce,GLD,neutral,relationship_unchanged,44,2018-04-11T04:00:00+00:00,2018-05-07T04:00:00+00:00,19,evaluated,-0.004950862502302256,evaluated,0.004715115710185458,evaluated,-0.02294694042393175
trend_crossover,1,f1126ca778e6f7ce,GLD,bearish,"crossed_below,fast_below_slow",45,2018-05-08T04:00:00+00:00,2018-05-08T04:00:00+00:00,1,evaluated,-0.0009642034562475921,evaluated,-0.01582959935409156,evaluated,-0.0122940845063515
trend_crossover,1,f1126ca778e6f7ce,GLD,neutral,relationship_unchanged,46,2018-05-09T04:00:00+00:00,2018-10-11T04:00:00+00:00,109,evaluated,-0.000319445097727189,evaluated,-0.023398820289193156,evaluated,-0.018846834270445423
trend_crossover,1,f1126ca778e6f7ce,GLD,bullish,"crossed_above,fast_above_slow",47,2018-10-12T04:00:00+00:00,2018-10-12T04:00:00+00:00,1,evaluated,-0.0010334373384740525,evaluated,-0.0009473011345997318,evaluated,-0.01412331511244913
trend_crossover,1,f1126ca778e6f7ce,GLD,neutral,relationship_unchanged,48,2018-10-15T04:00:00+00:00,2019-03-20T04:00:00+00:00,107,evaluated,-0.005923210787750599,evaluated,-0.006695843365102094,evaluated,-0.02429388147959044
trend_crossover,1,f1126ca778e6f7ce,GLD,bearish,"crossed_below,fast_below_slow",49,2019-03-21T04:00:00+00:00,2019-03-21T04:00:00+00:00,1,evaluated,0.000322770236656611,evaluated,-0.016380204747018734,evaluated,-0.028725873879022923
trend_crossover,1,f1126ca778e6f7ce,GLD,neutral,relationship_unchanged,50,2019-03-22T04:00:00+00:00,2019-06-03T04:00:00+00:00,50,evaluated,0.0028901783671135828,evaluated,-0.020472025307834096,evaluated,-0.03363836620212457
trend_crossover,1,f1126ca778e6f7ce,GLD,bullish,"crossed_above,fast_above_slow",51,2019-06-04T04:00:00+00:00,2019-06-04T04:00:00+00:00,1,evaluated,-0.005626874962398665,evaluated,-0.007925186222708991,evaluated,0.05729912299451012
trend_crossover,1,f1126ca778e6f7ce,GLD,neutral,relationship_unchanged,52,2019-06-05T04:00:00+00:00,2019-10-04T04:00:00+00:00,86,evaluated,-0.00039707021072532545,evaluated,-0.000794079837042494,evaluated,0.06114511680280077
trend_crossover,1,f1126ca778e6f7ce,GLD,bearish,"crossed_below,fast_below_slow",53,2019-10-07T04:00:00+00:00,2019-10-07T04:00:00+00:00,1,evaluated,-0.0007744885678869773,evaluated,-0.010138720367405596,evaluated,0.0008448575527622015
trend_crossover,1,f1126ca778e6f7ce,GLD,neutral,relationship_unchanged,54,2019-10-08T04:00:00+00:00,2019-12-27T05:00:00+00:00,57,evaluated,-0.0007737803004916888,evaluated,-0.017937556176621516,evaluated,-0.01624927897500783
trend_crossover,1,f1126ca778e6f7ce,GLD,bullish,"crossed_above,fast_above_slow",55,2019-12-30T05:00:00+00:00,2019-12-30T05:00:00+00:00,1,evaluated,-0.0028609564517070307,evaluated,0.03251694746700484,evaluated,0.0359361471147035
trend_crossover,1,f1126ca778e6f7ce,GLD,neutral,relationship_unchanged,56,2019-12-31T05:00:00+00:00,2020-03-30T04:00:00+00:00,62,evaluated,0.000625582771505595,evaluated,0.020853607585652467,evaluated,0.03204504789929663
trend_crossover,1,f1126ca778e6f7ce,GLD,bearish,"crossed_below,fast_below_slow",57,2020-03-31T04:00:00+00:00,2020-03-31T04:00:00+00:00,1,evaluated,0.008434548081917681,evaluated,0.05290146085919756,evaluated,0.09129554020181341
trend_crossover,1,f1126ca778e6f7ce,GLD,neutral,relationship_unchanged,58,2020-04-01T04:00:00+00:00,2020-04-13T04:00:00+00:00,8,evaluated,0.004629609539488433,evaluated,0.022817440594414595,evaluated,0.050264591646236756
trend_crossover,1,f1126ca778e6f7ce,GLD,bullish,"crossed_above,fast_above_slow",59,2020-04-14T04:00:00+00:00,2020-04-14T04:00:00+00:00,1,evaluated,0.00030904234125261887,evaluated,-0.01971571311025133,evaluated,-0.010877686850611412
trend_crossover,1,f1126ca778e6f7ce,GLD,neutral,relationship_unchanged,60,2020-04-15T04:00:00+00:00,2020-09-23T04:00:00+00:00,113,evaluated,-0.0010501492699384052,evaluated,-0.0009266688333869899,evaluated,-0.0018532434068987413
trend_crossover,1,f1126ca778e6f7ce,GLD,bearish,"crossed_below,fast_below_slow",61,2020-09-24T04:00:00+00:00,2020-09-24T04:00:00+00:00,1,evaluated,0.0030388095187685593,evaluated,0.024597174451323145,evaluated,0.02534257253676997
trend_crossover,1,f1126ca778e6f7ce,GLD,neutral,relationship_unchanged,62,2020-09-25T04:00:00+00:00,2021-01-04T05:00:00+00:00,69,evaluated,0.00494793327718579,evaluated,0.015412565699009617,evaluated,0.01598133156646231
trend_crossover,1,f1126ca778e6f7ce,GLD,bullish,"crossed_above,fast_above_slow",63,2021-01-05T05:00:00+00:00,2021-01-05T05:00:00+00:00,1,evaluated,-0.008760876899855385,evaluated,-0.04060835391982043,evaluated,-0.05311586918218225
trend_crossover,1,f1126ca778e6f7ce,GLD,neutral,relationship_unchanged,64,2021-01-06T05:00:00+00:00,2021-02-02T05:00:00+00:00,19,evaluated,-0.001168716740018172,evaluated,-0.03517172485029929,evaluated,-0.0642217618572567
trend_crossover,1,f1126ca778e6f7ce,GLD,bearish,"crossed_below,fast_below_slow",65,2021-02-03T05:00:00+00:00,2021-02-03T05:00:00+00:00,1,evaluated,-0.0008318937265058279,evaluated,0.026264267657431617,evaluated,-0.05496464655668987
trend_crossover,1,f1126ca778e6f7ce,GLD,neutral,relationship_unchanged,66,2021-02-04T05:00:00+00:00,2021-04-23T04:00:00+00:00,55,evaluated,0.004852311017072841,evaluated,0.013136878800757978,evaluated,-0.058287506854445725
trend_crossover,1,f1126ca778e6f7ce,GLD,bullish,"crossed_above,fast_above_slow",67,2021-04-26T04:00:00+00:00,2021-04-26T04:00:00+00:00,1,evaluated,-0.0029954469535395933,evaluated,0.00533189192074901,evaluated,0.05649417707892557
trend_crossover,1,f1126ca778e6f7ce,GLD,neutral,relationship_unchanged,68,2021-04-27T04:00:00+00:00,2021-06-29T04:00:00+00:00,45,evaluated,0.0069985137985482115,evaluated,0.005007552525216896,evaluated,0.07360480813419112
trend_crossover,1,f1126ca778e6f7ce,GLD,bearish,"crossed_below,fast_below_slow",69,2021-06-30T04:00:00+00:00,2021-06-30T04:00:00+00:00,1,evaluated,-0.0027002518135206266,evaluated,0.012001200559553116,evaluated,0.027122738901920185
trend_crossover,1,f1126ca778e6f7ce,GLD,neutral,relationship_unchanged,70,2021-07-01T04:00:00+00:00,2021-09-09T04:00:00+00:00,49,evaluated,-0.0003586066040875968,evaluated,0.011114434075377488,evaluated,0.014759492862971735
trend_crossover,1,f1126ca778e6f7ce,GLD,bullish,"crossed_above,fast_above_slow",71,2021-09-10T04:00:00+00:00,2021-09-10T04:00:00+00:00,1,evaluated,0.0017319113180487289,evaluated,-0.021976666126298672,evaluated,-0.0192296284227369
trend_crossover,1,f1126ca778e6f7ce,GLD,neutral,relationship_unchanged,72,2021-09-13T04:00:00+00:00,2021-09-20T04:00:00+00:00,6,evaluated,0.003566794074198132,evaluated,-0.019498268668976748,evaluated,-0.025561782312177317
trend_crossover,1,f1126ca778e6f7ce,GLD,bearish,"crossed_below,fast_below_slow",73,2021-09-21T04:00:00+00:00,2021-09-21T04:00:00+00:00,1,evaluated,-0.002833210093630578,evaluated,-0.023147847079504236,evaluated,-0.002652374724366302
trend_crossover,1,f1126ca778e6f7ce,GLD,neutral,relationship_unchanged,74,2021-09-22T04:00:00+00:00,2021-11-02T04:00:00+00:00,30,evaluated,-0.0035954392122783396,evaluated,-0.016940881632528604,evaluated,0.017062691583341616
trend_crossover,1,f1126ca778e6f7ce,GLD,bullish,"crossed_above,fast_above_slow",75,2021-11-03T04:00:00+00:00,2021-11-03T04:00:00+00:00,1,evaluated,0.0008357673824812561,evaluated,0.033669629124238654,evaluated,-0.013551364623674678
trend_crossover,1,f1126ca778e6f7ce,GLD,neutral,relationship_unchanged,76,2021-11-04T04:00:00+00:00,2021-12-14T05:00:00+00:00,28,evaluated,0.008431291915351302,evaluated,0.03384394377278421,evaluated,-0.010628151677909647
trend_crossover,1,f1126ca778e6f7ce,GLD,bearish,"crossed_below,fast_below_slow",77,2021-12-15T05:00:00+00:00,2021-12-15T05:00:00+00:00,1,evaluated,0.006885870265844307,evaluated,0.00946052262153696,evaluated,0.01886120147824144
trend_crossover,1,f1126ca778e6f7ce,GLD,neutral,relationship_unchanged,78,2021-12-16T05:00:00+00:00,2022-01-14T05:00:00+00:00,21,evaluated,-0.005511721088898636,evaluated,0.0014224233938322506,evaluated,0.005571045251042017
trend_crossover,1,f1126ca778e6f7ce,GLD,bullish,"crossed_above,fast_above_slow",79,2022-01-18T05:00:00+00:00,2022-01-18T05:00:00+00:00,1,evaluated,0.009918436806502617,evaluated,0.012852881326668397,evaluated,0.015787325846834177
trend_crossover,1,f1126ca778e6f7ce,GLD,neutral,relationship_unchanged,80,2022-01-19T05:00:00+00:00,2022-04-27T04:00:00+00:00,69,evaluated,-0.003830327151417512,evaluated,-0.014624829134502249,evaluated,0.014798926863722306
trend_crossover,1,f1126ca778e6f7ce,GLD,bearish,"crossed_below,fast_below_slow",81,2022-04-28T04:00:00+00:00,2022-04-28T04:00:00+00:00,1,evaluated,-0.0065143124299271715,evaluated,-0.016510374125235372,evaluated,-0.02981980456548572
trend_crossover,1,f1126ca778e6f7ce,GLD,neutral,relationship_unchanged,82,2022-04-29T04:00:00+00:00,2022-08-23T04:00:00+00:00,80,evaluated,0.00011522534641206228,evaluated,0.010425652625024151,evaluated,-0.004377596360601754
trend_crossover,1,f1126ca778e6f7ce,GLD,bullish,"crossed_above,fast_above_slow",83,2022-08-24T04:00:00+00:00,2022-08-24T04:00:00+00:00,1,evaluated,-0.0013417162838647023,evaluated,-0.028663761134672505,evaluated,-0.050436081056860704
trend_crossover,1,f1126ca778e6f7ce,GLD,neutral,relationship_unchanged,84,2022-08-25T04:00:00+00:00,2022-09-02T04:00:00+00:00,7,evaluated,-0.008337424295375429,evaluated,-0.032184895519573375,evaluated,-0.06197891682799772
trend_crossover,1,f1126ca778e6f7ce,GLD,bearish,"crossed_below,fast_below_slow",85,2022-09-06T04:00:00+00:00,2022-09-06T04:00:00+00:00,1,evaluated,0.011318423104673014,evaluated,0.0024660095143835825,evaluated,0.016123952893902116
trend_crossover,1,f1126ca778e6f7ce,GLD,neutral,relationship_unchanged,86,2022-09-07T04:00:00+00:00,2022-11-14T05:00:00+00:00,49,evaluated,-0.003510076358028913,evaluated,-0.010091517350536927,evaluated,0.001692392402052434
trend_crossover,1,f1126ca778e6f7ce,GLD,bullish,"crossed_above,fast_above_slow",87,2022-11-15T05:00:00+00:00,2022-11-15T05:00:00+00:00,1,evaluated,-0.0017532708935446006,evaluated,-0.020192226975058847,evaluated,0.0162626345556538
trend_crossover,1,f1126ca778e6f7ce,GLD,neutral,relationship_unchanged,88,2022-11-16T05:00:00+00:00,2023-02-27T05:00:00+00:00,69,evaluated,0.0007937290929940222,evaluated,-0.004334766983217331,evaluated,0.009524469633853228
trend_crossover,1,f1126ca778e6f7ce,GLD,bearish,"crossed_below,fast_below_slow",89,2023-02-28T05:00:00+00:00,2023-02-28T05:00:00+00:00,1,evaluated,-0.0011114503936714426,evaluated,-0.0136297272456819,evaluated,0.07306233235526527
trend_crossover,1,f1126ca778e6f7ce,GLD,neutral,relationship_unchanged,90,2023-03-01T05:00:00+00:00,2023-03-23T04:00:00+00:00,17,evaluated,0.0008210144624718474,evaluated,-0.011611605305641537,evaluated,0.07043158694534202
trend_crossover,1,f1126ca778e6f7ce,GLD,bullish,"crossed_above,fast_above_slow",91,2023-03-24T04:00:00+00:00,2023-03-24T04:00:00+00:00,1,evaluated,0.0044162466393178335,evaluated,0.011427035020501464,evaluated,0.0202042715176729
trend_crossover,1,f1126ca778e6f7ce,GLD,neutral,relationship_unchanged,92,2023-03-27T04:00:00+00:00,2023-05-30T04:00:00+00:00,45,evaluated,0.006198260643656361,evaluated,0.012231889404871188,evaluated,0.0188689731088425
trend_crossover,1,f1126ca778e6f7ce,GLD,bearish,"crossed_below,fast_below_slow",93,2023-05-31T04:00:00+00:00,2023-05-31T04:00:00+00:00,1,evaluated,0.005196635637707336,evaluated,-0.014550646559998937,evaluated,-0.031289323872288555
trend_crossover,1,f1126ca778e6f7ce,GLD,neutral,relationship_unchanged,94,2023-06-01T04:00:00+00:00,2023-07-28T04:00:00+00:00,40,evaluated,-0.013512754013153883,evaluated,-0.005448700521174965,evaluated,-0.028660134810774562
trend_crossover,1,f1126ca778e6f7ce,GLD,bullish,"crossed_above,fast_above_slow",95,2023-07-31T04:00:00+00:00,2023-07-31T04:00:00+00:00,1,evaluated,-0.0021564798257469597,evaluated,-0.005916545690389907,evaluated,-0.015040094713329677
trend_crossover,1,f1126ca778e6f7ce,GLD,neutral,relationship_unchanged,96,2023-08-01T04:00:00+00:00,2023-08-15T04:00:00+00:00,11,evaluated,-0.005371884484456246,evaluated,-0.01068841920743202,evaluated,-0.0038766803934074945
trend_crossover,1,f1126ca778e6f7ce,GLD,bearish,"crossed_below,fast_below_slow",97,2023-08-16T04:00:00+00:00,2023-08-16T04:00:00+00:00,1,evaluated,-0.006967630068795527,evaluated,0.007704076472871302,evaluated,0.003625442667388068
trend_crossover,1,f1126ca778e6f7ce,GLD,neutral,relationship_unchanged,98,2023-08-17T04:00:00+00:00,2023-10-27T04:00:00+00:00,51,evaluated,-0.002843655774288245,evaluated,0.011488393626941207,evaluated,0.014275120745591785
trend_crossover,1,f1126ca778e6f7ce,GLD,bullish,"crossed_above,fast_above_slow",99,2023-10-30T04:00:00+00:00,2023-10-30T04:00:00+00:00,1,evaluated,-0.0053490678807522896,evaluated,-0.00934728609478963,evaluated,0.02258478838571043
trend_crossover,1,f1126ca778e6f7ce,GLD,neutral,relationship_unchanged,100,2023-10-31T04:00:00+00:00,2024-01-30T05:00:00+00:00,62,evaluated,-0.002175026628830734,evaluated,-0.007177463421967789,evaluated,0.030612742710653285
trend_crossover,1,f1126ca778e6f7ce,GLD,bearish,"crossed_below,fast_below_slow",101,2024-01-31T05:00:00+00:00,2024-01-31T05:00:00+00:00,1,evaluated,0.0036898261739981564,evaluated,-0.0063781912974796295,evaluated,-0.0021085295509833957
trend_crossover,1,f1126ca778e6f7ce,GLD,neutral,relationship_unchanged,102,2024-02-01T05:00:00+00:00,2024-03-05T05:00:00+00:00,23,evaluated,0.0028712355245561483,evaluated,0.0013824347142590288,evaluated,0.025628712063164638
trend_crossover,1,f1126ca778e6f7ce,GLD,bullish,"crossed_above,fast_above_slow",103,2024-03-06T05:00:00+00:00,2024-03-06T05:00:00+00:00,1,evaluated,0.0020046565537357175,evaluated,0.008269064903231538,evaluated,0.06003814467984481
trend_crossover,1,f1126ca778e6f7ce,GLD,neutral,relationship_unchanged,104,2024-03-07T05:00:00+00:00,2024-06-14T04:00:00+00:00,70,evaluated,0.0036836352999769506,evaluated,-0.00268800481742959,evaluated,0.07093434239282637
trend_crossover,1,f1126ca778e6f7ce,GLD,bearish,"crossed_below,fast_below_slow",105,2024-06-17T04:00:00+00:00,2024-06-17T04:00:00+00:00,1,evaluated,0.005084412319546594,evaluated,0.0008395963787743987,evaluated,0.059940248866729995
trend_crossover,1,f1126ca778e6f7ce,GLD,neutral,relationship_unchanged,106,2024-06-18T04:00:00+00:00,2024-07-12T04:00:00+00:00,17,evaluated,0.008505899942638395,evaluated,-0.01728922599174365,evaluated,0.04373146789376525
trend_crossover,1,f1126ca778e6f7ce,GLD,bullish,"crossed_above,fast_above_slow",107,2024-07-15T04:00:00+00:00,2024-07-15T04:00:00+00:00,1,evaluated,0.012597012092852689,evaluated,-0.016189815683707143,evaluated,0.013129326919204765
trend_crossover,1,f1126ca778e6f7ce,GLD,neutral,relationship_unchanged,108,2024-07-16T04:00:00+00:00,2024-11-25T05:00:00+00:00,94,evaluated,-0.00681846935780428,evaluated,-0.027142758150753954,evaluated,-0.003190680313653882
trend_crossover,1,f1126ca778e6f7ce,GLD,bearish,"crossed_below,fast_below_slow",109,2024-11-26T05:00:00+00:00,2024-11-26T05:00:00+00:00,1,evaluated,-0.005554423428425825,evaluated,-0.0007351763532087441,evaluated,-0.007269751827346682
trend_crossover,1,f1126ca778e6f7ce,GLD,neutral,relationship_unchanged,110,2024-11-27T05:00:00+00:00,2024-12-31T05:00:00+00:00,23,evaluated,0.0013863255367609906,evaluated,-0.009745155513347314,evaluated,-0.01569829196132777
